product_id,product_name_en,product_title_ar,category_ar,variant_id,variant_name_ar,role,required,file_path,alt_ar
"betafpv-cetus-pro","BetaFPV Cetus Pro Kit","طقم تدريب كامل للمبتدئ","تايني ووب","betafpv-cetus-pro:rtf","الطقم الكامل — طائرة وجهاز تحكّم ونظّارة","main","yes","web/public/assets/store/betafpv-cetus-pro/rtf/01-main.webp","طقم تدريب كامل للمبتدئ — الطقم الكامل — طائرة وجهاز تحكّم ونظّارة"
"betafpv-cetus-pro","BetaFPV Cetus Pro Kit","طقم تدريب كامل للمبتدئ","تايني ووب","betafpv-cetus-pro:rtf","الطقم الكامل — طائرة وجهاز تحكّم ونظّارة","front","no","web/public/assets/store/betafpv-cetus-pro/rtf/02-front.webp","طقم تدريب كامل للمبتدئ — الطقم الكامل — طائرة وجهاز تحكّم ونظّارة، من الأمام"
"betafpv-cetus-pro","BetaFPV Cetus Pro Kit","طقم تدريب كامل للمبتدئ","تايني ووب","betafpv-cetus-pro:rtf","الطقم الكامل — طائرة وجهاز تحكّم ونظّارة","side","no","web/public/assets/store/betafpv-cetus-pro/rtf/03-side.webp","طقم تدريب كامل للمبتدئ — الطقم الكامل — طائرة وجهاز تحكّم ونظّارة، من الجانب"
"betafpv-cetus-pro","BetaFPV Cetus Pro Kit","طقم تدريب كامل للمبتدئ","تايني ووب","betafpv-cetus-pro:rtf","الطقم الكامل — طائرة وجهاز تحكّم ونظّارة","box","no","web/public/assets/store/betafpv-cetus-pro/rtf/04-box.webp","محتويات صندوق طقم تدريب كامل للمبتدئ — الطقم الكامل — طائرة وجهاز تحكّم ونظّارة"
"betafpv-cetus-pro","BetaFPV Cetus Pro Kit","طقم تدريب كامل للمبتدئ","تايني ووب","betafpv-cetus-pro:rtf","الطقم الكامل — طائرة وجهاز تحكّم ونظّارة","accessories","no","web/public/assets/store/betafpv-cetus-pro/rtf/05-accessories.webp","ملحقات طقم تدريب كامل للمبتدئ — الطقم الكامل — طائرة وجهاز تحكّم ونظّارة"
"betafpv-cetus-pro","BetaFPV Cetus Pro Kit","طقم تدريب كامل للمبتدئ","تايني ووب","betafpv-cetus-pro:bnf","الطائرة وحدها — لمن يملك جهازاً ونظّارة","main","yes","web/public/assets/store/betafpv-cetus-pro/bnf/01-main.webp","طقم تدريب كامل للمبتدئ — الطائرة وحدها — لمن يملك جهازاً ونظّارة"
"betafpv-cetus-pro","BetaFPV Cetus Pro Kit","طقم تدريب كامل للمبتدئ","تايني ووب","betafpv-cetus-pro:bnf","الطائرة وحدها — لمن يملك جهازاً ونظّارة","front","no","web/public/assets/store/betafpv-cetus-pro/bnf/02-front.webp","طقم تدريب كامل للمبتدئ — الطائرة وحدها — لمن يملك جهازاً ونظّارة، من الأمام"
"betafpv-cetus-pro","BetaFPV Cetus Pro Kit","طقم تدريب كامل للمبتدئ","تايني ووب","betafpv-cetus-pro:bnf","الطائرة وحدها — لمن يملك جهازاً ونظّارة","side","no","web/public/assets/store/betafpv-cetus-pro/bnf/03-side.webp","طقم تدريب كامل للمبتدئ — الطائرة وحدها — لمن يملك جهازاً ونظّارة، من الجانب"
"betafpv-cetus-pro","BetaFPV Cetus Pro Kit","طقم تدريب كامل للمبتدئ","تايني ووب","betafpv-cetus-pro:bnf","الطائرة وحدها — لمن يملك جهازاً ونظّارة","box","no","web/public/assets/store/betafpv-cetus-pro/bnf/04-box.webp","محتويات صندوق طقم تدريب كامل للمبتدئ — الطائرة وحدها — لمن يملك جهازاً ونظّارة"
"betafpv-cetus-pro","BetaFPV Cetus Pro Kit","طقم تدريب كامل للمبتدئ","تايني ووب","betafpv-cetus-pro:bnf","الطائرة وحدها — لمن يملك جهازاً ونظّارة","accessories","no","web/public/assets/store/betafpv-cetus-pro/bnf/05-accessories.webp","ملحقات طقم تدريب كامل للمبتدئ — الطائرة وحدها — لمن يملك جهازاً ونظّارة"
"betafpv-meteor75-pro","BetaFPV Meteor75 Pro","ووب تناظري للطيران الحرّ داخل البيت","تايني ووب","betafpv-meteor75-pro:elrs-analog","ExpressLRS + فيديو تماثلي","main","yes","web/public/assets/store/betafpv-meteor75-pro/elrs-analog/01-main.webp","ووب تناظري للطيران الحرّ داخل البيت — ExpressLRS + فيديو تماثلي"
"betafpv-meteor75-pro","BetaFPV Meteor75 Pro","ووب تناظري للطيران الحرّ داخل البيت","تايني ووب","betafpv-meteor75-pro:elrs-analog","ExpressLRS + فيديو تماثلي","front","no","web/public/assets/store/betafpv-meteor75-pro/elrs-analog/02-front.webp","ووب تناظري للطيران الحرّ داخل البيت — ExpressLRS + فيديو تماثلي، من الأمام"
"betafpv-meteor75-pro","BetaFPV Meteor75 Pro","ووب تناظري للطيران الحرّ داخل البيت","تايني ووب","betafpv-meteor75-pro:elrs-analog","ExpressLRS + فيديو تماثلي","side","no","web/public/assets/store/betafpv-meteor75-pro/elrs-analog/03-side.webp","ووب تناظري للطيران الحرّ داخل البيت — ExpressLRS + فيديو تماثلي، من الجانب"
"betafpv-meteor75-pro","BetaFPV Meteor75 Pro","ووب تناظري للطيران الحرّ داخل البيت","تايني ووب","betafpv-meteor75-pro:elrs-analog","ExpressLRS + فيديو تماثلي","box","no","web/public/assets/store/betafpv-meteor75-pro/elrs-analog/04-box.webp","محتويات صندوق ووب تناظري للطيران الحرّ داخل البيت — ExpressLRS + فيديو تماثلي"
"betafpv-meteor75-pro","BetaFPV Meteor75 Pro","ووب تناظري للطيران الحرّ داخل البيت","تايني ووب","betafpv-meteor75-pro:elrs-analog","ExpressLRS + فيديو تماثلي","accessories","no","web/public/assets/store/betafpv-meteor75-pro/elrs-analog/05-accessories.webp","ملحقات ووب تناظري للطيران الحرّ داخل البيت — ExpressLRS + فيديو تماثلي"
"betafpv-meteor75-pro","BetaFPV Meteor75 Pro","ووب تناظري للطيران الحرّ داخل البيت","تايني ووب","betafpv-meteor75-pro:elrs-hd","ExpressLRS + فيديو رقمي","main","yes","web/public/assets/store/betafpv-meteor75-pro/elrs-hd/01-main.webp","ووب تناظري للطيران الحرّ داخل البيت — ExpressLRS + فيديو رقمي"
"betafpv-meteor75-pro","BetaFPV Meteor75 Pro","ووب تناظري للطيران الحرّ داخل البيت","تايني ووب","betafpv-meteor75-pro:elrs-hd","ExpressLRS + فيديو رقمي","front","no","web/public/assets/store/betafpv-meteor75-pro/elrs-hd/02-front.webp","ووب تناظري للطيران الحرّ داخل البيت — ExpressLRS + فيديو رقمي، من الأمام"
"betafpv-meteor75-pro","BetaFPV Meteor75 Pro","ووب تناظري للطيران الحرّ داخل البيت","تايني ووب","betafpv-meteor75-pro:elrs-hd","ExpressLRS + فيديو رقمي","side","no","web/public/assets/store/betafpv-meteor75-pro/elrs-hd/03-side.webp","ووب تناظري للطيران الحرّ داخل البيت — ExpressLRS + فيديو رقمي، من الجانب"
"betafpv-meteor75-pro","BetaFPV Meteor75 Pro","ووب تناظري للطيران الحرّ داخل البيت","تايني ووب","betafpv-meteor75-pro:elrs-hd","ExpressLRS + فيديو رقمي","box","no","web/public/assets/store/betafpv-meteor75-pro/elrs-hd/04-box.webp","محتويات صندوق ووب تناظري للطيران الحرّ داخل البيت — ExpressLRS + فيديو رقمي"
"betafpv-meteor75-pro","BetaFPV Meteor75 Pro","ووب تناظري للطيران الحرّ داخل البيت","تايني ووب","betafpv-meteor75-pro:elrs-hd","ExpressLRS + فيديو رقمي","accessories","no","web/public/assets/store/betafpv-meteor75-pro/elrs-hd/05-accessories.webp","ملحقات ووب تناظري للطيران الحرّ داخل البيت — ExpressLRS + فيديو رقمي"
"happymodel-mobula7","HappyModel Mobula7","ووب اقتصادي واسع الانتشار","تايني ووب","happymodel-mobula7:elrs-bnf","ExpressLRS مع مستقبِل — تماثلي","main","yes","web/public/assets/store/happymodel-mobula7/elrs-bnf/01-main.webp","ووب اقتصادي واسع الانتشار — ExpressLRS مع مستقبِل — تماثلي"
"happymodel-mobula7","HappyModel Mobula7","ووب اقتصادي واسع الانتشار","تايني ووب","happymodel-mobula7:elrs-bnf","ExpressLRS مع مستقبِل — تماثلي","front","no","web/public/assets/store/happymodel-mobula7/elrs-bnf/02-front.webp","ووب اقتصادي واسع الانتشار — ExpressLRS مع مستقبِل — تماثلي، من الأمام"
"happymodel-mobula7","HappyModel Mobula7","ووب اقتصادي واسع الانتشار","تايني ووب","happymodel-mobula7:elrs-bnf","ExpressLRS مع مستقبِل — تماثلي","side","no","web/public/assets/store/happymodel-mobula7/elrs-bnf/03-side.webp","ووب اقتصادي واسع الانتشار — ExpressLRS مع مستقبِل — تماثلي، من الجانب"
"happymodel-mobula7","HappyModel Mobula7","ووب اقتصادي واسع الانتشار","تايني ووب","happymodel-mobula7:elrs-bnf","ExpressLRS مع مستقبِل — تماثلي","box","no","web/public/assets/store/happymodel-mobula7/elrs-bnf/04-box.webp","محتويات صندوق ووب اقتصادي واسع الانتشار — ExpressLRS مع مستقبِل — تماثلي"
"happymodel-mobula7","HappyModel Mobula7","ووب اقتصادي واسع الانتشار","تايني ووب","happymodel-mobula7:elrs-bnf","ExpressLRS مع مستقبِل — تماثلي","accessories","no","web/public/assets/store/happymodel-mobula7/elrs-bnf/05-accessories.webp","ملحقات ووب اقتصادي واسع الانتشار — ExpressLRS مع مستقبِل — تماثلي"
"happymodel-mobula7","HappyModel Mobula7","ووب اقتصادي واسع الانتشار","تايني ووب","happymodel-mobula7:pnp","بلا مستقبِل — تركّب مستقبِلك","main","yes","web/public/assets/store/happymodel-mobula7/pnp/01-main.webp","ووب اقتصادي واسع الانتشار — بلا مستقبِل — تركّب مستقبِلك"
"happymodel-mobula7","HappyModel Mobula7","ووب اقتصادي واسع الانتشار","تايني ووب","happymodel-mobula7:pnp","بلا مستقبِل — تركّب مستقبِلك","front","no","web/public/assets/store/happymodel-mobula7/pnp/02-front.webp","ووب اقتصادي واسع الانتشار — بلا مستقبِل — تركّب مستقبِلك، من الأمام"
"happymodel-mobula7","HappyModel Mobula7","ووب اقتصادي واسع الانتشار","تايني ووب","happymodel-mobula7:pnp","بلا مستقبِل — تركّب مستقبِلك","side","no","web/public/assets/store/happymodel-mobula7/pnp/03-side.webp","ووب اقتصادي واسع الانتشار — بلا مستقبِل — تركّب مستقبِلك، من الجانب"
"happymodel-mobula7","HappyModel Mobula7","ووب اقتصادي واسع الانتشار","تايني ووب","happymodel-mobula7:pnp","بلا مستقبِل — تركّب مستقبِلك","box","no","web/public/assets/store/happymodel-mobula7/pnp/04-box.webp","محتويات صندوق ووب اقتصادي واسع الانتشار — بلا مستقبِل — تركّب مستقبِلك"
"happymodel-mobula7","HappyModel Mobula7","ووب اقتصادي واسع الانتشار","تايني ووب","happymodel-mobula7:pnp","بلا مستقبِل — تركّب مستقبِلك","accessories","no","web/public/assets/store/happymodel-mobula7/pnp/05-accessories.webp","ملحقات ووب اقتصادي واسع الانتشار — بلا مستقبِل — تركّب مستقبِلك"
"betafpv-pavo-pico","BetaFPV Pavo Pico","سينيووب صغير مبني حول وحدة فيديو رقمية تشتريها معه","مقاس 2 إنش","betafpv-pavo-pico:standard","الخيار الوحيد","main","yes","web/public/assets/store/betafpv-pavo-pico/standard/01-main.webp","سينيووب صغير مبني حول وحدة فيديو رقمية تشتريها معه — الخيار الوحيد"
"betafpv-pavo-pico","BetaFPV Pavo Pico","سينيووب صغير مبني حول وحدة فيديو رقمية تشتريها معه","مقاس 2 إنش","betafpv-pavo-pico:standard","الخيار الوحيد","front","no","web/public/assets/store/betafpv-pavo-pico/standard/02-front.webp","سينيووب صغير مبني حول وحدة فيديو رقمية تشتريها معه — الخيار الوحيد، من الأمام"
"betafpv-pavo-pico","BetaFPV Pavo Pico","سينيووب صغير مبني حول وحدة فيديو رقمية تشتريها معه","مقاس 2 إنش","betafpv-pavo-pico:standard","الخيار الوحيد","side","no","web/public/assets/store/betafpv-pavo-pico/standard/03-side.webp","سينيووب صغير مبني حول وحدة فيديو رقمية تشتريها معه — الخيار الوحيد، من الجانب"
"betafpv-pavo-pico","BetaFPV Pavo Pico","سينيووب صغير مبني حول وحدة فيديو رقمية تشتريها معه","مقاس 2 إنش","betafpv-pavo-pico:standard","الخيار الوحيد","box","no","web/public/assets/store/betafpv-pavo-pico/standard/04-box.webp","محتويات صندوق سينيووب صغير مبني حول وحدة فيديو رقمية تشتريها معه — الخيار الوحيد"
"betafpv-pavo-pico","BetaFPV Pavo Pico","سينيووب صغير مبني حول وحدة فيديو رقمية تشتريها معه","مقاس 2 إنش","betafpv-pavo-pico:standard","الخيار الوحيد","accessories","no","web/public/assets/store/betafpv-pavo-pico/standard/05-accessories.webp","ملحقات سينيووب صغير مبني حول وحدة فيديو رقمية تشتريها معه — الخيار الوحيد"
"geprc-cinelog25","GEPRC Cinelog25","سينيووب 2.5 إنش للتصوير الناعم","مقاس 2.5 إنش","geprc-cinelog25:analog","تماثلي","main","yes","web/public/assets/store/geprc-cinelog25/analog/01-main.webp","سينيووب 2.5 إنش للتصوير الناعم — تماثلي"
"geprc-cinelog25","GEPRC Cinelog25","سينيووب 2.5 إنش للتصوير الناعم","مقاس 2.5 إنش","geprc-cinelog25:analog","تماثلي","front","no","web/public/assets/store/geprc-cinelog25/analog/02-front.webp","سينيووب 2.5 إنش للتصوير الناعم — تماثلي، من الأمام"
"geprc-cinelog25","GEPRC Cinelog25","سينيووب 2.5 إنش للتصوير الناعم","مقاس 2.5 إنش","geprc-cinelog25:analog","تماثلي","side","no","web/public/assets/store/geprc-cinelog25/analog/03-side.webp","سينيووب 2.5 إنش للتصوير الناعم — تماثلي، من الجانب"
"geprc-cinelog25","GEPRC Cinelog25","سينيووب 2.5 إنش للتصوير الناعم","مقاس 2.5 إنش","geprc-cinelog25:analog","تماثلي","box","no","web/public/assets/store/geprc-cinelog25/analog/04-box.webp","محتويات صندوق سينيووب 2.5 إنش للتصوير الناعم — تماثلي"
"geprc-cinelog25","GEPRC Cinelog25","سينيووب 2.5 إنش للتصوير الناعم","مقاس 2.5 إنش","geprc-cinelog25:analog","تماثلي","accessories","no","web/public/assets/store/geprc-cinelog25/analog/05-accessories.webp","ملحقات سينيووب 2.5 إنش للتصوير الناعم — تماثلي"
"geprc-cinelog25","GEPRC Cinelog25","سينيووب 2.5 إنش للتصوير الناعم","مقاس 2.5 إنش","geprc-cinelog25:hd-o3","رقمي بوحدة DJI O3","main","yes","web/public/assets/store/geprc-cinelog25/hd-o3/01-main.webp","سينيووب 2.5 إنش للتصوير الناعم — رقمي بوحدة DJI O3"
"geprc-cinelog25","GEPRC Cinelog25","سينيووب 2.5 إنش للتصوير الناعم","مقاس 2.5 إنش","geprc-cinelog25:hd-o3","رقمي بوحدة DJI O3","front","no","web/public/assets/store/geprc-cinelog25/hd-o3/02-front.webp","سينيووب 2.5 إنش للتصوير الناعم — رقمي بوحدة DJI O3، من الأمام"
"geprc-cinelog25","GEPRC Cinelog25","سينيووب 2.5 إنش للتصوير الناعم","مقاس 2.5 إنش","geprc-cinelog25:hd-o3","رقمي بوحدة DJI O3","side","no","web/public/assets/store/geprc-cinelog25/hd-o3/03-side.webp","سينيووب 2.5 إنش للتصوير الناعم — رقمي بوحدة DJI O3، من الجانب"
"geprc-cinelog25","GEPRC Cinelog25","سينيووب 2.5 إنش للتصوير الناعم","مقاس 2.5 إنش","geprc-cinelog25:hd-o3","رقمي بوحدة DJI O3","box","no","web/public/assets/store/geprc-cinelog25/hd-o3/04-box.webp","محتويات صندوق سينيووب 2.5 إنش للتصوير الناعم — رقمي بوحدة DJI O3"
"geprc-cinelog25","GEPRC Cinelog25","سينيووب 2.5 إنش للتصوير الناعم","مقاس 2.5 إنش","geprc-cinelog25:hd-o3","رقمي بوحدة DJI O3","accessories","no","web/public/assets/store/geprc-cinelog25/hd-o3/05-accessories.webp","ملحقات سينيووب 2.5 إنش للتصوير الناعم — رقمي بوحدة DJI O3"
"geprc-cinelog25","GEPRC Cinelog25","سينيووب 2.5 إنش للتصوير الناعم","مقاس 2.5 إنش","geprc-cinelog25:hd-wasp","رقمي بنظام Walksnail","main","yes","web/public/assets/store/geprc-cinelog25/hd-wasp/01-main.webp","سينيووب 2.5 إنش للتصوير الناعم — رقمي بنظام Walksnail"
"geprc-cinelog25","GEPRC Cinelog25","سينيووب 2.5 إنش للتصوير الناعم","مقاس 2.5 إنش","geprc-cinelog25:hd-wasp","رقمي بنظام Walksnail","front","no","web/public/assets/store/geprc-cinelog25/hd-wasp/02-front.webp","سينيووب 2.5 إنش للتصوير الناعم — رقمي بنظام Walksnail، من الأمام"
"geprc-cinelog25","GEPRC Cinelog25","سينيووب 2.5 إنش للتصوير الناعم","مقاس 2.5 إنش","geprc-cinelog25:hd-wasp","رقمي بنظام Walksnail","side","no","web/public/assets/store/geprc-cinelog25/hd-wasp/03-side.webp","سينيووب 2.5 إنش للتصوير الناعم — رقمي بنظام Walksnail، من الجانب"
"geprc-cinelog25","GEPRC Cinelog25","سينيووب 2.5 إنش للتصوير الناعم","مقاس 2.5 إنش","geprc-cinelog25:hd-wasp","رقمي بنظام Walksnail","box","no","web/public/assets/store/geprc-cinelog25/hd-wasp/04-box.webp","محتويات صندوق سينيووب 2.5 إنش للتصوير الناعم — رقمي بنظام Walksnail"
"geprc-cinelog25","GEPRC Cinelog25","سينيووب 2.5 إنش للتصوير الناعم","مقاس 2.5 إنش","geprc-cinelog25:hd-wasp","رقمي بنظام Walksnail","accessories","no","web/public/assets/store/geprc-cinelog25/hd-wasp/05-accessories.webp","ملحقات سينيووب 2.5 إنش للتصوير الناعم — رقمي بنظام Walksnail"
"geprc-smart35","GEPRC SMART35","فريستايل تحت 250 غراماً","مقاس 3.5 – 4 إنش","geprc-smart35:analog","نسخة تماثلية بطاقة 600 ميلي واط","main","yes","web/public/assets/store/geprc-smart35/analog/01-main.webp","فريستايل تحت 250 غراماً — نسخة تماثلية بطاقة 600 ميلي واط"
"geprc-smart35","GEPRC SMART35","فريستايل تحت 250 غراماً","مقاس 3.5 – 4 إنش","geprc-smart35:analog","نسخة تماثلية بطاقة 600 ميلي واط","front","no","web/public/assets/store/geprc-smart35/analog/02-front.webp","فريستايل تحت 250 غراماً — نسخة تماثلية بطاقة 600 ميلي واط، من الأمام"
"geprc-smart35","GEPRC SMART35","فريستايل تحت 250 غراماً","مقاس 3.5 – 4 إنش","geprc-smart35:analog","نسخة تماثلية بطاقة 600 ميلي واط","side","no","web/public/assets/store/geprc-smart35/analog/03-side.webp","فريستايل تحت 250 غراماً — نسخة تماثلية بطاقة 600 ميلي واط، من الجانب"
"geprc-smart35","GEPRC SMART35","فريستايل تحت 250 غراماً","مقاس 3.5 – 4 إنش","geprc-smart35:analog","نسخة تماثلية بطاقة 600 ميلي واط","box","no","web/public/assets/store/geprc-smart35/analog/04-box.webp","محتويات صندوق فريستايل تحت 250 غراماً — نسخة تماثلية بطاقة 600 ميلي واط"
"geprc-smart35","GEPRC SMART35","فريستايل تحت 250 غراماً","مقاس 3.5 – 4 إنش","geprc-smart35:analog","نسخة تماثلية بطاقة 600 ميلي واط","accessories","no","web/public/assets/store/geprc-smart35/analog/05-accessories.webp","ملحقات فريستايل تحت 250 غراماً — نسخة تماثلية بطاقة 600 ميلي واط"
"geprc-smart35","GEPRC SMART35","فريستايل تحت 250 غراماً","مقاس 3.5 – 4 إنش","geprc-smart35:hd","نسخة رقمية","main","yes","web/public/assets/store/geprc-smart35/hd/01-main.webp","فريستايل تحت 250 غراماً — نسخة رقمية"
"geprc-smart35","GEPRC SMART35","فريستايل تحت 250 غراماً","مقاس 3.5 – 4 إنش","geprc-smart35:hd","نسخة رقمية","front","no","web/public/assets/store/geprc-smart35/hd/02-front.webp","فريستايل تحت 250 غراماً — نسخة رقمية، من الأمام"
"geprc-smart35","GEPRC SMART35","فريستايل تحت 250 غراماً","مقاس 3.5 – 4 إنش","geprc-smart35:hd","نسخة رقمية","side","no","web/public/assets/store/geprc-smart35/hd/03-side.webp","فريستايل تحت 250 غراماً — نسخة رقمية، من الجانب"
"geprc-smart35","GEPRC SMART35","فريستايل تحت 250 غراماً","مقاس 3.5 – 4 إنش","geprc-smart35:hd","نسخة رقمية","box","no","web/public/assets/store/geprc-smart35/hd/04-box.webp","محتويات صندوق فريستايل تحت 250 غراماً — نسخة رقمية"
"geprc-smart35","GEPRC SMART35","فريستايل تحت 250 غراماً","مقاس 3.5 – 4 إنش","geprc-smart35:hd","نسخة رقمية","accessories","no","web/public/assets/store/geprc-smart35/hd/05-accessories.webp","ملحقات فريستايل تحت 250 غراماً — نسخة رقمية"
"geprc-cinelog35","GEPRC CineLog35 V3","سينيووب 3.5 إنش بنظام رقمي من الجيل الرابع","مقاس 3.5 – 4 إنش","geprc-cinelog35:o4-pro","نسخة DJI O4 Air Unit Pro","main","yes","web/public/assets/store/geprc-cinelog35/o4-pro/01-main.webp","سينيووب 3.5 إنش بنظام رقمي من الجيل الرابع — نسخة DJI O4 Air Unit Pro"
"geprc-cinelog35","GEPRC CineLog35 V3","سينيووب 3.5 إنش بنظام رقمي من الجيل الرابع","مقاس 3.5 – 4 إنش","geprc-cinelog35:o4-pro","نسخة DJI O4 Air Unit Pro","front","no","web/public/assets/store/geprc-cinelog35/o4-pro/02-front.webp","سينيووب 3.5 إنش بنظام رقمي من الجيل الرابع — نسخة DJI O4 Air Unit Pro، من الأمام"
"geprc-cinelog35","GEPRC CineLog35 V3","سينيووب 3.5 إنش بنظام رقمي من الجيل الرابع","مقاس 3.5 – 4 إنش","geprc-cinelog35:o4-pro","نسخة DJI O4 Air Unit Pro","side","no","web/public/assets/store/geprc-cinelog35/o4-pro/03-side.webp","سينيووب 3.5 إنش بنظام رقمي من الجيل الرابع — نسخة DJI O4 Air Unit Pro، من الجانب"
"geprc-cinelog35","GEPRC CineLog35 V3","سينيووب 3.5 إنش بنظام رقمي من الجيل الرابع","مقاس 3.5 – 4 إنش","geprc-cinelog35:o4-pro","نسخة DJI O4 Air Unit Pro","box","no","web/public/assets/store/geprc-cinelog35/o4-pro/04-box.webp","محتويات صندوق سينيووب 3.5 إنش بنظام رقمي من الجيل الرابع — نسخة DJI O4 Air Unit Pro"
"geprc-cinelog35","GEPRC CineLog35 V3","سينيووب 3.5 إنش بنظام رقمي من الجيل الرابع","مقاس 3.5 – 4 إنش","geprc-cinelog35:o4-pro","نسخة DJI O4 Air Unit Pro","accessories","no","web/public/assets/store/geprc-cinelog35/o4-pro/05-accessories.webp","ملحقات سينيووب 3.5 إنش بنظام رقمي من الجيل الرابع — نسخة DJI O4 Air Unit Pro"
"geprc-cinelog35","GEPRC CineLog35 V3","سينيووب 3.5 إنش بنظام رقمي من الجيل الرابع","مقاس 3.5 – 4 إنش","geprc-cinelog35:wtfpv","نسخة WTFPV","main","yes","web/public/assets/store/geprc-cinelog35/wtfpv/01-main.webp","سينيووب 3.5 إنش بنظام رقمي من الجيل الرابع — نسخة WTFPV"
"geprc-cinelog35","GEPRC CineLog35 V3","سينيووب 3.5 إنش بنظام رقمي من الجيل الرابع","مقاس 3.5 – 4 إنش","geprc-cinelog35:wtfpv","نسخة WTFPV","front","no","web/public/assets/store/geprc-cinelog35/wtfpv/02-front.webp","سينيووب 3.5 إنش بنظام رقمي من الجيل الرابع — نسخة WTFPV، من الأمام"
"geprc-cinelog35","GEPRC CineLog35 V3","سينيووب 3.5 إنش بنظام رقمي من الجيل الرابع","مقاس 3.5 – 4 إنش","geprc-cinelog35:wtfpv","نسخة WTFPV","side","no","web/public/assets/store/geprc-cinelog35/wtfpv/03-side.webp","سينيووب 3.5 إنش بنظام رقمي من الجيل الرابع — نسخة WTFPV، من الجانب"
"geprc-cinelog35","GEPRC CineLog35 V3","سينيووب 3.5 إنش بنظام رقمي من الجيل الرابع","مقاس 3.5 – 4 إنش","geprc-cinelog35:wtfpv","نسخة WTFPV","box","no","web/public/assets/store/geprc-cinelog35/wtfpv/04-box.webp","محتويات صندوق سينيووب 3.5 إنش بنظام رقمي من الجيل الرابع — نسخة WTFPV"
"geprc-cinelog35","GEPRC CineLog35 V3","سينيووب 3.5 إنش بنظام رقمي من الجيل الرابع","مقاس 3.5 – 4 إنش","geprc-cinelog35:wtfpv","نسخة WTFPV","accessories","no","web/public/assets/store/geprc-cinelog35/wtfpv/05-accessories.webp","ملحقات سينيووب 3.5 إنش بنظام رقمي من الجيل الرابع — نسخة WTFPV"
"iflight-nazgul5-v3","iFlight Nazgul5 V3","خمس إنشات جاهزة للفريستايل","مقاس 5 إنش","iflight-nazgul5-v3:elrs-analog","ExpressLRS + فيديو تماثلي","main","yes","web/public/assets/store/iflight-nazgul5-v3/elrs-analog/01-main.webp","خمس إنشات جاهزة للفريستايل — ExpressLRS + فيديو تماثلي"
"iflight-nazgul5-v3","iFlight Nazgul5 V3","خمس إنشات جاهزة للفريستايل","مقاس 5 إنش","iflight-nazgul5-v3:elrs-analog","ExpressLRS + فيديو تماثلي","front","no","web/public/assets/store/iflight-nazgul5-v3/elrs-analog/02-front.webp","خمس إنشات جاهزة للفريستايل — ExpressLRS + فيديو تماثلي، من الأمام"
"iflight-nazgul5-v3","iFlight Nazgul5 V3","خمس إنشات جاهزة للفريستايل","مقاس 5 إنش","iflight-nazgul5-v3:elrs-analog","ExpressLRS + فيديو تماثلي","side","no","web/public/assets/store/iflight-nazgul5-v3/elrs-analog/03-side.webp","خمس إنشات جاهزة للفريستايل — ExpressLRS + فيديو تماثلي، من الجانب"
"iflight-nazgul5-v3","iFlight Nazgul5 V3","خمس إنشات جاهزة للفريستايل","مقاس 5 إنش","iflight-nazgul5-v3:elrs-analog","ExpressLRS + فيديو تماثلي","box","no","web/public/assets/store/iflight-nazgul5-v3/elrs-analog/04-box.webp","محتويات صندوق خمس إنشات جاهزة للفريستايل — ExpressLRS + فيديو تماثلي"
"iflight-nazgul5-v3","iFlight Nazgul5 V3","خمس إنشات جاهزة للفريستايل","مقاس 5 إنش","iflight-nazgul5-v3:elrs-analog","ExpressLRS + فيديو تماثلي","accessories","no","web/public/assets/store/iflight-nazgul5-v3/elrs-analog/05-accessories.webp","ملحقات خمس إنشات جاهزة للفريستايل — ExpressLRS + فيديو تماثلي"
"iflight-nazgul5-v3","iFlight Nazgul5 V3","خمس إنشات جاهزة للفريستايل","مقاس 5 إنش","iflight-nazgul5-v3:crossfire-analog","Crossfire + فيديو تماثلي","main","yes","web/public/assets/store/iflight-nazgul5-v3/crossfire-analog/01-main.webp","خمس إنشات جاهزة للفريستايل — Crossfire + فيديو تماثلي"
"iflight-nazgul5-v3","iFlight Nazgul5 V3","خمس إنشات جاهزة للفريستايل","مقاس 5 إنش","iflight-nazgul5-v3:crossfire-analog","Crossfire + فيديو تماثلي","front","no","web/public/assets/store/iflight-nazgul5-v3/crossfire-analog/02-front.webp","خمس إنشات جاهزة للفريستايل — Crossfire + فيديو تماثلي، من الأمام"
"iflight-nazgul5-v3","iFlight Nazgul5 V3","خمس إنشات جاهزة للفريستايل","مقاس 5 إنش","iflight-nazgul5-v3:crossfire-analog","Crossfire + فيديو تماثلي","side","no","web/public/assets/store/iflight-nazgul5-v3/crossfire-analog/03-side.webp","خمس إنشات جاهزة للفريستايل — Crossfire + فيديو تماثلي، من الجانب"
"iflight-nazgul5-v3","iFlight Nazgul5 V3","خمس إنشات جاهزة للفريستايل","مقاس 5 إنش","iflight-nazgul5-v3:crossfire-analog","Crossfire + فيديو تماثلي","box","no","web/public/assets/store/iflight-nazgul5-v3/crossfire-analog/04-box.webp","محتويات صندوق خمس إنشات جاهزة للفريستايل — Crossfire + فيديو تماثلي"
"iflight-nazgul5-v3","iFlight Nazgul5 V3","خمس إنشات جاهزة للفريستايل","مقاس 5 إنش","iflight-nazgul5-v3:crossfire-analog","Crossfire + فيديو تماثلي","accessories","no","web/public/assets/store/iflight-nazgul5-v3/crossfire-analog/05-accessories.webp","ملحقات خمس إنشات جاهزة للفريستايل — Crossfire + فيديو تماثلي"
"iflight-nazgul5-v3","iFlight Nazgul5 V3","خمس إنشات جاهزة للفريستايل","مقاس 5 إنش","iflight-nazgul5-v3:pnp","بلا مستقبِل","main","yes","web/public/assets/store/iflight-nazgul5-v3/pnp/01-main.webp","خمس إنشات جاهزة للفريستايل — بلا مستقبِل"
"iflight-nazgul5-v3","iFlight Nazgul5 V3","خمس إنشات جاهزة للفريستايل","مقاس 5 إنش","iflight-nazgul5-v3:pnp","بلا مستقبِل","front","no","web/public/assets/store/iflight-nazgul5-v3/pnp/02-front.webp","خمس إنشات جاهزة للفريستايل — بلا مستقبِل، من الأمام"
"iflight-nazgul5-v3","iFlight Nazgul5 V3","خمس إنشات جاهزة للفريستايل","مقاس 5 إنش","iflight-nazgul5-v3:pnp","بلا مستقبِل","side","no","web/public/assets/store/iflight-nazgul5-v3/pnp/03-side.webp","خمس إنشات جاهزة للفريستايل — بلا مستقبِل، من الجانب"
"iflight-nazgul5-v3","iFlight Nazgul5 V3","خمس إنشات جاهزة للفريستايل","مقاس 5 إنش","iflight-nazgul5-v3:pnp","بلا مستقبِل","box","no","web/public/assets/store/iflight-nazgul5-v3/pnp/04-box.webp","محتويات صندوق خمس إنشات جاهزة للفريستايل — بلا مستقبِل"
"iflight-nazgul5-v3","iFlight Nazgul5 V3","خمس إنشات جاهزة للفريستايل","مقاس 5 إنش","iflight-nazgul5-v3:pnp","بلا مستقبِل","accessories","no","web/public/assets/store/iflight-nazgul5-v3/pnp/05-accessories.webp","ملحقات خمس إنشات جاهزة للفريستايل — بلا مستقبِل"
"geprc-mark5","GEPRC MARK5","خمس إنشات بهيكل يسهل إصلاحه","مقاس 5 إنش","geprc-mark5:elrs24-analog","ExpressLRS 2.4 + فيديو تماثلي","main","yes","web/public/assets/store/geprc-mark5/elrs24-analog/01-main.webp","خمس إنشات بهيكل يسهل إصلاحه — ExpressLRS 2.4 + فيديو تماثلي"
"geprc-mark5","GEPRC MARK5","خمس إنشات بهيكل يسهل إصلاحه","مقاس 5 إنش","geprc-mark5:elrs24-analog","ExpressLRS 2.4 + فيديو تماثلي","front","no","web/public/assets/store/geprc-mark5/elrs24-analog/02-front.webp","خمس إنشات بهيكل يسهل إصلاحه — ExpressLRS 2.4 + فيديو تماثلي، من الأمام"
"geprc-mark5","GEPRC MARK5","خمس إنشات بهيكل يسهل إصلاحه","مقاس 5 إنش","geprc-mark5:elrs24-analog","ExpressLRS 2.4 + فيديو تماثلي","side","no","web/public/assets/store/geprc-mark5/elrs24-analog/03-side.webp","خمس إنشات بهيكل يسهل إصلاحه — ExpressLRS 2.4 + فيديو تماثلي، من الجانب"
"geprc-mark5","GEPRC MARK5","خمس إنشات بهيكل يسهل إصلاحه","مقاس 5 إنش","geprc-mark5:elrs24-analog","ExpressLRS 2.4 + فيديو تماثلي","box","no","web/public/assets/store/geprc-mark5/elrs24-analog/04-box.webp","محتويات صندوق خمس إنشات بهيكل يسهل إصلاحه — ExpressLRS 2.4 + فيديو تماثلي"
"geprc-mark5","GEPRC MARK5","خمس إنشات بهيكل يسهل إصلاحه","مقاس 5 إنش","geprc-mark5:elrs24-analog","ExpressLRS 2.4 + فيديو تماثلي","accessories","no","web/public/assets/store/geprc-mark5/elrs24-analog/05-accessories.webp","ملحقات خمس إنشات بهيكل يسهل إصلاحه — ExpressLRS 2.4 + فيديو تماثلي"
"geprc-mark5","GEPRC MARK5","خمس إنشات بهيكل يسهل إصلاحه","مقاس 5 إنش","geprc-mark5:elrs915-analog","ExpressLRS 915 + فيديو تماثلي","main","yes","web/public/assets/store/geprc-mark5/elrs915-analog/01-main.webp","خمس إنشات بهيكل يسهل إصلاحه — ExpressLRS 915 + فيديو تماثلي"
"geprc-mark5","GEPRC MARK5","خمس إنشات بهيكل يسهل إصلاحه","مقاس 5 إنش","geprc-mark5:elrs915-analog","ExpressLRS 915 + فيديو تماثلي","front","no","web/public/assets/store/geprc-mark5/elrs915-analog/02-front.webp","خمس إنشات بهيكل يسهل إصلاحه — ExpressLRS 915 + فيديو تماثلي، من الأمام"
"geprc-mark5","GEPRC MARK5","خمس إنشات بهيكل يسهل إصلاحه","مقاس 5 إنش","geprc-mark5:elrs915-analog","ExpressLRS 915 + فيديو تماثلي","side","no","web/public/assets/store/geprc-mark5/elrs915-analog/03-side.webp","خمس إنشات بهيكل يسهل إصلاحه — ExpressLRS 915 + فيديو تماثلي، من الجانب"
"geprc-mark5","GEPRC MARK5","خمس إنشات بهيكل يسهل إصلاحه","مقاس 5 إنش","geprc-mark5:elrs915-analog","ExpressLRS 915 + فيديو تماثلي","box","no","web/public/assets/store/geprc-mark5/elrs915-analog/04-box.webp","محتويات صندوق خمس إنشات بهيكل يسهل إصلاحه — ExpressLRS 915 + فيديو تماثلي"
"geprc-mark5","GEPRC MARK5","خمس إنشات بهيكل يسهل إصلاحه","مقاس 5 إنش","geprc-mark5:elrs915-analog","ExpressLRS 915 + فيديو تماثلي","accessories","no","web/public/assets/store/geprc-mark5/elrs915-analog/05-accessories.webp","ملحقات خمس إنشات بهيكل يسهل إصلاحه — ExpressLRS 915 + فيديو تماثلي"
"geprc-mark5","GEPRC MARK5","خمس إنشات بهيكل يسهل إصلاحه","مقاس 5 إنش","geprc-mark5:pnp","بلا مستقبِل","main","yes","web/public/assets/store/geprc-mark5/pnp/01-main.webp","خمس إنشات بهيكل يسهل إصلاحه — بلا مستقبِل"
"geprc-mark5","GEPRC MARK5","خمس إنشات بهيكل يسهل إصلاحه","مقاس 5 إنش","geprc-mark5:pnp","بلا مستقبِل","front","no","web/public/assets/store/geprc-mark5/pnp/02-front.webp","خمس إنشات بهيكل يسهل إصلاحه — بلا مستقبِل، من الأمام"
"geprc-mark5","GEPRC MARK5","خمس إنشات بهيكل يسهل إصلاحه","مقاس 5 إنش","geprc-mark5:pnp","بلا مستقبِل","side","no","web/public/assets/store/geprc-mark5/pnp/03-side.webp","خمس إنشات بهيكل يسهل إصلاحه — بلا مستقبِل، من الجانب"
"geprc-mark5","GEPRC MARK5","خمس إنشات بهيكل يسهل إصلاحه","مقاس 5 إنش","geprc-mark5:pnp","بلا مستقبِل","box","no","web/public/assets/store/geprc-mark5/pnp/04-box.webp","محتويات صندوق خمس إنشات بهيكل يسهل إصلاحه — بلا مستقبِل"
"geprc-mark5","GEPRC MARK5","خمس إنشات بهيكل يسهل إصلاحه","مقاس 5 إنش","geprc-mark5:pnp","بلا مستقبِل","accessories","no","web/public/assets/store/geprc-mark5/pnp/05-accessories.webp","ملحقات خمس إنشات بهيكل يسهل إصلاحه — بلا مستقبِل"
"tbs-source-one-v5","TBS Source One V5.1 RTF/BNF Set","خمس إنشات مبنيّة على هيكل مفتوح المصدر","مقاس 5 إنش","tbs-source-one-v5:standard","الخيار الوحيد","main","yes","web/public/assets/store/tbs-source-one-v5/standard/01-main.webp","خمس إنشات مبنيّة على هيكل مفتوح المصدر — الخيار الوحيد"
"tbs-source-one-v5","TBS Source One V5.1 RTF/BNF Set","خمس إنشات مبنيّة على هيكل مفتوح المصدر","مقاس 5 إنش","tbs-source-one-v5:standard","الخيار الوحيد","front","no","web/public/assets/store/tbs-source-one-v5/standard/02-front.webp","خمس إنشات مبنيّة على هيكل مفتوح المصدر — الخيار الوحيد، من الأمام"
"tbs-source-one-v5","TBS Source One V5.1 RTF/BNF Set","خمس إنشات مبنيّة على هيكل مفتوح المصدر","مقاس 5 إنش","tbs-source-one-v5:standard","الخيار الوحيد","side","no","web/public/assets/store/tbs-source-one-v5/standard/03-side.webp","خمس إنشات مبنيّة على هيكل مفتوح المصدر — الخيار الوحيد، من الجانب"
"tbs-source-one-v5","TBS Source One V5.1 RTF/BNF Set","خمس إنشات مبنيّة على هيكل مفتوح المصدر","مقاس 5 إنش","tbs-source-one-v5:standard","الخيار الوحيد","box","no","web/public/assets/store/tbs-source-one-v5/standard/04-box.webp","محتويات صندوق خمس إنشات مبنيّة على هيكل مفتوح المصدر — الخيار الوحيد"
"tbs-source-one-v5","TBS Source One V5.1 RTF/BNF Set","خمس إنشات مبنيّة على هيكل مفتوح المصدر","مقاس 5 إنش","tbs-source-one-v5:standard","الخيار الوحيد","accessories","no","web/public/assets/store/tbs-source-one-v5/standard/05-accessories.webp","ملحقات خمس إنشات مبنيّة على هيكل مفتوح المصدر — الخيار الوحيد"
"iflight-chimera7-pro","iFlight Chimera7 Pro V2","سبع إنشات بقطر 327 مم لرحلات طويلة","مقاس 7 إنش","iflight-chimera7-pro:analog","نسخة تماثلية بمرسل BLITZ Whoop","main","yes","web/public/assets/store/iflight-chimera7-pro/analog/01-main.webp","سبع إنشات بقطر 327 مم لرحلات طويلة — نسخة تماثلية بمرسل BLITZ Whoop"
"iflight-chimera7-pro","iFlight Chimera7 Pro V2","سبع إنشات بقطر 327 مم لرحلات طويلة","مقاس 7 إنش","iflight-chimera7-pro:analog","نسخة تماثلية بمرسل BLITZ Whoop","front","no","web/public/assets/store/iflight-chimera7-pro/analog/02-front.webp","سبع إنشات بقطر 327 مم لرحلات طويلة — نسخة تماثلية بمرسل BLITZ Whoop، من الأمام"
"iflight-chimera7-pro","iFlight Chimera7 Pro V2","سبع إنشات بقطر 327 مم لرحلات طويلة","مقاس 7 إنش","iflight-chimera7-pro:analog","نسخة تماثلية بمرسل BLITZ Whoop","side","no","web/public/assets/store/iflight-chimera7-pro/analog/03-side.webp","سبع إنشات بقطر 327 مم لرحلات طويلة — نسخة تماثلية بمرسل BLITZ Whoop، من الجانب"
"iflight-chimera7-pro","iFlight Chimera7 Pro V2","سبع إنشات بقطر 327 مم لرحلات طويلة","مقاس 7 إنش","iflight-chimera7-pro:analog","نسخة تماثلية بمرسل BLITZ Whoop","box","no","web/public/assets/store/iflight-chimera7-pro/analog/04-box.webp","محتويات صندوق سبع إنشات بقطر 327 مم لرحلات طويلة — نسخة تماثلية بمرسل BLITZ Whoop"
"iflight-chimera7-pro","iFlight Chimera7 Pro V2","سبع إنشات بقطر 327 مم لرحلات طويلة","مقاس 7 إنش","iflight-chimera7-pro:analog","نسخة تماثلية بمرسل BLITZ Whoop","accessories","no","web/public/assets/store/iflight-chimera7-pro/analog/05-accessories.webp","ملحقات سبع إنشات بقطر 327 مم لرحلات طويلة — نسخة تماثلية بمرسل BLITZ Whoop"
"iflight-chimera7-pro","iFlight Chimera7 Pro V2","سبع إنشات بقطر 327 مم لرحلات طويلة","مقاس 7 إنش","iflight-chimera7-pro:o3","نسخة DJI O3","main","yes","web/public/assets/store/iflight-chimera7-pro/o3/01-main.webp","سبع إنشات بقطر 327 مم لرحلات طويلة — نسخة DJI O3"
"iflight-chimera7-pro","iFlight Chimera7 Pro V2","سبع إنشات بقطر 327 مم لرحلات طويلة","مقاس 7 إنش","iflight-chimera7-pro:o3","نسخة DJI O3","front","no","web/public/assets/store/iflight-chimera7-pro/o3/02-front.webp","سبع إنشات بقطر 327 مم لرحلات طويلة — نسخة DJI O3، من الأمام"
"iflight-chimera7-pro","iFlight Chimera7 Pro V2","سبع إنشات بقطر 327 مم لرحلات طويلة","مقاس 7 إنش","iflight-chimera7-pro:o3","نسخة DJI O3","side","no","web/public/assets/store/iflight-chimera7-pro/o3/03-side.webp","سبع إنشات بقطر 327 مم لرحلات طويلة — نسخة DJI O3، من الجانب"
"iflight-chimera7-pro","iFlight Chimera7 Pro V2","سبع إنشات بقطر 327 مم لرحلات طويلة","مقاس 7 إنش","iflight-chimera7-pro:o3","نسخة DJI O3","box","no","web/public/assets/store/iflight-chimera7-pro/o3/04-box.webp","محتويات صندوق سبع إنشات بقطر 327 مم لرحلات طويلة — نسخة DJI O3"
"iflight-chimera7-pro","iFlight Chimera7 Pro V2","سبع إنشات بقطر 327 مم لرحلات طويلة","مقاس 7 إنش","iflight-chimera7-pro:o3","نسخة DJI O3","accessories","no","web/public/assets/store/iflight-chimera7-pro/o3/05-accessories.webp","ملحقات سبع إنشات بقطر 327 مم لرحلات طويلة — نسخة DJI O3"
"iflight-chimera7-pro","iFlight Chimera7 Pro V2","سبع إنشات بقطر 327 مم لرحلات طويلة","مقاس 7 إنش","iflight-chimera7-pro:o4","نسخة DJI O4","main","yes","web/public/assets/store/iflight-chimera7-pro/o4/01-main.webp","سبع إنشات بقطر 327 مم لرحلات طويلة — نسخة DJI O4"
"iflight-chimera7-pro","iFlight Chimera7 Pro V2","سبع إنشات بقطر 327 مم لرحلات طويلة","مقاس 7 إنش","iflight-chimera7-pro:o4","نسخة DJI O4","front","no","web/public/assets/store/iflight-chimera7-pro/o4/02-front.webp","سبع إنشات بقطر 327 مم لرحلات طويلة — نسخة DJI O4، من الأمام"
"iflight-chimera7-pro","iFlight Chimera7 Pro V2","سبع إنشات بقطر 327 مم لرحلات طويلة","مقاس 7 إنش","iflight-chimera7-pro:o4","نسخة DJI O4","side","no","web/public/assets/store/iflight-chimera7-pro/o4/03-side.webp","سبع إنشات بقطر 327 مم لرحلات طويلة — نسخة DJI O4، من الجانب"
"iflight-chimera7-pro","iFlight Chimera7 Pro V2","سبع إنشات بقطر 327 مم لرحلات طويلة","مقاس 7 إنش","iflight-chimera7-pro:o4","نسخة DJI O4","box","no","web/public/assets/store/iflight-chimera7-pro/o4/04-box.webp","محتويات صندوق سبع إنشات بقطر 327 مم لرحلات طويلة — نسخة DJI O4"
"iflight-chimera7-pro","iFlight Chimera7 Pro V2","سبع إنشات بقطر 327 مم لرحلات طويلة","مقاس 7 إنش","iflight-chimera7-pro:o4","نسخة DJI O4","accessories","no","web/public/assets/store/iflight-chimera7-pro/o4/05-accessories.webp","ملحقات سبع إنشات بقطر 327 مم لرحلات طويلة — نسخة DJI O4"
"emax-tinyhawk-3-rtf","EMAX Tinyhawk III RTF Kit","طقم جاهز ببروتوكول FrSky D8","جاهزة للطيران","emax-tinyhawk-3-rtf:standard","الخيار الوحيد","main","yes","web/public/assets/store/emax-tinyhawk-3-rtf/standard/01-main.webp","طقم جاهز ببروتوكول FrSky D8 — الخيار الوحيد"
"emax-tinyhawk-3-rtf","EMAX Tinyhawk III RTF Kit","طقم جاهز ببروتوكول FrSky D8","جاهزة للطيران","emax-tinyhawk-3-rtf:standard","الخيار الوحيد","front","no","web/public/assets/store/emax-tinyhawk-3-rtf/standard/02-front.webp","طقم جاهز ببروتوكول FrSky D8 — الخيار الوحيد، من الأمام"
"emax-tinyhawk-3-rtf","EMAX Tinyhawk III RTF Kit","طقم جاهز ببروتوكول FrSky D8","جاهزة للطيران","emax-tinyhawk-3-rtf:standard","الخيار الوحيد","side","no","web/public/assets/store/emax-tinyhawk-3-rtf/standard/03-side.webp","طقم جاهز ببروتوكول FrSky D8 — الخيار الوحيد، من الجانب"
"emax-tinyhawk-3-rtf","EMAX Tinyhawk III RTF Kit","طقم جاهز ببروتوكول FrSky D8","جاهزة للطيران","emax-tinyhawk-3-rtf:standard","الخيار الوحيد","box","no","web/public/assets/store/emax-tinyhawk-3-rtf/standard/04-box.webp","محتويات صندوق طقم جاهز ببروتوكول FrSky D8 — الخيار الوحيد"
"emax-tinyhawk-3-rtf","EMAX Tinyhawk III RTF Kit","طقم جاهز ببروتوكول FrSky D8","جاهزة للطيران","emax-tinyhawk-3-rtf:standard","الخيار الوحيد","accessories","no","web/public/assets/store/emax-tinyhawk-3-rtf/standard/05-accessories.webp","ملحقات طقم جاهز ببروتوكول FrSky D8 — الخيار الوحيد"
"radiomaster-pocket","RadioMaster Pocket","جهاز تحكم اقتصادي كامل الوظائف","أجهزة التحكم","radiomaster-pocket:elrs","نسخة ExpressLRS","main","yes","web/public/assets/store/radiomaster-pocket/elrs/01-main.webp","جهاز تحكم اقتصادي كامل الوظائف — نسخة ExpressLRS"
"radiomaster-pocket","RadioMaster Pocket","جهاز تحكم اقتصادي كامل الوظائف","أجهزة التحكم","radiomaster-pocket:elrs","نسخة ExpressLRS","front","no","web/public/assets/store/radiomaster-pocket/elrs/02-front.webp","جهاز تحكم اقتصادي كامل الوظائف — نسخة ExpressLRS، من الأمام"
"radiomaster-pocket","RadioMaster Pocket","جهاز تحكم اقتصادي كامل الوظائف","أجهزة التحكم","radiomaster-pocket:elrs","نسخة ExpressLRS","box","no","web/public/assets/store/radiomaster-pocket/elrs/03-box.webp","محتويات صندوق جهاز تحكم اقتصادي كامل الوظائف — نسخة ExpressLRS"
"radiomaster-pocket","RadioMaster Pocket","جهاز تحكم اقتصادي كامل الوظائف","أجهزة التحكم","radiomaster-pocket:cc2500","نسخة متعدّدة البروتوكولات (CC2500)","main","yes","web/public/assets/store/radiomaster-pocket/cc2500/01-main.webp","جهاز تحكم اقتصادي كامل الوظائف — نسخة متعدّدة البروتوكولات (CC2500)"
"radiomaster-pocket","RadioMaster Pocket","جهاز تحكم اقتصادي كامل الوظائف","أجهزة التحكم","radiomaster-pocket:cc2500","نسخة متعدّدة البروتوكولات (CC2500)","front","no","web/public/assets/store/radiomaster-pocket/cc2500/02-front.webp","جهاز تحكم اقتصادي كامل الوظائف — نسخة متعدّدة البروتوكولات (CC2500)، من الأمام"
"radiomaster-pocket","RadioMaster Pocket","جهاز تحكم اقتصادي كامل الوظائف","أجهزة التحكم","radiomaster-pocket:cc2500","نسخة متعدّدة البروتوكولات (CC2500)","box","no","web/public/assets/store/radiomaster-pocket/cc2500/03-box.webp","محتويات صندوق جهاز تحكم اقتصادي كامل الوظائف — نسخة متعدّدة البروتوكولات (CC2500)"
"radiomaster-boxer","RadioMaster Boxer","جهاز التحكم المتوسط الموصى به","أجهزة التحكم","radiomaster-boxer:elrs","نسخة ExpressLRS","main","yes","web/public/assets/store/radiomaster-boxer/elrs/01-main.webp","جهاز التحكم المتوسط الموصى به — نسخة ExpressLRS"
"radiomaster-boxer","RadioMaster Boxer","جهاز التحكم المتوسط الموصى به","أجهزة التحكم","radiomaster-boxer:elrs","نسخة ExpressLRS","front","no","web/public/assets/store/radiomaster-boxer/elrs/02-front.webp","جهاز التحكم المتوسط الموصى به — نسخة ExpressLRS، من الأمام"
"radiomaster-boxer","RadioMaster Boxer","جهاز التحكم المتوسط الموصى به","أجهزة التحكم","radiomaster-boxer:elrs","نسخة ExpressLRS","box","no","web/public/assets/store/radiomaster-boxer/elrs/03-box.webp","محتويات صندوق جهاز التحكم المتوسط الموصى به — نسخة ExpressLRS"
"radiomaster-boxer","RadioMaster Boxer","جهاز التحكم المتوسط الموصى به","أجهزة التحكم","radiomaster-boxer:multi","نسخة متعدّدة البروتوكولات (4-in-1)","main","yes","web/public/assets/store/radiomaster-boxer/multi/01-main.webp","جهاز التحكم المتوسط الموصى به — نسخة متعدّدة البروتوكولات (4-in-1)"
"radiomaster-boxer","RadioMaster Boxer","جهاز التحكم المتوسط الموصى به","أجهزة التحكم","radiomaster-boxer:multi","نسخة متعدّدة البروتوكولات (4-in-1)","front","no","web/public/assets/store/radiomaster-boxer/multi/02-front.webp","جهاز التحكم المتوسط الموصى به — نسخة متعدّدة البروتوكولات (4-in-1)، من الأمام"
"radiomaster-boxer","RadioMaster Boxer","جهاز التحكم المتوسط الموصى به","أجهزة التحكم","radiomaster-boxer:multi","نسخة متعدّدة البروتوكولات (4-in-1)","box","no","web/public/assets/store/radiomaster-boxer/multi/03-box.webp","محتويات صندوق جهاز التحكم المتوسط الموصى به — نسخة متعدّدة البروتوكولات (4-in-1)"
"radiomaster-tx16s-mk2","RadioMaster TX16S MKII","جهاز التحكم الاحترافي","أجهزة التحكم","radiomaster-tx16s-mk2:elrs","نسخة ExpressLRS","main","yes","web/public/assets/store/radiomaster-tx16s-mk2/elrs/01-main.webp","جهاز التحكم الاحترافي — نسخة ExpressLRS"
"radiomaster-tx16s-mk2","RadioMaster TX16S MKII","جهاز التحكم الاحترافي","أجهزة التحكم","radiomaster-tx16s-mk2:elrs","نسخة ExpressLRS","front","no","web/public/assets/store/radiomaster-tx16s-mk2/elrs/02-front.webp","جهاز التحكم الاحترافي — نسخة ExpressLRS، من الأمام"
"radiomaster-tx16s-mk2","RadioMaster TX16S MKII","جهاز التحكم الاحترافي","أجهزة التحكم","radiomaster-tx16s-mk2:elrs","نسخة ExpressLRS","box","no","web/public/assets/store/radiomaster-tx16s-mk2/elrs/03-box.webp","محتويات صندوق جهاز التحكم الاحترافي — نسخة ExpressLRS"
"radiomaster-tx16s-mk2","RadioMaster TX16S MKII","جهاز التحكم الاحترافي","أجهزة التحكم","radiomaster-tx16s-mk2:multi","نسخة متعدّدة البروتوكولات (4-in-1)","main","yes","web/public/assets/store/radiomaster-tx16s-mk2/multi/01-main.webp","جهاز التحكم الاحترافي — نسخة متعدّدة البروتوكولات (4-in-1)"
"radiomaster-tx16s-mk2","RadioMaster TX16S MKII","جهاز التحكم الاحترافي","أجهزة التحكم","radiomaster-tx16s-mk2:multi","نسخة متعدّدة البروتوكولات (4-in-1)","front","no","web/public/assets/store/radiomaster-tx16s-mk2/multi/02-front.webp","جهاز التحكم الاحترافي — نسخة متعدّدة البروتوكولات (4-in-1)، من الأمام"
"radiomaster-tx16s-mk2","RadioMaster TX16S MKII","جهاز التحكم الاحترافي","أجهزة التحكم","radiomaster-tx16s-mk2:multi","نسخة متعدّدة البروتوكولات (4-in-1)","box","no","web/public/assets/store/radiomaster-tx16s-mk2/multi/03-box.webp","محتويات صندوق جهاز التحكم الاحترافي — نسخة متعدّدة البروتوكولات (4-in-1)"
"dji-goggles-n3","DJI Goggles N3","نظارة رقمية من منظومة DJI","النظارات","dji-goggles-n3:standard","الخيار الوحيد","main","yes","web/public/assets/store/dji-goggles-n3/standard/01-main.webp","نظارة رقمية من منظومة DJI — الخيار الوحيد"
"dji-goggles-n3","DJI Goggles N3","نظارة رقمية من منظومة DJI","النظارات","dji-goggles-n3:standard","الخيار الوحيد","front","no","web/public/assets/store/dji-goggles-n3/standard/02-front.webp","نظارة رقمية من منظومة DJI — الخيار الوحيد، من الأمام"
"dji-goggles-n3","DJI Goggles N3","نظارة رقمية من منظومة DJI","النظارات","dji-goggles-n3:standard","الخيار الوحيد","box","no","web/public/assets/store/dji-goggles-n3/standard/03-box.webp","محتويات صندوق نظارة رقمية من منظومة DJI — الخيار الوحيد"
"walksnail-avatar-hd-x","Walksnail Avatar HD Goggles X","نظّارة رقمية بوزن 290 غراماً ومدخل HDMI","النظارات","walksnail-avatar-hd-x:standard","الخيار الوحيد","main","yes","web/public/assets/store/walksnail-avatar-hd-x/standard/01-main.webp","نظّارة رقمية بوزن 290 غراماً ومدخل HDMI — الخيار الوحيد"
"walksnail-avatar-hd-x","Walksnail Avatar HD Goggles X","نظّارة رقمية بوزن 290 غراماً ومدخل HDMI","النظارات","walksnail-avatar-hd-x:standard","الخيار الوحيد","front","no","web/public/assets/store/walksnail-avatar-hd-x/standard/02-front.webp","نظّارة رقمية بوزن 290 غراماً ومدخل HDMI — الخيار الوحيد، من الأمام"
"walksnail-avatar-hd-x","Walksnail Avatar HD Goggles X","نظّارة رقمية بوزن 290 غراماً ومدخل HDMI","النظارات","walksnail-avatar-hd-x:standard","الخيار الوحيد","box","no","web/public/assets/store/walksnail-avatar-hd-x/standard/03-box.webp","محتويات صندوق نظّارة رقمية بوزن 290 غراماً ومدخل HDMI — الخيار الوحيد"
"hdzero-goggles","HDZero Goggle 2","نظّارة رقمية بتأخير 3 مللي ثانية","النظارات","hdzero-goggles:standard","الخيار الوحيد","main","yes","web/public/assets/store/hdzero-goggles/standard/01-main.webp","نظّارة رقمية بتأخير 3 مللي ثانية — الخيار الوحيد"
"hdzero-goggles","HDZero Goggle 2","نظّارة رقمية بتأخير 3 مللي ثانية","النظارات","hdzero-goggles:standard","الخيار الوحيد","front","no","web/public/assets/store/hdzero-goggles/standard/02-front.webp","نظّارة رقمية بتأخير 3 مللي ثانية — الخيار الوحيد، من الأمام"
"hdzero-goggles","HDZero Goggle 2","نظّارة رقمية بتأخير 3 مللي ثانية","النظارات","hdzero-goggles:standard","الخيار الوحيد","box","no","web/public/assets/store/hdzero-goggles/standard/03-box.webp","محتويات صندوق نظّارة رقمية بتأخير 3 مللي ثانية — الخيار الوحيد"
"cnhl-black-series-6s","CNHL Black Series 6S","بطارية 6S — اختر السعة بمكان بطاريتك","البطاريات","cnhl-black-series-6s:mah1100","1100 ميلي أمبير/ساعة — 100C","main","yes","web/public/assets/store/cnhl-black-series-6s/mah1100/01-main.webp","بطارية 6S — اختر السعة بمكان بطاريتك — 1100 ميلي أمبير/ساعة — 100C"
"cnhl-black-series-6s","CNHL Black Series 6S","بطارية 6S — اختر السعة بمكان بطاريتك","البطاريات","cnhl-black-series-6s:mah1100","1100 ميلي أمبير/ساعة — 100C","front","no","web/public/assets/store/cnhl-black-series-6s/mah1100/02-front.webp","بطارية 6S — اختر السعة بمكان بطاريتك — 1100 ميلي أمبير/ساعة — 100C، من الأمام"
"cnhl-black-series-6s","CNHL Black Series 6S","بطارية 6S — اختر السعة بمكان بطاريتك","البطاريات","cnhl-black-series-6s:mah1100","1100 ميلي أمبير/ساعة — 100C","box","no","web/public/assets/store/cnhl-black-series-6s/mah1100/03-box.webp","محتويات صندوق بطارية 6S — اختر السعة بمكان بطاريتك — 1100 ميلي أمبير/ساعة — 100C"
"cnhl-black-series-6s","CNHL Black Series 6S","بطارية 6S — اختر السعة بمكان بطاريتك","البطاريات","cnhl-black-series-6s:mah1500","1500 ميلي أمبير/ساعة — 130C","main","yes","web/public/assets/store/cnhl-black-series-6s/mah1500/01-main.webp","بطارية 6S — اختر السعة بمكان بطاريتك — 1500 ميلي أمبير/ساعة — 130C"
"cnhl-black-series-6s","CNHL Black Series 6S","بطارية 6S — اختر السعة بمكان بطاريتك","البطاريات","cnhl-black-series-6s:mah1500","1500 ميلي أمبير/ساعة — 130C","front","no","web/public/assets/store/cnhl-black-series-6s/mah1500/02-front.webp","بطارية 6S — اختر السعة بمكان بطاريتك — 1500 ميلي أمبير/ساعة — 130C، من الأمام"
"cnhl-black-series-6s","CNHL Black Series 6S","بطارية 6S — اختر السعة بمكان بطاريتك","البطاريات","cnhl-black-series-6s:mah1500","1500 ميلي أمبير/ساعة — 130C","box","no","web/public/assets/store/cnhl-black-series-6s/mah1500/03-box.webp","محتويات صندوق بطارية 6S — اختر السعة بمكان بطاريتك — 1500 ميلي أمبير/ساعة — 130C"
"cnhl-black-series-6s","CNHL Black Series 6S","بطارية 6S — اختر السعة بمكان بطاريتك","البطاريات","cnhl-black-series-6s:mah2000","2000 ميلي أمبير/ساعة — 100C","main","yes","web/public/assets/store/cnhl-black-series-6s/mah2000/01-main.webp","بطارية 6S — اختر السعة بمكان بطاريتك — 2000 ميلي أمبير/ساعة — 100C"
"cnhl-black-series-6s","CNHL Black Series 6S","بطارية 6S — اختر السعة بمكان بطاريتك","البطاريات","cnhl-black-series-6s:mah2000","2000 ميلي أمبير/ساعة — 100C","front","no","web/public/assets/store/cnhl-black-series-6s/mah2000/02-front.webp","بطارية 6S — اختر السعة بمكان بطاريتك — 2000 ميلي أمبير/ساعة — 100C، من الأمام"
"cnhl-black-series-6s","CNHL Black Series 6S","بطارية 6S — اختر السعة بمكان بطاريتك","البطاريات","cnhl-black-series-6s:mah2000","2000 ميلي أمبير/ساعة — 100C","box","no","web/public/assets/store/cnhl-black-series-6s/mah2000/03-box.webp","محتويات صندوق بطارية 6S — اختر السعة بمكان بطاريتك — 2000 ميلي أمبير/ساعة — 100C"
"cnhl-black-series-4s","CNHL Black Series 4S","بطارية 4S للمقاسات الصغيرة","البطاريات","cnhl-black-series-4s:mah1100","1100 ميلي أمبير/ساعة — 100C بموصّل XT60","main","yes","web/public/assets/store/cnhl-black-series-4s/mah1100/01-main.webp","بطارية 4S للمقاسات الصغيرة — 1100 ميلي أمبير/ساعة — 100C بموصّل XT60"
"cnhl-black-series-4s","CNHL Black Series 4S","بطارية 4S للمقاسات الصغيرة","البطاريات","cnhl-black-series-4s:mah1100","1100 ميلي أمبير/ساعة — 100C بموصّل XT60","front","no","web/public/assets/store/cnhl-black-series-4s/mah1100/02-front.webp","بطارية 4S للمقاسات الصغيرة — 1100 ميلي أمبير/ساعة — 100C بموصّل XT60، من الأمام"
"cnhl-black-series-4s","CNHL Black Series 4S","بطارية 4S للمقاسات الصغيرة","البطاريات","cnhl-black-series-4s:mah1100","1100 ميلي أمبير/ساعة — 100C بموصّل XT60","box","no","web/public/assets/store/cnhl-black-series-4s/mah1100/03-box.webp","محتويات صندوق بطارية 4S للمقاسات الصغيرة — 1100 ميلي أمبير/ساعة — 100C بموصّل XT60"
"cnhl-black-series-4s","CNHL Black Series 4S","بطارية 4S للمقاسات الصغيرة","البطاريات","cnhl-black-series-4s:mah1500","1500 ميلي أمبير/ساعة — 130C بموصّل XT60","main","yes","web/public/assets/store/cnhl-black-series-4s/mah1500/01-main.webp","بطارية 4S للمقاسات الصغيرة — 1500 ميلي أمبير/ساعة — 130C بموصّل XT60"
"cnhl-black-series-4s","CNHL Black Series 4S","بطارية 4S للمقاسات الصغيرة","البطاريات","cnhl-black-series-4s:mah1500","1500 ميلي أمبير/ساعة — 130C بموصّل XT60","front","no","web/public/assets/store/cnhl-black-series-4s/mah1500/02-front.webp","بطارية 4S للمقاسات الصغيرة — 1500 ميلي أمبير/ساعة — 130C بموصّل XT60، من الأمام"
"cnhl-black-series-4s","CNHL Black Series 4S","بطارية 4S للمقاسات الصغيرة","البطاريات","cnhl-black-series-4s:mah1500","1500 ميلي أمبير/ساعة — 130C بموصّل XT60","box","no","web/public/assets/store/cnhl-black-series-4s/mah1500/03-box.webp","محتويات صندوق بطارية 4S للمقاسات الصغيرة — 1500 ميلي أمبير/ساعة — 130C بموصّل XT60"
"isdt-q6-charger","ISDT Q6 Nano","شاحن موازنة بطاقة 200 واط","الشواحن","isdt-q6-charger:standard","الخيار الوحيد","main","yes","web/public/assets/store/isdt-q6-charger/standard/01-main.webp","شاحن موازنة بطاقة 200 واط — الخيار الوحيد"
"isdt-q6-charger","ISDT Q6 Nano","شاحن موازنة بطاقة 200 واط","الشواحن","isdt-q6-charger:standard","الخيار الوحيد","front","no","web/public/assets/store/isdt-q6-charger/standard/02-front.webp","شاحن موازنة بطاقة 200 واط — الخيار الوحيد، من الأمام"
"isdt-q6-charger","ISDT Q6 Nano","شاحن موازنة بطاقة 200 واط","الشواحن","isdt-q6-charger:standard","الخيار الوحيد","box","no","web/public/assets/store/isdt-q6-charger/standard/03-box.webp","محتويات صندوق شاحن موازنة بطاقة 200 واط — الخيار الوحيد"
"radiomaster-rp1","RadioMaster RP1 V2","مستقبِل ExpressLRS يُضبط من المتصفّح","المستقبلات","radiomaster-rp1:standard","الخيار الوحيد","main","yes","web/public/assets/store/radiomaster-rp1/standard/01-main.webp","مستقبِل ExpressLRS يُضبط من المتصفّح — الخيار الوحيد"
"radiomaster-rp1","RadioMaster RP1 V2","مستقبِل ExpressLRS يُضبط من المتصفّح","المستقبلات","radiomaster-rp1:standard","الخيار الوحيد","front","no","web/public/assets/store/radiomaster-rp1/standard/02-front.webp","مستقبِل ExpressLRS يُضبط من المتصفّح — الخيار الوحيد، من الأمام"
"truerc-x-air","TrueRC X-AIR 5.8 MK II","هوائي نظّارة عالي الكسب — لا هوائي طائرة","الهوائيات","truerc-x-air:standard","الخيار الوحيد","main","yes","web/public/assets/store/truerc-x-air/standard/01-main.webp","هوائي نظّارة عالي الكسب — لا هوائي طائرة — الخيار الوحيد"
"truerc-x-air","TrueRC X-AIR 5.8 MK II","هوائي نظّارة عالي الكسب — لا هوائي طائرة","الهوائيات","truerc-x-air:standard","الخيار الوحيد","front","no","web/public/assets/store/truerc-x-air/standard/02-front.webp","هوائي نظّارة عالي الكسب — لا هوائي طائرة — الخيار الوحيد، من الأمام"
"emax-eco-ii-2306","EMAX ECO II 2306","محرّك خمس إنشات اقتصادي بثلاث سرعات","المحركات","emax-eco-ii-2306:kv1700","1700KV — لبطارية 6S","main","yes","web/public/assets/store/emax-eco-ii-2306/kv1700/01-main.webp","محرّك خمس إنشات اقتصادي بثلاث سرعات — 1700KV — لبطارية 6S"
"emax-eco-ii-2306","EMAX ECO II 2306","محرّك خمس إنشات اقتصادي بثلاث سرعات","المحركات","emax-eco-ii-2306:kv1700","1700KV — لبطارية 6S","front","no","web/public/assets/store/emax-eco-ii-2306/kv1700/02-front.webp","محرّك خمس إنشات اقتصادي بثلاث سرعات — 1700KV — لبطارية 6S، من الأمام"
"emax-eco-ii-2306","EMAX ECO II 2306","محرّك خمس إنشات اقتصادي بثلاث سرعات","المحركات","emax-eco-ii-2306:kv1900","1900KV — لبطارية 6S","main","yes","web/public/assets/store/emax-eco-ii-2306/kv1900/01-main.webp","محرّك خمس إنشات اقتصادي بثلاث سرعات — 1900KV — لبطارية 6S"
"emax-eco-ii-2306","EMAX ECO II 2306","محرّك خمس إنشات اقتصادي بثلاث سرعات","المحركات","emax-eco-ii-2306:kv1900","1900KV — لبطارية 6S","front","no","web/public/assets/store/emax-eco-ii-2306/kv1900/02-front.webp","محرّك خمس إنشات اقتصادي بثلاث سرعات — 1900KV — لبطارية 6S، من الأمام"
"emax-eco-ii-2306","EMAX ECO II 2306","محرّك خمس إنشات اقتصادي بثلاث سرعات","المحركات","emax-eco-ii-2306:kv2400","2400KV — لبطارية 4S","main","yes","web/public/assets/store/emax-eco-ii-2306/kv2400/01-main.webp","محرّك خمس إنشات اقتصادي بثلاث سرعات — 2400KV — لبطارية 4S"
"emax-eco-ii-2306","EMAX ECO II 2306","محرّك خمس إنشات اقتصادي بثلاث سرعات","المحركات","emax-eco-ii-2306:kv2400","2400KV — لبطارية 4S","front","no","web/public/assets/store/emax-eco-ii-2306/kv2400/02-front.webp","محرّك خمس إنشات اقتصادي بثلاث سرعات — 2400KV — لبطارية 4S، من الأمام"
"tmotor-f60-pro-v","T-Motor F60 PRO V","محرّك 2207.5 بأربع سرعات دوران","المحركات","tmotor-f60-pro-v:standard","الخيار الوحيد","main","yes","web/public/assets/store/tmotor-f60-pro-v/standard/01-main.webp","محرّك 2207.5 بأربع سرعات دوران — الخيار الوحيد"
"tmotor-f60-pro-v","T-Motor F60 PRO V","محرّك 2207.5 بأربع سرعات دوران","المحركات","tmotor-f60-pro-v:standard","الخيار الوحيد","front","no","web/public/assets/store/tmotor-f60-pro-v/standard/02-front.webp","محرّك 2207.5 بأربع سرعات دوران — الخيار الوحيد، من الأمام"
"speedybee-f405-v4-stack","SpeedyBee F405 V4 Stack","طقم متحكّم وESC للخمس إنشات","متحكّمات الطيران","speedybee-f405-v4-stack:standard","الخيار الوحيد","main","yes","web/public/assets/store/speedybee-f405-v4-stack/standard/01-main.webp","طقم متحكّم وESC للخمس إنشات — الخيار الوحيد"
"speedybee-f405-v4-stack","SpeedyBee F405 V4 Stack","طقم متحكّم وESC للخمس إنشات","متحكّمات الطيران","speedybee-f405-v4-stack:standard","الخيار الوحيد","front","no","web/public/assets/store/speedybee-f405-v4-stack/standard/02-front.webp","طقم متحكّم وESC للخمس إنشات — الخيار الوحيد، من الأمام"
"speedybee-bls-50a","SpeedyBee F405 BLS 50A 4-in-1","وحدة ESC أربعة في واحد بمقاس 30.5 مم","وحدات ESC","speedybee-bls-50a:standard","الخيار الوحيد","main","yes","web/public/assets/store/speedybee-bls-50a/standard/01-main.webp","وحدة ESC أربعة في واحد بمقاس 30.5 مم — الخيار الوحيد"
"speedybee-bls-50a","SpeedyBee F405 BLS 50A 4-in-1","وحدة ESC أربعة في واحد بمقاس 30.5 مم","وحدات ESC","speedybee-bls-50a:standard","الخيار الوحيد","front","no","web/public/assets/store/speedybee-bls-50a/standard/02-front.webp","وحدة ESC أربعة في واحد بمقاس 30.5 مم — الخيار الوحيد، من الأمام"
"armattan-marmotte","Armattan Marmotte 5""","هيكل خمس إنشات بضمان يغطّي الكربون والمعدن","الهياكل","armattan-marmotte:standard","الخيار الوحيد","main","yes","web/public/assets/store/armattan-marmotte/standard/01-main.webp","هيكل خمس إنشات بضمان يغطّي الكربون والمعدن — الخيار الوحيد"
"armattan-marmotte","Armattan Marmotte 5""","هيكل خمس إنشات بضمان يغطّي الكربون والمعدن","الهياكل","armattan-marmotte:standard","الخيار الوحيد","front","no","web/public/assets/store/armattan-marmotte/standard/02-front.webp","هيكل خمس إنشات بضمان يغطّي الكربون والمعدن — الخيار الوحيد، من الأمام"
"caddx-ratel-2","Caddx Ratel 2","كاميرا تناظرية قوية في الضوء المنخفض","الكاميرات","caddx-ratel-2:standard","الخيار الوحيد","main","yes","web/public/assets/store/caddx-ratel-2/standard/01-main.webp","كاميرا تناظرية قوية في الضوء المنخفض — الخيار الوحيد"
"caddx-ratel-2","Caddx Ratel 2","كاميرا تناظرية قوية في الضوء المنخفض","الكاميرات","caddx-ratel-2:standard","الخيار الوحيد","front","no","web/public/assets/store/caddx-ratel-2/standard/02-front.webp","كاميرا تناظرية قوية في الضوء المنخفض — الخيار الوحيد، من الأمام"
"rush-tank-ultimate","RushFPV TANK II ULTIMATE","مرسل تماثلي بخمسة مستويات طاقة حتى 800 ميلي واط","وحدات البث","rush-tank-ultimate:standard","الخيار الوحيد","main","yes","web/public/assets/store/rush-tank-ultimate/standard/01-main.webp","مرسل تماثلي بخمسة مستويات طاقة حتى 800 ميلي واط — الخيار الوحيد"
"rush-tank-ultimate","RushFPV TANK II ULTIMATE","مرسل تماثلي بخمسة مستويات طاقة حتى 800 ميلي واط","وحدات البث","rush-tank-ultimate:standard","الخيار الوحيد","front","no","web/public/assets/store/rush-tank-ultimate/standard/02-front.webp","مرسل تماثلي بخمسة مستويات طاقة حتى 800 ميلي واط — الخيار الوحيد، من الأمام"
"dji-o3-air-unit","DJI O3 Air Unit","وحدة طائرة رقمية من DJI","وحدات الطائرة الرقمية","dji-o3-air-unit:standard","الخيار الوحيد","main","yes","web/public/assets/store/dji-o3-air-unit/standard/01-main.webp","وحدة طائرة رقمية من DJI — الخيار الوحيد"
"dji-o3-air-unit","DJI O3 Air Unit","وحدة طائرة رقمية من DJI","وحدات الطائرة الرقمية","dji-o3-air-unit:standard","الخيار الوحيد","front","no","web/public/assets/store/dji-o3-air-unit/standard/02-front.webp","وحدة طائرة رقمية من DJI — الخيار الوحيد، من الأمام"
"dji-o3-air-unit","DJI O3 Air Unit","وحدة طائرة رقمية من DJI","وحدات الطائرة الرقمية","dji-o3-air-unit:standard","الخيار الوحيد","box","no","web/public/assets/store/dji-o3-air-unit/standard/03-box.webp","محتويات صندوق وحدة طائرة رقمية من DJI — الخيار الوحيد"
"matek-m10-gps","Matek M10 GPS","وحدة GPS صغيرة للمدى الطويل","وحدات GPS","matek-m10-gps:standard","الخيار الوحيد","main","yes","web/public/assets/store/matek-m10-gps/standard/01-main.webp","وحدة GPS صغيرة للمدى الطويل — الخيار الوحيد"
"matek-m10-gps","Matek M10 GPS","وحدة GPS صغيرة للمدى الطويل","وحدات GPS","matek-m10-gps:standard","الخيار الوحيد","front","no","web/public/assets/store/matek-m10-gps/standard/02-front.webp","وحدة GPS صغيرة للمدى الطويل — الخيار الوحيد، من الأمام"
"lipo-safe-bag","LiPo Safe Bag","حقيبة شحن وتخزين مقاوِمة للحريق","الإكسسوارات","lipo-safe-bag:standard","الخيار الوحيد","main","yes","web/public/assets/store/lipo-safe-bag/standard/01-main.webp","حقيبة شحن وتخزين مقاوِمة للحريق — الخيار الوحيد"
"lipo-safe-bag","LiPo Safe Bag","حقيبة شحن وتخزين مقاوِمة للحريق","الإكسسوارات","lipo-safe-bag:standard","الخيار الوحيد","front","no","web/public/assets/store/lipo-safe-bag/standard/02-front.webp","حقيبة شحن وتخزين مقاوِمة للحريق — الخيار الوحيد، من الأمام"
"betafpv-cetus-x","BetaFPV Cetus X","طقم كامل بمقاس إنشين للانتقال بعد الووب","مقاس 2 إنش","betafpv-cetus-x:elrs","طقم ExpressLRS — تماثلي","main","yes","web/public/assets/store/betafpv-cetus-x/elrs/01-main.webp","طقم كامل بمقاس إنشين للانتقال بعد الووب — طقم ExpressLRS — تماثلي"
"betafpv-cetus-x","BetaFPV Cetus X","طقم كامل بمقاس إنشين للانتقال بعد الووب","مقاس 2 إنش","betafpv-cetus-x:elrs","طقم ExpressLRS — تماثلي","front","no","web/public/assets/store/betafpv-cetus-x/elrs/02-front.webp","طقم كامل بمقاس إنشين للانتقال بعد الووب — طقم ExpressLRS — تماثلي، من الأمام"
"betafpv-cetus-x","BetaFPV Cetus X","طقم كامل بمقاس إنشين للانتقال بعد الووب","مقاس 2 إنش","betafpv-cetus-x:elrs","طقم ExpressLRS — تماثلي","side","no","web/public/assets/store/betafpv-cetus-x/elrs/03-side.webp","طقم كامل بمقاس إنشين للانتقال بعد الووب — طقم ExpressLRS — تماثلي، من الجانب"
"betafpv-cetus-x","BetaFPV Cetus X","طقم كامل بمقاس إنشين للانتقال بعد الووب","مقاس 2 إنش","betafpv-cetus-x:elrs","طقم ExpressLRS — تماثلي","box","no","web/public/assets/store/betafpv-cetus-x/elrs/04-box.webp","محتويات صندوق طقم كامل بمقاس إنشين للانتقال بعد الووب — طقم ExpressLRS — تماثلي"
"betafpv-cetus-x","BetaFPV Cetus X","طقم كامل بمقاس إنشين للانتقال بعد الووب","مقاس 2 إنش","betafpv-cetus-x:elrs","طقم ExpressLRS — تماثلي","accessories","no","web/public/assets/store/betafpv-cetus-x/elrs/05-accessories.webp","ملحقات طقم كامل بمقاس إنشين للانتقال بعد الووب — طقم ExpressLRS — تماثلي"
"betafpv-cetus-x","BetaFPV Cetus X","طقم كامل بمقاس إنشين للانتقال بعد الووب","مقاس 2 إنش","betafpv-cetus-x:frsky","طقم FrSky D8 — تماثلي","main","yes","web/public/assets/store/betafpv-cetus-x/frsky/01-main.webp","طقم كامل بمقاس إنشين للانتقال بعد الووب — طقم FrSky D8 — تماثلي"
"betafpv-cetus-x","BetaFPV Cetus X","طقم كامل بمقاس إنشين للانتقال بعد الووب","مقاس 2 إنش","betafpv-cetus-x:frsky","طقم FrSky D8 — تماثلي","front","no","web/public/assets/store/betafpv-cetus-x/frsky/02-front.webp","طقم كامل بمقاس إنشين للانتقال بعد الووب — طقم FrSky D8 — تماثلي، من الأمام"
"betafpv-cetus-x","BetaFPV Cetus X","طقم كامل بمقاس إنشين للانتقال بعد الووب","مقاس 2 إنش","betafpv-cetus-x:frsky","طقم FrSky D8 — تماثلي","side","no","web/public/assets/store/betafpv-cetus-x/frsky/03-side.webp","طقم كامل بمقاس إنشين للانتقال بعد الووب — طقم FrSky D8 — تماثلي، من الجانب"
"betafpv-cetus-x","BetaFPV Cetus X","طقم كامل بمقاس إنشين للانتقال بعد الووب","مقاس 2 إنش","betafpv-cetus-x:frsky","طقم FrSky D8 — تماثلي","box","no","web/public/assets/store/betafpv-cetus-x/frsky/04-box.webp","محتويات صندوق طقم كامل بمقاس إنشين للانتقال بعد الووب — طقم FrSky D8 — تماثلي"
"betafpv-cetus-x","BetaFPV Cetus X","طقم كامل بمقاس إنشين للانتقال بعد الووب","مقاس 2 إنش","betafpv-cetus-x:frsky","طقم FrSky D8 — تماثلي","accessories","no","web/public/assets/store/betafpv-cetus-x/frsky/05-accessories.webp","ملحقات طقم كامل بمقاس إنشين للانتقال بعد الووب — طقم FrSky D8 — تماثلي"
"betafpv-cetus-x","BetaFPV Cetus X","طقم كامل بمقاس إنشين للانتقال بعد الووب","مقاس 2 إنش","betafpv-cetus-x:hd","طقم HD — فيديو رقمي","main","yes","web/public/assets/store/betafpv-cetus-x/hd/01-main.webp","طقم كامل بمقاس إنشين للانتقال بعد الووب — طقم HD — فيديو رقمي"
"betafpv-cetus-x","BetaFPV Cetus X","طقم كامل بمقاس إنشين للانتقال بعد الووب","مقاس 2 إنش","betafpv-cetus-x:hd","طقم HD — فيديو رقمي","front","no","web/public/assets/store/betafpv-cetus-x/hd/02-front.webp","طقم كامل بمقاس إنشين للانتقال بعد الووب — طقم HD — فيديو رقمي، من الأمام"
"betafpv-cetus-x","BetaFPV Cetus X","طقم كامل بمقاس إنشين للانتقال بعد الووب","مقاس 2 إنش","betafpv-cetus-x:hd","طقم HD — فيديو رقمي","side","no","web/public/assets/store/betafpv-cetus-x/hd/03-side.webp","طقم كامل بمقاس إنشين للانتقال بعد الووب — طقم HD — فيديو رقمي، من الجانب"
"betafpv-cetus-x","BetaFPV Cetus X","طقم كامل بمقاس إنشين للانتقال بعد الووب","مقاس 2 إنش","betafpv-cetus-x:hd","طقم HD — فيديو رقمي","box","no","web/public/assets/store/betafpv-cetus-x/hd/04-box.webp","محتويات صندوق طقم كامل بمقاس إنشين للانتقال بعد الووب — طقم HD — فيديو رقمي"
"betafpv-cetus-x","BetaFPV Cetus X","طقم كامل بمقاس إنشين للانتقال بعد الووب","مقاس 2 إنش","betafpv-cetus-x:hd","طقم HD — فيديو رقمي","accessories","no","web/public/assets/store/betafpv-cetus-x/hd/05-accessories.webp","ملحقات طقم كامل بمقاس إنشين للانتقال بعد الووب — طقم HD — فيديو رقمي"
"happymodel-mobula8","HappyModel Mobula8","ووب 85 مم يقبل بطارية 1S أو 2S","مقاس 2 إنش","happymodel-mobula8:elrs-uart","مستقبِل ExpressLRS عبر UART","main","yes","web/public/assets/store/happymodel-mobula8/elrs-uart/01-main.webp","ووب 85 مم يقبل بطارية 1S أو 2S — مستقبِل ExpressLRS عبر UART"
"happymodel-mobula8","HappyModel Mobula8","ووب 85 مم يقبل بطارية 1S أو 2S","مقاس 2 إنش","happymodel-mobula8:elrs-uart","مستقبِل ExpressLRS عبر UART","front","no","web/public/assets/store/happymodel-mobula8/elrs-uart/02-front.webp","ووب 85 مم يقبل بطارية 1S أو 2S — مستقبِل ExpressLRS عبر UART، من الأمام"
"happymodel-mobula8","HappyModel Mobula8","ووب 85 مم يقبل بطارية 1S أو 2S","مقاس 2 إنش","happymodel-mobula8:elrs-uart","مستقبِل ExpressLRS عبر UART","side","no","web/public/assets/store/happymodel-mobula8/elrs-uart/03-side.webp","ووب 85 مم يقبل بطارية 1S أو 2S — مستقبِل ExpressLRS عبر UART، من الجانب"
"happymodel-mobula8","HappyModel Mobula8","ووب 85 مم يقبل بطارية 1S أو 2S","مقاس 2 إنش","happymodel-mobula8:elrs-uart","مستقبِل ExpressLRS عبر UART","box","no","web/public/assets/store/happymodel-mobula8/elrs-uart/04-box.webp","محتويات صندوق ووب 85 مم يقبل بطارية 1S أو 2S — مستقبِل ExpressLRS عبر UART"
"happymodel-mobula8","HappyModel Mobula8","ووب 85 مم يقبل بطارية 1S أو 2S","مقاس 2 إنش","happymodel-mobula8:elrs-uart","مستقبِل ExpressLRS عبر UART","accessories","no","web/public/assets/store/happymodel-mobula8/elrs-uart/05-accessories.webp","ملحقات ووب 85 مم يقبل بطارية 1S أو 2S — مستقبِل ExpressLRS عبر UART"
"happymodel-mobula8","HappyModel Mobula8","ووب 85 مم يقبل بطارية 1S أو 2S","مقاس 2 إنش","happymodel-mobula8:elrs-spi","مستقبِل ExpressLRS مدمج من نوع SPI","main","yes","web/public/assets/store/happymodel-mobula8/elrs-spi/01-main.webp","ووب 85 مم يقبل بطارية 1S أو 2S — مستقبِل ExpressLRS مدمج من نوع SPI"
"happymodel-mobula8","HappyModel Mobula8","ووب 85 مم يقبل بطارية 1S أو 2S","مقاس 2 إنش","happymodel-mobula8:elrs-spi","مستقبِل ExpressLRS مدمج من نوع SPI","front","no","web/public/assets/store/happymodel-mobula8/elrs-spi/02-front.webp","ووب 85 مم يقبل بطارية 1S أو 2S — مستقبِل ExpressLRS مدمج من نوع SPI، من الأمام"
"happymodel-mobula8","HappyModel Mobula8","ووب 85 مم يقبل بطارية 1S أو 2S","مقاس 2 إنش","happymodel-mobula8:elrs-spi","مستقبِل ExpressLRS مدمج من نوع SPI","side","no","web/public/assets/store/happymodel-mobula8/elrs-spi/03-side.webp","ووب 85 مم يقبل بطارية 1S أو 2S — مستقبِل ExpressLRS مدمج من نوع SPI، من الجانب"
"happymodel-mobula8","HappyModel Mobula8","ووب 85 مم يقبل بطارية 1S أو 2S","مقاس 2 إنش","happymodel-mobula8:elrs-spi","مستقبِل ExpressLRS مدمج من نوع SPI","box","no","web/public/assets/store/happymodel-mobula8/elrs-spi/04-box.webp","محتويات صندوق ووب 85 مم يقبل بطارية 1S أو 2S — مستقبِل ExpressLRS مدمج من نوع SPI"
"happymodel-mobula8","HappyModel Mobula8","ووب 85 مم يقبل بطارية 1S أو 2S","مقاس 2 إنش","happymodel-mobula8:elrs-spi","مستقبِل ExpressLRS مدمج من نوع SPI","accessories","no","web/public/assets/store/happymodel-mobula8/elrs-spi/05-accessories.webp","ملحقات ووب 85 مم يقبل بطارية 1S أو 2S — مستقبِل ExpressLRS مدمج من نوع SPI"
"happymodel-mobula8","HappyModel Mobula8","ووب 85 مم يقبل بطارية 1S أو 2S","مقاس 2 إنش","happymodel-mobula8:flysky-spi","مستقبِل FlySky مدمج من نوع SPI","main","yes","web/public/assets/store/happymodel-mobula8/flysky-spi/01-main.webp","ووب 85 مم يقبل بطارية 1S أو 2S — مستقبِل FlySky مدمج من نوع SPI"
"happymodel-mobula8","HappyModel Mobula8","ووب 85 مم يقبل بطارية 1S أو 2S","مقاس 2 إنش","happymodel-mobula8:flysky-spi","مستقبِل FlySky مدمج من نوع SPI","front","no","web/public/assets/store/happymodel-mobula8/flysky-spi/02-front.webp","ووب 85 مم يقبل بطارية 1S أو 2S — مستقبِل FlySky مدمج من نوع SPI، من الأمام"
"happymodel-mobula8","HappyModel Mobula8","ووب 85 مم يقبل بطارية 1S أو 2S","مقاس 2 إنش","happymodel-mobula8:flysky-spi","مستقبِل FlySky مدمج من نوع SPI","side","no","web/public/assets/store/happymodel-mobula8/flysky-spi/03-side.webp","ووب 85 مم يقبل بطارية 1S أو 2S — مستقبِل FlySky مدمج من نوع SPI، من الجانب"
"happymodel-mobula8","HappyModel Mobula8","ووب 85 مم يقبل بطارية 1S أو 2S","مقاس 2 إنش","happymodel-mobula8:flysky-spi","مستقبِل FlySky مدمج من نوع SPI","box","no","web/public/assets/store/happymodel-mobula8/flysky-spi/04-box.webp","محتويات صندوق ووب 85 مم يقبل بطارية 1S أو 2S — مستقبِل FlySky مدمج من نوع SPI"
"happymodel-mobula8","HappyModel Mobula8","ووب 85 مم يقبل بطارية 1S أو 2S","مقاس 2 إنش","happymodel-mobula8:flysky-spi","مستقبِل FlySky مدمج من نوع SPI","accessories","no","web/public/assets/store/happymodel-mobula8/flysky-spi/05-accessories.webp","ملحقات ووب 85 مم يقبل بطارية 1S أو 2S — مستقبِل FlySky مدمج من نوع SPI"
"happymodel-mobula8","HappyModel Mobula8","ووب 85 مم يقبل بطارية 1S أو 2S","مقاس 2 إنش","happymodel-mobula8:hd","نسخة رقمية — تُطلب بوحدة الفيديو التي تناسب نظّارتك","main","yes","web/public/assets/store/happymodel-mobula8/hd/01-main.webp","ووب 85 مم يقبل بطارية 1S أو 2S — نسخة رقمية — تُطلب بوحدة الفيديو التي تناسب نظّارتك"
"happymodel-mobula8","HappyModel Mobula8","ووب 85 مم يقبل بطارية 1S أو 2S","مقاس 2 إنش","happymodel-mobula8:hd","نسخة رقمية — تُطلب بوحدة الفيديو التي تناسب نظّارتك","front","no","web/public/assets/store/happymodel-mobula8/hd/02-front.webp","ووب 85 مم يقبل بطارية 1S أو 2S — نسخة رقمية — تُطلب بوحدة الفيديو التي تناسب نظّارتك، من الأمام"
"happymodel-mobula8","HappyModel Mobula8","ووب 85 مم يقبل بطارية 1S أو 2S","مقاس 2 إنش","happymodel-mobula8:hd","نسخة رقمية — تُطلب بوحدة الفيديو التي تناسب نظّارتك","side","no","web/public/assets/store/happymodel-mobula8/hd/03-side.webp","ووب 85 مم يقبل بطارية 1S أو 2S — نسخة رقمية — تُطلب بوحدة الفيديو التي تناسب نظّارتك، من الجانب"
"happymodel-mobula8","HappyModel Mobula8","ووب 85 مم يقبل بطارية 1S أو 2S","مقاس 2 إنش","happymodel-mobula8:hd","نسخة رقمية — تُطلب بوحدة الفيديو التي تناسب نظّارتك","box","no","web/public/assets/store/happymodel-mobula8/hd/04-box.webp","محتويات صندوق ووب 85 مم يقبل بطارية 1S أو 2S — نسخة رقمية — تُطلب بوحدة الفيديو التي تناسب نظّارتك"
"happymodel-mobula8","HappyModel Mobula8","ووب 85 مم يقبل بطارية 1S أو 2S","مقاس 2 إنش","happymodel-mobula8:hd","نسخة رقمية — تُطلب بوحدة الفيديو التي تناسب نظّارتك","accessories","no","web/public/assets/store/happymodel-mobula8/hd/05-accessories.webp","ملحقات ووب 85 مم يقبل بطارية 1S أو 2S — نسخة رقمية — تُطلب بوحدة الفيديو التي تناسب نظّارتك"
"betafpv-pavo25","BetaFPV Pavo25 V2","سينيووب 2.5 إنش يُباع بلا نظام فيديو","مقاس 2.5 إنش","betafpv-pavo25:standard","الخيار الوحيد","main","yes","web/public/assets/store/betafpv-pavo25/standard/01-main.webp","سينيووب 2.5 إنش يُباع بلا نظام فيديو — الخيار الوحيد"
"betafpv-pavo25","BetaFPV Pavo25 V2","سينيووب 2.5 إنش يُباع بلا نظام فيديو","مقاس 2.5 إنش","betafpv-pavo25:standard","الخيار الوحيد","front","no","web/public/assets/store/betafpv-pavo25/standard/02-front.webp","سينيووب 2.5 إنش يُباع بلا نظام فيديو — الخيار الوحيد، من الأمام"
"betafpv-pavo25","BetaFPV Pavo25 V2","سينيووب 2.5 إنش يُباع بلا نظام فيديو","مقاس 2.5 إنش","betafpv-pavo25:standard","الخيار الوحيد","side","no","web/public/assets/store/betafpv-pavo25/standard/03-side.webp","سينيووب 2.5 إنش يُباع بلا نظام فيديو — الخيار الوحيد، من الجانب"
"betafpv-pavo25","BetaFPV Pavo25 V2","سينيووب 2.5 إنش يُباع بلا نظام فيديو","مقاس 2.5 إنش","betafpv-pavo25:standard","الخيار الوحيد","box","no","web/public/assets/store/betafpv-pavo25/standard/04-box.webp","محتويات صندوق سينيووب 2.5 إنش يُباع بلا نظام فيديو — الخيار الوحيد"
"betafpv-pavo25","BetaFPV Pavo25 V2","سينيووب 2.5 إنش يُباع بلا نظام فيديو","مقاس 2.5 إنش","betafpv-pavo25:standard","الخيار الوحيد","accessories","no","web/public/assets/store/betafpv-pavo25/standard/05-accessories.webp","ملحقات سينيووب 2.5 إنش يُباع بلا نظام فيديو — الخيار الوحيد"
"geprc-cinebot25","GEPRC Cinebot25 V2","سينيووب 2.5 إنش بوحدة DJI O4 Air Unit Pro","مقاس 2.5 إنش","geprc-cinebot25:o4-pro","نسخة DJI O4 Air Unit Pro","main","yes","web/public/assets/store/geprc-cinebot25/o4-pro/01-main.webp","سينيووب 2.5 إنش بوحدة DJI O4 Air Unit Pro — نسخة DJI O4 Air Unit Pro"
"geprc-cinebot25","GEPRC Cinebot25 V2","سينيووب 2.5 إنش بوحدة DJI O4 Air Unit Pro","مقاس 2.5 إنش","geprc-cinebot25:o4-pro","نسخة DJI O4 Air Unit Pro","front","no","web/public/assets/store/geprc-cinebot25/o4-pro/02-front.webp","سينيووب 2.5 إنش بوحدة DJI O4 Air Unit Pro — نسخة DJI O4 Air Unit Pro، من الأمام"
"geprc-cinebot25","GEPRC Cinebot25 V2","سينيووب 2.5 إنش بوحدة DJI O4 Air Unit Pro","مقاس 2.5 إنش","geprc-cinebot25:o4-pro","نسخة DJI O4 Air Unit Pro","side","no","web/public/assets/store/geprc-cinebot25/o4-pro/03-side.webp","سينيووب 2.5 إنش بوحدة DJI O4 Air Unit Pro — نسخة DJI O4 Air Unit Pro، من الجانب"
"geprc-cinebot25","GEPRC Cinebot25 V2","سينيووب 2.5 إنش بوحدة DJI O4 Air Unit Pro","مقاس 2.5 إنش","geprc-cinebot25:o4-pro","نسخة DJI O4 Air Unit Pro","box","no","web/public/assets/store/geprc-cinebot25/o4-pro/04-box.webp","محتويات صندوق سينيووب 2.5 إنش بوحدة DJI O4 Air Unit Pro — نسخة DJI O4 Air Unit Pro"
"geprc-cinebot25","GEPRC Cinebot25 V2","سينيووب 2.5 إنش بوحدة DJI O4 Air Unit Pro","مقاس 2.5 إنش","geprc-cinebot25:o4-pro","نسخة DJI O4 Air Unit Pro","accessories","no","web/public/assets/store/geprc-cinebot25/o4-pro/05-accessories.webp","ملحقات سينيووب 2.5 إنش بوحدة DJI O4 Air Unit Pro — نسخة DJI O4 Air Unit Pro"
"geprc-cinebot25","GEPRC Cinebot25 V2","سينيووب 2.5 إنش بوحدة DJI O4 Air Unit Pro","مقاس 2.5 إنش","geprc-cinebot25:wtfpv","نسخة WTFPV","main","yes","web/public/assets/store/geprc-cinebot25/wtfpv/01-main.webp","سينيووب 2.5 إنش بوحدة DJI O4 Air Unit Pro — نسخة WTFPV"
"geprc-cinebot25","GEPRC Cinebot25 V2","سينيووب 2.5 إنش بوحدة DJI O4 Air Unit Pro","مقاس 2.5 إنش","geprc-cinebot25:wtfpv","نسخة WTFPV","front","no","web/public/assets/store/geprc-cinebot25/wtfpv/02-front.webp","سينيووب 2.5 إنش بوحدة DJI O4 Air Unit Pro — نسخة WTFPV، من الأمام"
"geprc-cinebot25","GEPRC Cinebot25 V2","سينيووب 2.5 إنش بوحدة DJI O4 Air Unit Pro","مقاس 2.5 إنش","geprc-cinebot25:wtfpv","نسخة WTFPV","side","no","web/public/assets/store/geprc-cinebot25/wtfpv/03-side.webp","سينيووب 2.5 إنش بوحدة DJI O4 Air Unit Pro — نسخة WTFPV، من الجانب"
"geprc-cinebot25","GEPRC Cinebot25 V2","سينيووب 2.5 إنش بوحدة DJI O4 Air Unit Pro","مقاس 2.5 إنش","geprc-cinebot25:wtfpv","نسخة WTFPV","box","no","web/public/assets/store/geprc-cinebot25/wtfpv/04-box.webp","محتويات صندوق سينيووب 2.5 إنش بوحدة DJI O4 Air Unit Pro — نسخة WTFPV"
"geprc-cinebot25","GEPRC Cinebot25 V2","سينيووب 2.5 إنش بوحدة DJI O4 Air Unit Pro","مقاس 2.5 إنش","geprc-cinebot25:wtfpv","نسخة WTFPV","accessories","no","web/public/assets/store/geprc-cinebot25/wtfpv/05-accessories.webp","ملحقات سينيووب 2.5 إنش بوحدة DJI O4 Air Unit Pro — نسخة WTFPV"
"geprc-cinelog30","GEPRC Cinelog30 V3","سينيووب 3 إنش بزمن طيران معلَن يتجاوز ثماني دقائق","مقاس 3 إنش","geprc-cinelog30:o4-pro","نسخة DJI O4 Air Unit Pro","main","yes","web/public/assets/store/geprc-cinelog30/o4-pro/01-main.webp","سينيووب 3 إنش بزمن طيران معلَن يتجاوز ثماني دقائق — نسخة DJI O4 Air Unit Pro"
"geprc-cinelog30","GEPRC Cinelog30 V3","سينيووب 3 إنش بزمن طيران معلَن يتجاوز ثماني دقائق","مقاس 3 إنش","geprc-cinelog30:o4-pro","نسخة DJI O4 Air Unit Pro","front","no","web/public/assets/store/geprc-cinelog30/o4-pro/02-front.webp","سينيووب 3 إنش بزمن طيران معلَن يتجاوز ثماني دقائق — نسخة DJI O4 Air Unit Pro، من الأمام"
"geprc-cinelog30","GEPRC Cinelog30 V3","سينيووب 3 إنش بزمن طيران معلَن يتجاوز ثماني دقائق","مقاس 3 إنش","geprc-cinelog30:o4-pro","نسخة DJI O4 Air Unit Pro","side","no","web/public/assets/store/geprc-cinelog30/o4-pro/03-side.webp","سينيووب 3 إنش بزمن طيران معلَن يتجاوز ثماني دقائق — نسخة DJI O4 Air Unit Pro، من الجانب"
"geprc-cinelog30","GEPRC Cinelog30 V3","سينيووب 3 إنش بزمن طيران معلَن يتجاوز ثماني دقائق","مقاس 3 إنش","geprc-cinelog30:o4-pro","نسخة DJI O4 Air Unit Pro","box","no","web/public/assets/store/geprc-cinelog30/o4-pro/04-box.webp","محتويات صندوق سينيووب 3 إنش بزمن طيران معلَن يتجاوز ثماني دقائق — نسخة DJI O4 Air Unit Pro"
"geprc-cinelog30","GEPRC Cinelog30 V3","سينيووب 3 إنش بزمن طيران معلَن يتجاوز ثماني دقائق","مقاس 3 إنش","geprc-cinelog30:o4-pro","نسخة DJI O4 Air Unit Pro","accessories","no","web/public/assets/store/geprc-cinelog30/o4-pro/05-accessories.webp","ملحقات سينيووب 3 إنش بزمن طيران معلَن يتجاوز ثماني دقائق — نسخة DJI O4 Air Unit Pro"
"geprc-cinelog30","GEPRC Cinelog30 V3","سينيووب 3 إنش بزمن طيران معلَن يتجاوز ثماني دقائق","مقاس 3 إنش","geprc-cinelog30:wtfpv","نسخة WTFPV","main","yes","web/public/assets/store/geprc-cinelog30/wtfpv/01-main.webp","سينيووب 3 إنش بزمن طيران معلَن يتجاوز ثماني دقائق — نسخة WTFPV"
"geprc-cinelog30","GEPRC Cinelog30 V3","سينيووب 3 إنش بزمن طيران معلَن يتجاوز ثماني دقائق","مقاس 3 إنش","geprc-cinelog30:wtfpv","نسخة WTFPV","front","no","web/public/assets/store/geprc-cinelog30/wtfpv/02-front.webp","سينيووب 3 إنش بزمن طيران معلَن يتجاوز ثماني دقائق — نسخة WTFPV، من الأمام"
"geprc-cinelog30","GEPRC Cinelog30 V3","سينيووب 3 إنش بزمن طيران معلَن يتجاوز ثماني دقائق","مقاس 3 إنش","geprc-cinelog30:wtfpv","نسخة WTFPV","side","no","web/public/assets/store/geprc-cinelog30/wtfpv/03-side.webp","سينيووب 3 إنش بزمن طيران معلَن يتجاوز ثماني دقائق — نسخة WTFPV، من الجانب"
"geprc-cinelog30","GEPRC Cinelog30 V3","سينيووب 3 إنش بزمن طيران معلَن يتجاوز ثماني دقائق","مقاس 3 إنش","geprc-cinelog30:wtfpv","نسخة WTFPV","box","no","web/public/assets/store/geprc-cinelog30/wtfpv/04-box.webp","محتويات صندوق سينيووب 3 إنش بزمن طيران معلَن يتجاوز ثماني دقائق — نسخة WTFPV"
"geprc-cinelog30","GEPRC Cinelog30 V3","سينيووب 3 إنش بزمن طيران معلَن يتجاوز ثماني دقائق","مقاس 3 إنش","geprc-cinelog30:wtfpv","نسخة WTFPV","accessories","no","web/public/assets/store/geprc-cinelog30/wtfpv/05-accessories.webp","ملحقات سينيووب 3 إنش بزمن طيران معلَن يتجاوز ثماني دقائق — نسخة WTFPV"
"geprc-cinebot30","GEPRC Cinebot30","طائرة تصوير 3 إنش بمراوح مكشوفة","مقاس 3 إنش","geprc-cinebot30:analog","نسخة تماثلية","main","yes","web/public/assets/store/geprc-cinebot30/analog/01-main.webp","طائرة تصوير 3 إنش بمراوح مكشوفة — نسخة تماثلية"
"geprc-cinebot30","GEPRC Cinebot30","طائرة تصوير 3 إنش بمراوح مكشوفة","مقاس 3 إنش","geprc-cinebot30:analog","نسخة تماثلية","front","no","web/public/assets/store/geprc-cinebot30/analog/02-front.webp","طائرة تصوير 3 إنش بمراوح مكشوفة — نسخة تماثلية، من الأمام"
"geprc-cinebot30","GEPRC Cinebot30","طائرة تصوير 3 إنش بمراوح مكشوفة","مقاس 3 إنش","geprc-cinebot30:analog","نسخة تماثلية","side","no","web/public/assets/store/geprc-cinebot30/analog/03-side.webp","طائرة تصوير 3 إنش بمراوح مكشوفة — نسخة تماثلية، من الجانب"
"geprc-cinebot30","GEPRC Cinebot30","طائرة تصوير 3 إنش بمراوح مكشوفة","مقاس 3 إنش","geprc-cinebot30:analog","نسخة تماثلية","box","no","web/public/assets/store/geprc-cinebot30/analog/04-box.webp","محتويات صندوق طائرة تصوير 3 إنش بمراوح مكشوفة — نسخة تماثلية"
"geprc-cinebot30","GEPRC Cinebot30","طائرة تصوير 3 إنش بمراوح مكشوفة","مقاس 3 إنش","geprc-cinebot30:analog","نسخة تماثلية","accessories","no","web/public/assets/store/geprc-cinebot30/analog/05-accessories.webp","ملحقات طائرة تصوير 3 إنش بمراوح مكشوفة — نسخة تماثلية"
"geprc-cinebot30","GEPRC Cinebot30","طائرة تصوير 3 إنش بمراوح مكشوفة","مقاس 3 إنش","geprc-cinebot30:hd-o3","نسخة DJI O3","main","yes","web/public/assets/store/geprc-cinebot30/hd-o3/01-main.webp","طائرة تصوير 3 إنش بمراوح مكشوفة — نسخة DJI O3"
"geprc-cinebot30","GEPRC Cinebot30","طائرة تصوير 3 إنش بمراوح مكشوفة","مقاس 3 إنش","geprc-cinebot30:hd-o3","نسخة DJI O3","front","no","web/public/assets/store/geprc-cinebot30/hd-o3/02-front.webp","طائرة تصوير 3 إنش بمراوح مكشوفة — نسخة DJI O3، من الأمام"
"geprc-cinebot30","GEPRC Cinebot30","طائرة تصوير 3 إنش بمراوح مكشوفة","مقاس 3 إنش","geprc-cinebot30:hd-o3","نسخة DJI O3","side","no","web/public/assets/store/geprc-cinebot30/hd-o3/03-side.webp","طائرة تصوير 3 إنش بمراوح مكشوفة — نسخة DJI O3، من الجانب"
"geprc-cinebot30","GEPRC Cinebot30","طائرة تصوير 3 إنش بمراوح مكشوفة","مقاس 3 إنش","geprc-cinebot30:hd-o3","نسخة DJI O3","box","no","web/public/assets/store/geprc-cinebot30/hd-o3/04-box.webp","محتويات صندوق طائرة تصوير 3 إنش بمراوح مكشوفة — نسخة DJI O3"
"geprc-cinebot30","GEPRC Cinebot30","طائرة تصوير 3 إنش بمراوح مكشوفة","مقاس 3 إنش","geprc-cinebot30:hd-o3","نسخة DJI O3","accessories","no","web/public/assets/store/geprc-cinebot30/hd-o3/05-accessories.webp","ملحقات طائرة تصوير 3 إنش بمراوح مكشوفة — نسخة DJI O3"
"geprc-cinebot30","GEPRC Cinebot30","طائرة تصوير 3 إنش بمراوح مكشوفة","مقاس 3 إنش","geprc-cinebot30:hd-wasp","نسخة RunCam Link Wasp","main","yes","web/public/assets/store/geprc-cinebot30/hd-wasp/01-main.webp","طائرة تصوير 3 إنش بمراوح مكشوفة — نسخة RunCam Link Wasp"
"geprc-cinebot30","GEPRC Cinebot30","طائرة تصوير 3 إنش بمراوح مكشوفة","مقاس 3 إنش","geprc-cinebot30:hd-wasp","نسخة RunCam Link Wasp","front","no","web/public/assets/store/geprc-cinebot30/hd-wasp/02-front.webp","طائرة تصوير 3 إنش بمراوح مكشوفة — نسخة RunCam Link Wasp، من الأمام"
"geprc-cinebot30","GEPRC Cinebot30","طائرة تصوير 3 إنش بمراوح مكشوفة","مقاس 3 إنش","geprc-cinebot30:hd-wasp","نسخة RunCam Link Wasp","side","no","web/public/assets/store/geprc-cinebot30/hd-wasp/03-side.webp","طائرة تصوير 3 إنش بمراوح مكشوفة — نسخة RunCam Link Wasp، من الجانب"
"geprc-cinebot30","GEPRC Cinebot30","طائرة تصوير 3 إنش بمراوح مكشوفة","مقاس 3 إنش","geprc-cinebot30:hd-wasp","نسخة RunCam Link Wasp","box","no","web/public/assets/store/geprc-cinebot30/hd-wasp/04-box.webp","محتويات صندوق طائرة تصوير 3 إنش بمراوح مكشوفة — نسخة RunCam Link Wasp"
"geprc-cinebot30","GEPRC Cinebot30","طائرة تصوير 3 إنش بمراوح مكشوفة","مقاس 3 إنش","geprc-cinebot30:hd-wasp","نسخة RunCam Link Wasp","accessories","no","web/public/assets/store/geprc-cinebot30/hd-wasp/05-accessories.webp","ملحقات طائرة تصوير 3 إنش بمراوح مكشوفة — نسخة RunCam Link Wasp"
"betafpv-pavo30","BetaFPV Pavo30","أوّل ووب دافع بمقاس ثلاث إنشات","مقاس 3 إنش","betafpv-pavo30:analog","نسخة تماثلية","main","yes","web/public/assets/store/betafpv-pavo30/analog/01-main.webp","أوّل ووب دافع بمقاس ثلاث إنشات — نسخة تماثلية"
"betafpv-pavo30","BetaFPV Pavo30","أوّل ووب دافع بمقاس ثلاث إنشات","مقاس 3 إنش","betafpv-pavo30:analog","نسخة تماثلية","front","no","web/public/assets/store/betafpv-pavo30/analog/02-front.webp","أوّل ووب دافع بمقاس ثلاث إنشات — نسخة تماثلية، من الأمام"
"betafpv-pavo30","BetaFPV Pavo30","أوّل ووب دافع بمقاس ثلاث إنشات","مقاس 3 إنش","betafpv-pavo30:analog","نسخة تماثلية","side","no","web/public/assets/store/betafpv-pavo30/analog/03-side.webp","أوّل ووب دافع بمقاس ثلاث إنشات — نسخة تماثلية، من الجانب"
"betafpv-pavo30","BetaFPV Pavo30","أوّل ووب دافع بمقاس ثلاث إنشات","مقاس 3 إنش","betafpv-pavo30:analog","نسخة تماثلية","box","no","web/public/assets/store/betafpv-pavo30/analog/04-box.webp","محتويات صندوق أوّل ووب دافع بمقاس ثلاث إنشات — نسخة تماثلية"
"betafpv-pavo30","BetaFPV Pavo30","أوّل ووب دافع بمقاس ثلاث إنشات","مقاس 3 إنش","betafpv-pavo30:analog","نسخة تماثلية","accessories","no","web/public/assets/store/betafpv-pavo30/analog/05-accessories.webp","ملحقات أوّل ووب دافع بمقاس ثلاث إنشات — نسخة تماثلية"
"betafpv-pavo30","BetaFPV Pavo30","أوّل ووب دافع بمقاس ثلاث إنشات","مقاس 3 إنش","betafpv-pavo30:hd","نسخة رقمية","main","yes","web/public/assets/store/betafpv-pavo30/hd/01-main.webp","أوّل ووب دافع بمقاس ثلاث إنشات — نسخة رقمية"
"betafpv-pavo30","BetaFPV Pavo30","أوّل ووب دافع بمقاس ثلاث إنشات","مقاس 3 إنش","betafpv-pavo30:hd","نسخة رقمية","front","no","web/public/assets/store/betafpv-pavo30/hd/02-front.webp","أوّل ووب دافع بمقاس ثلاث إنشات — نسخة رقمية، من الأمام"
"betafpv-pavo30","BetaFPV Pavo30","أوّل ووب دافع بمقاس ثلاث إنشات","مقاس 3 إنش","betafpv-pavo30:hd","نسخة رقمية","side","no","web/public/assets/store/betafpv-pavo30/hd/03-side.webp","أوّل ووب دافع بمقاس ثلاث إنشات — نسخة رقمية، من الجانب"
"betafpv-pavo30","BetaFPV Pavo30","أوّل ووب دافع بمقاس ثلاث إنشات","مقاس 3 إنش","betafpv-pavo30:hd","نسخة رقمية","box","no","web/public/assets/store/betafpv-pavo30/hd/04-box.webp","محتويات صندوق أوّل ووب دافع بمقاس ثلاث إنشات — نسخة رقمية"
"betafpv-pavo30","BetaFPV Pavo30","أوّل ووب دافع بمقاس ثلاث إنشات","مقاس 3 إنش","betafpv-pavo30:hd","نسخة رقمية","accessories","no","web/public/assets/store/betafpv-pavo30/hd/05-accessories.webp","ملحقات أوّل ووب دافع بمقاس ثلاث إنشات — نسخة رقمية"
"geprc-domain36","GEPRC DoMain3.6","فريستايل 3.6 إنش بمحرّكات مقاس الخمسة","مقاس 3.5 – 4 إنش","geprc-domain36:analog","نسخة تماثلية بكاميرا RunCam Phoenix 2","main","yes","web/public/assets/store/geprc-domain36/analog/01-main.webp","فريستايل 3.6 إنش بمحرّكات مقاس الخمسة — نسخة تماثلية بكاميرا RunCam Phoenix 2"
"geprc-domain36","GEPRC DoMain3.6","فريستايل 3.6 إنش بمحرّكات مقاس الخمسة","مقاس 3.5 – 4 إنش","geprc-domain36:analog","نسخة تماثلية بكاميرا RunCam Phoenix 2","front","no","web/public/assets/store/geprc-domain36/analog/02-front.webp","فريستايل 3.6 إنش بمحرّكات مقاس الخمسة — نسخة تماثلية بكاميرا RunCam Phoenix 2، من الأمام"
"geprc-domain36","GEPRC DoMain3.6","فريستايل 3.6 إنش بمحرّكات مقاس الخمسة","مقاس 3.5 – 4 إنش","geprc-domain36:analog","نسخة تماثلية بكاميرا RunCam Phoenix 2","side","no","web/public/assets/store/geprc-domain36/analog/03-side.webp","فريستايل 3.6 إنش بمحرّكات مقاس الخمسة — نسخة تماثلية بكاميرا RunCam Phoenix 2، من الجانب"
"geprc-domain36","GEPRC DoMain3.6","فريستايل 3.6 إنش بمحرّكات مقاس الخمسة","مقاس 3.5 – 4 إنش","geprc-domain36:analog","نسخة تماثلية بكاميرا RunCam Phoenix 2","box","no","web/public/assets/store/geprc-domain36/analog/04-box.webp","محتويات صندوق فريستايل 3.6 إنش بمحرّكات مقاس الخمسة — نسخة تماثلية بكاميرا RunCam Phoenix 2"
"geprc-domain36","GEPRC DoMain3.6","فريستايل 3.6 إنش بمحرّكات مقاس الخمسة","مقاس 3.5 – 4 إنش","geprc-domain36:analog","نسخة تماثلية بكاميرا RunCam Phoenix 2","accessories","no","web/public/assets/store/geprc-domain36/analog/05-accessories.webp","ملحقات فريستايل 3.6 إنش بمحرّكات مقاس الخمسة — نسخة تماثلية بكاميرا RunCam Phoenix 2"
"geprc-domain36","GEPRC DoMain3.6","فريستايل 3.6 إنش بمحرّكات مقاس الخمسة","مقاس 3.5 – 4 إنش","geprc-domain36:hd-o3","نسخة DJI O3","main","yes","web/public/assets/store/geprc-domain36/hd-o3/01-main.webp","فريستايل 3.6 إنش بمحرّكات مقاس الخمسة — نسخة DJI O3"
"geprc-domain36","GEPRC DoMain3.6","فريستايل 3.6 إنش بمحرّكات مقاس الخمسة","مقاس 3.5 – 4 إنش","geprc-domain36:hd-o3","نسخة DJI O3","front","no","web/public/assets/store/geprc-domain36/hd-o3/02-front.webp","فريستايل 3.6 إنش بمحرّكات مقاس الخمسة — نسخة DJI O3، من الأمام"
"geprc-domain36","GEPRC DoMain3.6","فريستايل 3.6 إنش بمحرّكات مقاس الخمسة","مقاس 3.5 – 4 إنش","geprc-domain36:hd-o3","نسخة DJI O3","side","no","web/public/assets/store/geprc-domain36/hd-o3/03-side.webp","فريستايل 3.6 إنش بمحرّكات مقاس الخمسة — نسخة DJI O3، من الجانب"
"geprc-domain36","GEPRC DoMain3.6","فريستايل 3.6 إنش بمحرّكات مقاس الخمسة","مقاس 3.5 – 4 إنش","geprc-domain36:hd-o3","نسخة DJI O3","box","no","web/public/assets/store/geprc-domain36/hd-o3/04-box.webp","محتويات صندوق فريستايل 3.6 إنش بمحرّكات مقاس الخمسة — نسخة DJI O3"
"geprc-domain36","GEPRC DoMain3.6","فريستايل 3.6 إنش بمحرّكات مقاس الخمسة","مقاس 3.5 – 4 إنش","geprc-domain36:hd-o3","نسخة DJI O3","accessories","no","web/public/assets/store/geprc-domain36/hd-o3/05-accessories.webp","ملحقات فريستايل 3.6 إنش بمحرّكات مقاس الخمسة — نسخة DJI O3"
"geprc-domain36","GEPRC DoMain3.6","فريستايل 3.6 إنش بمحرّكات مقاس الخمسة","مقاس 3.5 – 4 إنش","geprc-domain36:wtfpv","نسخة WTFPV","main","yes","web/public/assets/store/geprc-domain36/wtfpv/01-main.webp","فريستايل 3.6 إنش بمحرّكات مقاس الخمسة — نسخة WTFPV"
"geprc-domain36","GEPRC DoMain3.6","فريستايل 3.6 إنش بمحرّكات مقاس الخمسة","مقاس 3.5 – 4 إنش","geprc-domain36:wtfpv","نسخة WTFPV","front","no","web/public/assets/store/geprc-domain36/wtfpv/02-front.webp","فريستايل 3.6 إنش بمحرّكات مقاس الخمسة — نسخة WTFPV، من الأمام"
"geprc-domain36","GEPRC DoMain3.6","فريستايل 3.6 إنش بمحرّكات مقاس الخمسة","مقاس 3.5 – 4 إنش","geprc-domain36:wtfpv","نسخة WTFPV","side","no","web/public/assets/store/geprc-domain36/wtfpv/03-side.webp","فريستايل 3.6 إنش بمحرّكات مقاس الخمسة — نسخة WTFPV، من الجانب"
"geprc-domain36","GEPRC DoMain3.6","فريستايل 3.6 إنش بمحرّكات مقاس الخمسة","مقاس 3.5 – 4 إنش","geprc-domain36:wtfpv","نسخة WTFPV","box","no","web/public/assets/store/geprc-domain36/wtfpv/04-box.webp","محتويات صندوق فريستايل 3.6 إنش بمحرّكات مقاس الخمسة — نسخة WTFPV"
"geprc-domain36","GEPRC DoMain3.6","فريستايل 3.6 إنش بمحرّكات مقاس الخمسة","مقاس 3.5 – 4 إنش","geprc-domain36:wtfpv","نسخة WTFPV","accessories","no","web/public/assets/store/geprc-domain36/wtfpv/05-accessories.webp","ملحقات فريستايل 3.6 إنش بمحرّكات مقاس الخمسة — نسخة WTFPV"
"iflight-nazgul-evoque-f4","iFlight Nazgul Evoque F4","أربع إنشات بهيكلَين مختلفَين — X أو DeadCat","مقاس 3.5 – 4 إنش","iflight-nazgul-evoque-f4:f4x-o3","هيكل F4X — X مضغوط، وحدة DJI O3","main","yes","web/public/assets/store/iflight-nazgul-evoque-f4/f4x-o3/01-main.webp","أربع إنشات بهيكلَين مختلفَين — X أو DeadCat — هيكل F4X — X مضغوط، وحدة DJI O3"
"iflight-nazgul-evoque-f4","iFlight Nazgul Evoque F4","أربع إنشات بهيكلَين مختلفَين — X أو DeadCat","مقاس 3.5 – 4 إنش","iflight-nazgul-evoque-f4:f4x-o3","هيكل F4X — X مضغوط، وحدة DJI O3","front","no","web/public/assets/store/iflight-nazgul-evoque-f4/f4x-o3/02-front.webp","أربع إنشات بهيكلَين مختلفَين — X أو DeadCat — هيكل F4X — X مضغوط، وحدة DJI O3، من الأمام"
"iflight-nazgul-evoque-f4","iFlight Nazgul Evoque F4","أربع إنشات بهيكلَين مختلفَين — X أو DeadCat","مقاس 3.5 – 4 إنش","iflight-nazgul-evoque-f4:f4x-o3","هيكل F4X — X مضغوط، وحدة DJI O3","side","no","web/public/assets/store/iflight-nazgul-evoque-f4/f4x-o3/03-side.webp","أربع إنشات بهيكلَين مختلفَين — X أو DeadCat — هيكل F4X — X مضغوط، وحدة DJI O3، من الجانب"
"iflight-nazgul-evoque-f4","iFlight Nazgul Evoque F4","أربع إنشات بهيكلَين مختلفَين — X أو DeadCat","مقاس 3.5 – 4 إنش","iflight-nazgul-evoque-f4:f4x-o3","هيكل F4X — X مضغوط، وحدة DJI O3","box","no","web/public/assets/store/iflight-nazgul-evoque-f4/f4x-o3/04-box.webp","محتويات صندوق أربع إنشات بهيكلَين مختلفَين — X أو DeadCat — هيكل F4X — X مضغوط، وحدة DJI O3"
"iflight-nazgul-evoque-f4","iFlight Nazgul Evoque F4","أربع إنشات بهيكلَين مختلفَين — X أو DeadCat","مقاس 3.5 – 4 إنش","iflight-nazgul-evoque-f4:f4x-o3","هيكل F4X — X مضغوط، وحدة DJI O3","accessories","no","web/public/assets/store/iflight-nazgul-evoque-f4/f4x-o3/05-accessories.webp","ملحقات أربع إنشات بهيكلَين مختلفَين — X أو DeadCat — هيكل F4X — X مضغوط، وحدة DJI O3"
"iflight-nazgul-evoque-f4","iFlight Nazgul Evoque F4","أربع إنشات بهيكلَين مختلفَين — X أو DeadCat","مقاس 3.5 – 4 إنش","iflight-nazgul-evoque-f4:f4d-o3","هيكل F4D — DeadCat، وحدة DJI O3","main","yes","web/public/assets/store/iflight-nazgul-evoque-f4/f4d-o3/01-main.webp","أربع إنشات بهيكلَين مختلفَين — X أو DeadCat — هيكل F4D — DeadCat، وحدة DJI O3"
"iflight-nazgul-evoque-f4","iFlight Nazgul Evoque F4","أربع إنشات بهيكلَين مختلفَين — X أو DeadCat","مقاس 3.5 – 4 إنش","iflight-nazgul-evoque-f4:f4d-o3","هيكل F4D — DeadCat، وحدة DJI O3","front","no","web/public/assets/store/iflight-nazgul-evoque-f4/f4d-o3/02-front.webp","أربع إنشات بهيكلَين مختلفَين — X أو DeadCat — هيكل F4D — DeadCat، وحدة DJI O3، من الأمام"
"iflight-nazgul-evoque-f4","iFlight Nazgul Evoque F4","أربع إنشات بهيكلَين مختلفَين — X أو DeadCat","مقاس 3.5 – 4 إنش","iflight-nazgul-evoque-f4:f4d-o3","هيكل F4D — DeadCat، وحدة DJI O3","side","no","web/public/assets/store/iflight-nazgul-evoque-f4/f4d-o3/03-side.webp","أربع إنشات بهيكلَين مختلفَين — X أو DeadCat — هيكل F4D — DeadCat، وحدة DJI O3، من الجانب"
"iflight-nazgul-evoque-f4","iFlight Nazgul Evoque F4","أربع إنشات بهيكلَين مختلفَين — X أو DeadCat","مقاس 3.5 – 4 إنش","iflight-nazgul-evoque-f4:f4d-o3","هيكل F4D — DeadCat، وحدة DJI O3","box","no","web/public/assets/store/iflight-nazgul-evoque-f4/f4d-o3/04-box.webp","محتويات صندوق أربع إنشات بهيكلَين مختلفَين — X أو DeadCat — هيكل F4D — DeadCat، وحدة DJI O3"
"iflight-nazgul-evoque-f4","iFlight Nazgul Evoque F4","أربع إنشات بهيكلَين مختلفَين — X أو DeadCat","مقاس 3.5 – 4 إنش","iflight-nazgul-evoque-f4:f4d-o3","هيكل F4D — DeadCat، وحدة DJI O3","accessories","no","web/public/assets/store/iflight-nazgul-evoque-f4/f4d-o3/05-accessories.webp","ملحقات أربع إنشات بهيكلَين مختلفَين — X أو DeadCat — هيكل F4D — DeadCat، وحدة DJI O3"
"geprc-crocodile7","GEPRC Crocodile 7 PRO","سبع إنشات بمسافة 315 مم بين المحرّكات","مقاس 7 إنش","geprc-crocodile7:standard","الخيار الوحيد","main","yes","web/public/assets/store/geprc-crocodile7/standard/01-main.webp","سبع إنشات بمسافة 315 مم بين المحرّكات — الخيار الوحيد"
"geprc-crocodile7","GEPRC Crocodile 7 PRO","سبع إنشات بمسافة 315 مم بين المحرّكات","مقاس 7 إنش","geprc-crocodile7:standard","الخيار الوحيد","front","no","web/public/assets/store/geprc-crocodile7/standard/02-front.webp","سبع إنشات بمسافة 315 مم بين المحرّكات — الخيار الوحيد، من الأمام"
"geprc-crocodile7","GEPRC Crocodile 7 PRO","سبع إنشات بمسافة 315 مم بين المحرّكات","مقاس 7 إنش","geprc-crocodile7:standard","الخيار الوحيد","side","no","web/public/assets/store/geprc-crocodile7/standard/03-side.webp","سبع إنشات بمسافة 315 مم بين المحرّكات — الخيار الوحيد، من الجانب"
"geprc-crocodile7","GEPRC Crocodile 7 PRO","سبع إنشات بمسافة 315 مم بين المحرّكات","مقاس 7 إنش","geprc-crocodile7:standard","الخيار الوحيد","box","no","web/public/assets/store/geprc-crocodile7/standard/04-box.webp","محتويات صندوق سبع إنشات بمسافة 315 مم بين المحرّكات — الخيار الوحيد"
"geprc-crocodile7","GEPRC Crocodile 7 PRO","سبع إنشات بمسافة 315 مم بين المحرّكات","مقاس 7 إنش","geprc-crocodile7:standard","الخيار الوحيد","accessories","no","web/public/assets/store/geprc-crocodile7/standard/05-accessories.webp","ملحقات سبع إنشات بمسافة 315 مم بين المحرّكات — الخيار الوحيد"
"iflight-chimera7-eco","iFlight Chimera7 ECO 6S","سبع إنشات اقتصادية — بلا GPS افتراضياً","مقاس 7 إنش","iflight-chimera7-eco:standard","الخيار الوحيد","main","yes","web/public/assets/store/iflight-chimera7-eco/standard/01-main.webp","سبع إنشات اقتصادية — بلا GPS افتراضياً — الخيار الوحيد"
"iflight-chimera7-eco","iFlight Chimera7 ECO 6S","سبع إنشات اقتصادية — بلا GPS افتراضياً","مقاس 7 إنش","iflight-chimera7-eco:standard","الخيار الوحيد","front","no","web/public/assets/store/iflight-chimera7-eco/standard/02-front.webp","سبع إنشات اقتصادية — بلا GPS افتراضياً — الخيار الوحيد، من الأمام"
"iflight-chimera7-eco","iFlight Chimera7 ECO 6S","سبع إنشات اقتصادية — بلا GPS افتراضياً","مقاس 7 إنش","iflight-chimera7-eco:standard","الخيار الوحيد","side","no","web/public/assets/store/iflight-chimera7-eco/standard/03-side.webp","سبع إنشات اقتصادية — بلا GPS افتراضياً — الخيار الوحيد، من الجانب"
"iflight-chimera7-eco","iFlight Chimera7 ECO 6S","سبع إنشات اقتصادية — بلا GPS افتراضياً","مقاس 7 إنش","iflight-chimera7-eco:standard","الخيار الوحيد","box","no","web/public/assets/store/iflight-chimera7-eco/standard/04-box.webp","محتويات صندوق سبع إنشات اقتصادية — بلا GPS افتراضياً — الخيار الوحيد"
"iflight-chimera7-eco","iFlight Chimera7 ECO 6S","سبع إنشات اقتصادية — بلا GPS افتراضياً","مقاس 7 إنش","iflight-chimera7-eco:standard","الخيار الوحيد","accessories","no","web/public/assets/store/iflight-chimera7-eco/standard/05-accessories.webp","ملحقات سبع إنشات اقتصادية — بلا GPS افتراضياً — الخيار الوحيد"
"betafpv-cetus-lite","BetaFPV Cetus Lite FPV Kit","أرخص طقم كامل — بمحرّكات مكنَّسة","جاهزة للطيران","betafpv-cetus-lite:standard","الخيار الوحيد","main","yes","web/public/assets/store/betafpv-cetus-lite/standard/01-main.webp","أرخص طقم كامل — بمحرّكات مكنَّسة — الخيار الوحيد"
"betafpv-cetus-lite","BetaFPV Cetus Lite FPV Kit","أرخص طقم كامل — بمحرّكات مكنَّسة","جاهزة للطيران","betafpv-cetus-lite:standard","الخيار الوحيد","front","no","web/public/assets/store/betafpv-cetus-lite/standard/02-front.webp","أرخص طقم كامل — بمحرّكات مكنَّسة — الخيار الوحيد، من الأمام"
"betafpv-cetus-lite","BetaFPV Cetus Lite FPV Kit","أرخص طقم كامل — بمحرّكات مكنَّسة","جاهزة للطيران","betafpv-cetus-lite:standard","الخيار الوحيد","side","no","web/public/assets/store/betafpv-cetus-lite/standard/03-side.webp","أرخص طقم كامل — بمحرّكات مكنَّسة — الخيار الوحيد، من الجانب"
"betafpv-cetus-lite","BetaFPV Cetus Lite FPV Kit","أرخص طقم كامل — بمحرّكات مكنَّسة","جاهزة للطيران","betafpv-cetus-lite:standard","الخيار الوحيد","box","no","web/public/assets/store/betafpv-cetus-lite/standard/04-box.webp","محتويات صندوق أرخص طقم كامل — بمحرّكات مكنَّسة — الخيار الوحيد"
"betafpv-cetus-lite","BetaFPV Cetus Lite FPV Kit","أرخص طقم كامل — بمحرّكات مكنَّسة","جاهزة للطيران","betafpv-cetus-lite:standard","الخيار الوحيد","accessories","no","web/public/assets/store/betafpv-cetus-lite/standard/05-accessories.webp","ملحقات أرخص طقم كامل — بمحرّكات مكنَّسة — الخيار الوحيد"
"radiomaster-pocket-combo","RadioMaster Pocket + Simulator","جهاز تحكّم ومحاكي — الطريق الأرخص للتعلّم","جاهزة للطيران","radiomaster-pocket-combo:standard","الخيار الوحيد","main","yes","web/public/assets/store/radiomaster-pocket-combo/standard/01-main.webp","جهاز تحكّم ومحاكي — الطريق الأرخص للتعلّم — الخيار الوحيد"
"radiomaster-pocket-combo","RadioMaster Pocket + Simulator","جهاز تحكّم ومحاكي — الطريق الأرخص للتعلّم","جاهزة للطيران","radiomaster-pocket-combo:standard","الخيار الوحيد","front","no","web/public/assets/store/radiomaster-pocket-combo/standard/02-front.webp","جهاز تحكّم ومحاكي — الطريق الأرخص للتعلّم — الخيار الوحيد، من الأمام"
"radiomaster-pocket-combo","RadioMaster Pocket + Simulator","جهاز تحكّم ومحاكي — الطريق الأرخص للتعلّم","جاهزة للطيران","radiomaster-pocket-combo:standard","الخيار الوحيد","side","no","web/public/assets/store/radiomaster-pocket-combo/standard/03-side.webp","جهاز تحكّم ومحاكي — الطريق الأرخص للتعلّم — الخيار الوحيد، من الجانب"
"radiomaster-pocket-combo","RadioMaster Pocket + Simulator","جهاز تحكّم ومحاكي — الطريق الأرخص للتعلّم","جاهزة للطيران","radiomaster-pocket-combo:standard","الخيار الوحيد","box","no","web/public/assets/store/radiomaster-pocket-combo/standard/04-box.webp","محتويات صندوق جهاز تحكّم ومحاكي — الطريق الأرخص للتعلّم — الخيار الوحيد"
"radiomaster-pocket-combo","RadioMaster Pocket + Simulator","جهاز تحكّم ومحاكي — الطريق الأرخص للتعلّم","جاهزة للطيران","radiomaster-pocket-combo:standard","الخيار الوحيد","accessories","no","web/public/assets/store/radiomaster-pocket-combo/standard/05-accessories.webp","ملحقات جهاز تحكّم ومحاكي — الطريق الأرخص للتعلّم — الخيار الوحيد"
"iflight-xing2-2207","iFlight XING2 2207","محرّك خمس إنشات — اختر سرعة الدوران بجهد بطاريتك","المحركات","iflight-xing2-2207:kv1750","1750KV — لبطارية 6S","main","yes","web/public/assets/store/iflight-xing2-2207/kv1750/01-main.webp","محرّك خمس إنشات — اختر سرعة الدوران بجهد بطاريتك — 1750KV — لبطارية 6S"
"iflight-xing2-2207","iFlight XING2 2207","محرّك خمس إنشات — اختر سرعة الدوران بجهد بطاريتك","المحركات","iflight-xing2-2207:kv1750","1750KV — لبطارية 6S","front","no","web/public/assets/store/iflight-xing2-2207/kv1750/02-front.webp","محرّك خمس إنشات — اختر سرعة الدوران بجهد بطاريتك — 1750KV — لبطارية 6S، من الأمام"
"iflight-xing2-2207","iFlight XING2 2207","محرّك خمس إنشات — اختر سرعة الدوران بجهد بطاريتك","المحركات","iflight-xing2-2207:kv2050","2050KV — لبطارية 6S","main","yes","web/public/assets/store/iflight-xing2-2207/kv2050/01-main.webp","محرّك خمس إنشات — اختر سرعة الدوران بجهد بطاريتك — 2050KV — لبطارية 6S"
"iflight-xing2-2207","iFlight XING2 2207","محرّك خمس إنشات — اختر سرعة الدوران بجهد بطاريتك","المحركات","iflight-xing2-2207:kv2050","2050KV — لبطارية 6S","front","no","web/public/assets/store/iflight-xing2-2207/kv2050/02-front.webp","محرّك خمس إنشات — اختر سرعة الدوران بجهد بطاريتك — 2050KV — لبطارية 6S، من الأمام"
"iflight-xing2-2207","iFlight XING2 2207","محرّك خمس إنشات — اختر سرعة الدوران بجهد بطاريتك","المحركات","iflight-xing2-2207:kv2750","2750KV — لبطارية 4S","main","yes","web/public/assets/store/iflight-xing2-2207/kv2750/01-main.webp","محرّك خمس إنشات — اختر سرعة الدوران بجهد بطاريتك — 2750KV — لبطارية 4S"
"iflight-xing2-2207","iFlight XING2 2207","محرّك خمس إنشات — اختر سرعة الدوران بجهد بطاريتك","المحركات","iflight-xing2-2207:kv2750","2750KV — لبطارية 4S","front","no","web/public/assets/store/iflight-xing2-2207/kv2750/02-front.webp","محرّك خمس إنشات — اختر سرعة الدوران بجهد بطاريتك — 2750KV — لبطارية 4S، من الأمام"
"speedybee-f7-v3-fc","SpeedyBee F7 V3","متحكّم طيران مفرد بلا مسرّعات","متحكّمات الطيران","speedybee-f7-v3-fc:standard","الخيار الوحيد","main","yes","web/public/assets/store/speedybee-f7-v3-fc/standard/01-main.webp","متحكّم طيران مفرد بلا مسرّعات — الخيار الوحيد"
"speedybee-f7-v3-fc","SpeedyBee F7 V3","متحكّم طيران مفرد بلا مسرّعات","متحكّمات الطيران","speedybee-f7-v3-fc:standard","الخيار الوحيد","front","no","web/public/assets/store/speedybee-f7-v3-fc/standard/02-front.webp","متحكّم طيران مفرد بلا مسرّعات — الخيار الوحيد، من الأمام"
"holybro-kakute-h7","Holybro Kakute H7 V2","متحكّم H7 بستّة منافذ UART","متحكّمات الطيران","holybro-kakute-h7:standard","الخيار الوحيد","main","yes","web/public/assets/store/holybro-kakute-h7/standard/01-main.webp","متحكّم H7 بستّة منافذ UART — الخيار الوحيد"
"holybro-kakute-h7","Holybro Kakute H7 V2","متحكّم H7 بستّة منافذ UART","متحكّمات الطيران","holybro-kakute-h7:standard","الخيار الوحيد","front","no","web/public/assets/store/holybro-kakute-h7/standard/02-front.webp","متحكّم H7 بستّة منافذ UART — الخيار الوحيد، من الأمام"
"hobbywing-xrotor-g2","Hobbywing XRotor FPV G2 4in1","مسرّعات رباعية بورقة بيانات منشورة","وحدات ESC","hobbywing-xrotor-g2:a45","45 أمبير — بلا مخرج جهد","main","yes","web/public/assets/store/hobbywing-xrotor-g2/a45/01-main.webp","مسرّعات رباعية بورقة بيانات منشورة — 45 أمبير — بلا مخرج جهد"
"hobbywing-xrotor-g2","Hobbywing XRotor FPV G2 4in1","مسرّعات رباعية بورقة بيانات منشورة","وحدات ESC","hobbywing-xrotor-g2:a45","45 أمبير — بلا مخرج جهد","front","no","web/public/assets/store/hobbywing-xrotor-g2/a45/02-front.webp","مسرّعات رباعية بورقة بيانات منشورة — 45 أمبير — بلا مخرج جهد، من الأمام"
"hobbywing-xrotor-g2","Hobbywing XRotor FPV G2 4in1","مسرّعات رباعية بورقة بيانات منشورة","وحدات ESC","hobbywing-xrotor-g2:a65","65 أمبير — بمخرج 5 فولت","main","yes","web/public/assets/store/hobbywing-xrotor-g2/a65/01-main.webp","مسرّعات رباعية بورقة بيانات منشورة — 65 أمبير — بمخرج 5 فولت"
"hobbywing-xrotor-g2","Hobbywing XRotor FPV G2 4in1","مسرّعات رباعية بورقة بيانات منشورة","وحدات ESC","hobbywing-xrotor-g2:a65","65 أمبير — بمخرج 5 فولت","front","no","web/public/assets/store/hobbywing-xrotor-g2/a65/02-front.webp","مسرّعات رباعية بورقة بيانات منشورة — 65 أمبير — بمخرج 5 فولت، من الأمام"
"tmotor-f55a-pro-ii","T-Motor F55A Pro II","مسرّعات 55 أمبير بمخرج 10 فولت","وحدات ESC","tmotor-f55a-pro-ii:standard","الخيار الوحيد","main","yes","web/public/assets/store/tmotor-f55a-pro-ii/standard/01-main.webp","مسرّعات 55 أمبير بمخرج 10 فولت — الخيار الوحيد"
"tmotor-f55a-pro-ii","T-Motor F55A Pro II","مسرّعات 55 أمبير بمخرج 10 فولت","وحدات ESC","tmotor-f55a-pro-ii:standard","الخيار الوحيد","front","no","web/public/assets/store/tmotor-f55a-pro-ii/standard/02-front.webp","مسرّعات 55 أمبير بمخرج 10 فولت — الخيار الوحيد، من الأمام"
"tbs-source-one-v5-frame","TBS Source One V5.1 Frame","هيكل خمس إنشات مفتوح المصدر","الهياكل","tbs-source-one-v5-frame:standard","الخيار الوحيد","main","yes","web/public/assets/store/tbs-source-one-v5-frame/standard/01-main.webp","هيكل خمس إنشات مفتوح المصدر — الخيار الوحيد"
"tbs-source-one-v5-frame","TBS Source One V5.1 Frame","هيكل خمس إنشات مفتوح المصدر","الهياكل","tbs-source-one-v5-frame:standard","الخيار الوحيد","front","no","web/public/assets/store/tbs-source-one-v5-frame/standard/02-front.webp","هيكل خمس إنشات مفتوح المصدر — الخيار الوحيد، من الأمام"
"impulserc-apex","ImpulseRC ApexDC EVO 5""","هيكل فريستايل بأذرع أمامية وخلفية مختلفة","الهياكل","impulserc-apex:standard","الخيار الوحيد","main","yes","web/public/assets/store/impulserc-apex/standard/01-main.webp","هيكل فريستايل بأذرع أمامية وخلفية مختلفة — الخيار الوحيد"
"impulserc-apex","ImpulseRC ApexDC EVO 5""","هيكل فريستايل بأذرع أمامية وخلفية مختلفة","الهياكل","impulserc-apex:standard","الخيار الوحيد","front","no","web/public/assets/store/impulserc-apex/standard/02-front.webp","هيكل فريستايل بأذرع أمامية وخلفية مختلفة — الخيار الوحيد، من الأمام"
"tattu-r-line-v5-6s","Tattu R-Line Version 5.0 6S","بطارية سباق 6S بمعدّل تفريغ 150C","البطاريات","tattu-r-line-v5-6s:mah1050","1050 ميلي أمبير/ساعة — 186 غراماً","main","yes","web/public/assets/store/tattu-r-line-v5-6s/mah1050/01-main.webp","بطارية سباق 6S بمعدّل تفريغ 150C — 1050 ميلي أمبير/ساعة — 186 غراماً"
"tattu-r-line-v5-6s","Tattu R-Line Version 5.0 6S","بطارية سباق 6S بمعدّل تفريغ 150C","البطاريات","tattu-r-line-v5-6s:mah1050","1050 ميلي أمبير/ساعة — 186 غراماً","front","no","web/public/assets/store/tattu-r-line-v5-6s/mah1050/02-front.webp","بطارية سباق 6S بمعدّل تفريغ 150C — 1050 ميلي أمبير/ساعة — 186 غراماً، من الأمام"
"tattu-r-line-v5-6s","Tattu R-Line Version 5.0 6S","بطارية سباق 6S بمعدّل تفريغ 150C","البطاريات","tattu-r-line-v5-6s:mah1050","1050 ميلي أمبير/ساعة — 186 غراماً","box","no","web/public/assets/store/tattu-r-line-v5-6s/mah1050/03-box.webp","محتويات صندوق بطارية سباق 6S بمعدّل تفريغ 150C — 1050 ميلي أمبير/ساعة — 186 غراماً"
"tattu-r-line-v5-6s","Tattu R-Line Version 5.0 6S","بطارية سباق 6S بمعدّل تفريغ 150C","البطاريات","tattu-r-line-v5-6s:mah1400","1400 ميلي أمبير/ساعة","main","yes","web/public/assets/store/tattu-r-line-v5-6s/mah1400/01-main.webp","بطارية سباق 6S بمعدّل تفريغ 150C — 1400 ميلي أمبير/ساعة"
"tattu-r-line-v5-6s","Tattu R-Line Version 5.0 6S","بطارية سباق 6S بمعدّل تفريغ 150C","البطاريات","tattu-r-line-v5-6s:mah1400","1400 ميلي أمبير/ساعة","front","no","web/public/assets/store/tattu-r-line-v5-6s/mah1400/02-front.webp","بطارية سباق 6S بمعدّل تفريغ 150C — 1400 ميلي أمبير/ساعة، من الأمام"
"tattu-r-line-v5-6s","Tattu R-Line Version 5.0 6S","بطارية سباق 6S بمعدّل تفريغ 150C","البطاريات","tattu-r-line-v5-6s:mah1400","1400 ميلي أمبير/ساعة","box","no","web/public/assets/store/tattu-r-line-v5-6s/mah1400/03-box.webp","محتويات صندوق بطارية سباق 6S بمعدّل تفريغ 150C — 1400 ميلي أمبير/ساعة"
"tattu-r-line-v5-6s","Tattu R-Line Version 5.0 6S","بطارية سباق 6S بمعدّل تفريغ 150C","البطاريات","tattu-r-line-v5-6s:mah2200","2200 ميلي أمبير/ساعة — 346 غراماً","main","yes","web/public/assets/store/tattu-r-line-v5-6s/mah2200/01-main.webp","بطارية سباق 6S بمعدّل تفريغ 150C — 2200 ميلي أمبير/ساعة — 346 غراماً"
"tattu-r-line-v5-6s","Tattu R-Line Version 5.0 6S","بطارية سباق 6S بمعدّل تفريغ 150C","البطاريات","tattu-r-line-v5-6s:mah2200","2200 ميلي أمبير/ساعة — 346 غراماً","front","no","web/public/assets/store/tattu-r-line-v5-6s/mah2200/02-front.webp","بطارية سباق 6S بمعدّل تفريغ 150C — 2200 ميلي أمبير/ساعة — 346 غراماً، من الأمام"
"tattu-r-line-v5-6s","Tattu R-Line Version 5.0 6S","بطارية سباق 6S بمعدّل تفريغ 150C","البطاريات","tattu-r-line-v5-6s:mah2200","2200 ميلي أمبير/ساعة — 346 غراماً","box","no","web/public/assets/store/tattu-r-line-v5-6s/mah2200/03-box.webp","محتويات صندوق بطارية سباق 6S بمعدّل تفريغ 150C — 2200 ميلي أمبير/ساعة — 346 غراماً"
"isdt-608ac","ISDT 608AC","شاحن يعمل من الكهرباء مباشرة","الشواحن","isdt-608ac:standard","الخيار الوحيد","main","yes","web/public/assets/store/isdt-608ac/standard/01-main.webp","شاحن يعمل من الكهرباء مباشرة — الخيار الوحيد"
"isdt-608ac","ISDT 608AC","شاحن يعمل من الكهرباء مباشرة","الشواحن","isdt-608ac:standard","الخيار الوحيد","front","no","web/public/assets/store/isdt-608ac/standard/02-front.webp","شاحن يعمل من الكهرباء مباشرة — الخيار الوحيد، من الأمام"
"isdt-608ac","ISDT 608AC","شاحن يعمل من الكهرباء مباشرة","الشواحن","isdt-608ac:standard","الخيار الوحيد","box","no","web/public/assets/store/isdt-608ac/standard/03-box.webp","محتويات صندوق شاحن يعمل من الكهرباء مباشرة — الخيار الوحيد"
"hota-d6-pro","HOTA D6 Pro","شاحن مزدوج لبطاريتين معاً","الشواحن","hota-d6-pro:standard","الخيار الوحيد","main","yes","web/public/assets/store/hota-d6-pro/standard/01-main.webp","شاحن مزدوج لبطاريتين معاً — الخيار الوحيد"
"hota-d6-pro","HOTA D6 Pro","شاحن مزدوج لبطاريتين معاً","الشواحن","hota-d6-pro:standard","الخيار الوحيد","front","no","web/public/assets/store/hota-d6-pro/standard/02-front.webp","شاحن مزدوج لبطاريتين معاً — الخيار الوحيد، من الأمام"
"hota-d6-pro","HOTA D6 Pro","شاحن مزدوج لبطاريتين معاً","الشواحن","hota-d6-pro:standard","الخيار الوحيد","box","no","web/public/assets/store/hota-d6-pro/standard/03-box.webp","محتويات صندوق شاحن مزدوج لبطاريتين معاً — الخيار الوحيد"
"runcam-phoenix-2","RunCam Phoenix 2","كاميرا تماثلية شائعة في الفريستايل","الكاميرات","runcam-phoenix-2:standard","الخيار الوحيد","main","yes","web/public/assets/store/runcam-phoenix-2/standard/01-main.webp","كاميرا تماثلية شائعة في الفريستايل — الخيار الوحيد"
"runcam-phoenix-2","RunCam Phoenix 2","كاميرا تماثلية شائعة في الفريستايل","الكاميرات","runcam-phoenix-2:standard","الخيار الوحيد","front","no","web/public/assets/store/runcam-phoenix-2/standard/02-front.webp","كاميرا تماثلية شائعة في الفريستايل — الخيار الوحيد، من الأمام"
"foxeer-razer-micro","Foxeer Micro Razer","كاميرا تماثلية اقتصادية بزمن تأخير 4 مللي ثانية","الكاميرات","foxeer-razer-micro:standard","الخيار الوحيد","main","yes","web/public/assets/store/foxeer-razer-micro/standard/01-main.webp","كاميرا تماثلية اقتصادية بزمن تأخير 4 مللي ثانية — الخيار الوحيد"
"foxeer-razer-micro","Foxeer Micro Razer","كاميرا تماثلية اقتصادية بزمن تأخير 4 مللي ثانية","الكاميرات","foxeer-razer-micro:standard","الخيار الوحيد","front","no","web/public/assets/store/foxeer-razer-micro/standard/02-front.webp","كاميرا تماثلية اقتصادية بزمن تأخير 4 مللي ثانية — الخيار الوحيد، من الأمام"
"tbs-unify-pro32-nano","TBS Unify Pro32 Nano 5G8 V1.1","مرسل فيديو صغير بأربعة مستويات طاقة","وحدات البث","tbs-unify-pro32-nano:standard","الخيار الوحيد","main","yes","web/public/assets/store/tbs-unify-pro32-nano/standard/01-main.webp","مرسل فيديو صغير بأربعة مستويات طاقة — الخيار الوحيد"
"tbs-unify-pro32-nano","TBS Unify Pro32 Nano 5G8 V1.1","مرسل فيديو صغير بأربعة مستويات طاقة","وحدات البث","tbs-unify-pro32-nano:standard","الخيار الوحيد","front","no","web/public/assets/store/tbs-unify-pro32-nano/standard/02-front.webp","مرسل فيديو صغير بأربعة مستويات طاقة — الخيار الوحيد، من الأمام"
"foxeer-reaper-extreme","Foxeer Reaper Extreme V3","مرسل فيديو عالي الطاقة على نطاق ممتدّ","وحدات البث","foxeer-reaper-extreme:standard","الخيار الوحيد","main","yes","web/public/assets/store/foxeer-reaper-extreme/standard/01-main.webp","مرسل فيديو عالي الطاقة على نطاق ممتدّ — الخيار الوحيد"
"foxeer-reaper-extreme","Foxeer Reaper Extreme V3","مرسل فيديو عالي الطاقة على نطاق ممتدّ","وحدات البث","foxeer-reaper-extreme:standard","الخيار الوحيد","front","no","web/public/assets/store/foxeer-reaper-extreme/standard/02-front.webp","مرسل فيديو عالي الطاقة على نطاق ممتدّ — الخيار الوحيد، من الأمام"
"walksnail-avatar-hd-pro","Walksnail Avatar HD Pro Kit","وحدة رقمية بمستشعر Sony Starvis II","وحدات الطائرة الرقمية","walksnail-avatar-hd-pro:standard","الخيار الوحيد","main","yes","web/public/assets/store/walksnail-avatar-hd-pro/standard/01-main.webp","وحدة رقمية بمستشعر Sony Starvis II — الخيار الوحيد"
"walksnail-avatar-hd-pro","Walksnail Avatar HD Pro Kit","وحدة رقمية بمستشعر Sony Starvis II","وحدات الطائرة الرقمية","walksnail-avatar-hd-pro:standard","الخيار الوحيد","front","no","web/public/assets/store/walksnail-avatar-hd-pro/standard/02-front.webp","وحدة رقمية بمستشعر Sony Starvis II — الخيار الوحيد، من الأمام"
"walksnail-avatar-hd-pro","Walksnail Avatar HD Pro Kit","وحدة رقمية بمستشعر Sony Starvis II","وحدات الطائرة الرقمية","walksnail-avatar-hd-pro:standard","الخيار الوحيد","box","no","web/public/assets/store/walksnail-avatar-hd-pro/standard/03-box.webp","محتويات صندوق وحدة رقمية بمستشعر Sony Starvis II — الخيار الوحيد"
"hdzero-freestyle-v2","HDZero Freestyle V2 VTX","مرسل رقمي يُباع بلا كاميرا","وحدات الطائرة الرقمية","hdzero-freestyle-v2:standard","الخيار الوحيد","main","yes","web/public/assets/store/hdzero-freestyle-v2/standard/01-main.webp","مرسل رقمي يُباع بلا كاميرا — الخيار الوحيد"
"hdzero-freestyle-v2","HDZero Freestyle V2 VTX","مرسل رقمي يُباع بلا كاميرا","وحدات الطائرة الرقمية","hdzero-freestyle-v2:standard","الخيار الوحيد","front","no","web/public/assets/store/hdzero-freestyle-v2/standard/02-front.webp","مرسل رقمي يُباع بلا كاميرا — الخيار الوحيد، من الأمام"
"hdzero-freestyle-v2","HDZero Freestyle V2 VTX","مرسل رقمي يُباع بلا كاميرا","وحدات الطائرة الرقمية","hdzero-freestyle-v2:standard","الخيار الوحيد","box","no","web/public/assets/store/hdzero-freestyle-v2/standard/03-box.webp","محتويات صندوق مرسل رقمي يُباع بلا كاميرا — الخيار الوحيد"
"holybro-m10-gps","Holybro Micro M10 GPS","وحدة GPS ببوصلة وهوائي رقعة 25 مم","وحدات GPS","holybro-m10-gps:standard","الخيار الوحيد","main","yes","web/public/assets/store/holybro-m10-gps/standard/01-main.webp","وحدة GPS ببوصلة وهوائي رقعة 25 مم — الخيار الوحيد"
"holybro-m10-gps","Holybro Micro M10 GPS","وحدة GPS ببوصلة وهوائي رقعة 25 مم","وحدات GPS","holybro-m10-gps:standard","الخيار الوحيد","front","no","web/public/assets/store/holybro-m10-gps/standard/02-front.webp","وحدة GPS ببوصلة وهوائي رقعة 25 مم — الخيار الوحيد، من الأمام"
"flywoo-goku-gm10-pro","Flywoo GOKU GM10 Pro V3","وحدة GPS وبوصلة بوزن 7.3 غرام","وحدات GPS","flywoo-goku-gm10-pro:standard","الخيار الوحيد","main","yes","web/public/assets/store/flywoo-goku-gm10-pro/standard/01-main.webp","وحدة GPS وبوصلة بوزن 7.3 غرام — الخيار الوحيد"
"flywoo-goku-gm10-pro","Flywoo GOKU GM10 Pro V3","وحدة GPS وبوصلة بوزن 7.3 غرام","وحدات GPS","flywoo-goku-gm10-pro:standard","الخيار الوحيد","front","no","web/public/assets/store/flywoo-goku-gm10-pro/standard/02-front.webp","وحدة GPS وبوصلة بوزن 7.3 غرام — الخيار الوحيد، من الأمام"
"happymodel-ep1-elrs","HappyModel EP1 (ExpressLRS)","مستقبِل ExpressLRS بوزن 0.41 غرام","المستقبلات","happymodel-ep1-elrs:standard","الخيار الوحيد","main","yes","web/public/assets/store/happymodel-ep1-elrs/standard/01-main.webp","مستقبِل ExpressLRS بوزن 0.41 غرام — الخيار الوحيد"
"happymodel-ep1-elrs","HappyModel EP1 (ExpressLRS)","مستقبِل ExpressLRS بوزن 0.41 غرام","المستقبلات","happymodel-ep1-elrs:standard","الخيار الوحيد","front","no","web/public/assets/store/happymodel-ep1-elrs/standard/02-front.webp","مستقبِل ExpressLRS بوزن 0.41 غرام — الخيار الوحيد، من الأمام"
"betafpv-superd-elrs","BetaFPV SuperD (ExpressLRS)","مستقبِل بسلسلتَي استقبال كاملتين","المستقبلات","betafpv-superd-elrs:ghz24","نسخة 2.4 غيغاهرتز","main","yes","web/public/assets/store/betafpv-superd-elrs/ghz24/01-main.webp","مستقبِل بسلسلتَي استقبال كاملتين — نسخة 2.4 غيغاهرتز"
"betafpv-superd-elrs","BetaFPV SuperD (ExpressLRS)","مستقبِل بسلسلتَي استقبال كاملتين","المستقبلات","betafpv-superd-elrs:ghz24","نسخة 2.4 غيغاهرتز","front","no","web/public/assets/store/betafpv-superd-elrs/ghz24/02-front.webp","مستقبِل بسلسلتَي استقبال كاملتين — نسخة 2.4 غيغاهرتز، من الأمام"
"betafpv-superd-elrs","BetaFPV SuperD (ExpressLRS)","مستقبِل بسلسلتَي استقبال كاملتين","المستقبلات","betafpv-superd-elrs:mhz900","نسخة 915 أو 868 ميغاهرتز","main","yes","web/public/assets/store/betafpv-superd-elrs/mhz900/01-main.webp","مستقبِل بسلسلتَي استقبال كاملتين — نسخة 915 أو 868 ميغاهرتز"
"betafpv-superd-elrs","BetaFPV SuperD (ExpressLRS)","مستقبِل بسلسلتَي استقبال كاملتين","المستقبلات","betafpv-superd-elrs:mhz900","نسخة 915 أو 868 ميغاهرتز","front","no","web/public/assets/store/betafpv-superd-elrs/mhz900/02-front.webp","مستقبِل بسلسلتَي استقبال كاملتين — نسخة 915 أو 868 ميغاهرتز، من الأمام"
"lumenier-axii-2","Lumenier AXII 2","هوائي دائري الاستقطاب — اختر الموصّل والاتجاه","الهوائيات","lumenier-axii-2:sma-rhcp","موصّل SMA — استقطاب يميني","main","yes","web/public/assets/store/lumenier-axii-2/sma-rhcp/01-main.webp","هوائي دائري الاستقطاب — اختر الموصّل والاتجاه — موصّل SMA — استقطاب يميني"
"lumenier-axii-2","Lumenier AXII 2","هوائي دائري الاستقطاب — اختر الموصّل والاتجاه","الهوائيات","lumenier-axii-2:sma-rhcp","موصّل SMA — استقطاب يميني","front","no","web/public/assets/store/lumenier-axii-2/sma-rhcp/02-front.webp","هوائي دائري الاستقطاب — اختر الموصّل والاتجاه — موصّل SMA — استقطاب يميني، من الأمام"
"lumenier-axii-2","Lumenier AXII 2","هوائي دائري الاستقطاب — اختر الموصّل والاتجاه","الهوائيات","lumenier-axii-2:sma-lhcp","موصّل SMA — استقطاب يساري","main","yes","web/public/assets/store/lumenier-axii-2/sma-lhcp/01-main.webp","هوائي دائري الاستقطاب — اختر الموصّل والاتجاه — موصّل SMA — استقطاب يساري"
"lumenier-axii-2","Lumenier AXII 2","هوائي دائري الاستقطاب — اختر الموصّل والاتجاه","الهوائيات","lumenier-axii-2:sma-lhcp","موصّل SMA — استقطاب يساري","front","no","web/public/assets/store/lumenier-axii-2/sma-lhcp/02-front.webp","هوائي دائري الاستقطاب — اختر الموصّل والاتجاه — موصّل SMA — استقطاب يساري، من الأمام"
"lumenier-axii-2","Lumenier AXII 2","هوائي دائري الاستقطاب — اختر الموصّل والاتجاه","الهوائيات","lumenier-axii-2:mmcx-rhcp","موصّل MMCX — استقطاب يميني","main","yes","web/public/assets/store/lumenier-axii-2/mmcx-rhcp/01-main.webp","هوائي دائري الاستقطاب — اختر الموصّل والاتجاه — موصّل MMCX — استقطاب يميني"
"lumenier-axii-2","Lumenier AXII 2","هوائي دائري الاستقطاب — اختر الموصّل والاتجاه","الهوائيات","lumenier-axii-2:mmcx-rhcp","موصّل MMCX — استقطاب يميني","front","no","web/public/assets/store/lumenier-axii-2/mmcx-rhcp/02-front.webp","هوائي دائري الاستقطاب — اختر الموصّل والاتجاه — موصّل MMCX — استقطاب يميني، من الأمام"
"lumenier-axii-2","Lumenier AXII 2","هوائي دائري الاستقطاب — اختر الموصّل والاتجاه","الهوائيات","lumenier-axii-2:ufl-rhcp","موصّل U.FL — استقطاب يميني","main","yes","web/public/assets/store/lumenier-axii-2/ufl-rhcp/01-main.webp","هوائي دائري الاستقطاب — اختر الموصّل والاتجاه — موصّل U.FL — استقطاب يميني"
"lumenier-axii-2","Lumenier AXII 2","هوائي دائري الاستقطاب — اختر الموصّل والاتجاه","الهوائيات","lumenier-axii-2:ufl-rhcp","موصّل U.FL — استقطاب يميني","front","no","web/public/assets/store/lumenier-axii-2/ufl-rhcp/02-front.webp","هوائي دائري الاستقطاب — اختر الموصّل والاتجاه — موصّل U.FL — استقطاب يميني، من الأمام"
"foxeer-lollipop-4","Foxeer Lollipop 4","هوائي متعدّد الاتجاهات بكسب 2.6 ديسيبل","الهوائيات","foxeer-lollipop-4:standard","الخيار الوحيد","main","yes","web/public/assets/store/foxeer-lollipop-4/standard/01-main.webp","هوائي متعدّد الاتجاهات بكسب 2.6 ديسيبل — الخيار الوحيد"
"foxeer-lollipop-4","Foxeer Lollipop 4","هوائي متعدّد الاتجاهات بكسب 2.6 ديسيبل","الهوائيات","foxeer-lollipop-4:standard","الخيار الوحيد","front","no","web/public/assets/store/foxeer-lollipop-4/standard/02-front.webp","هوائي متعدّد الاتجاهات بكسب 2.6 ديسيبل — الخيار الوحيد، من الأمام"
"gemfan-hurricane-51466","Gemfan Hurricane 51466 V2","مراوح خمس إنشات — القطعة الأكثر استهلاكاً","الإكسسوارات","gemfan-hurricane-51466:standard","الخيار الوحيد","main","yes","web/public/assets/store/gemfan-hurricane-51466/standard/01-main.webp","مراوح خمس إنشات — القطعة الأكثر استهلاكاً — الخيار الوحيد"
"gemfan-hurricane-51466","Gemfan Hurricane 51466 V2","مراوح خمس إنشات — القطعة الأكثر استهلاكاً","الإكسسوارات","gemfan-hurricane-51466:standard","الخيار الوحيد","front","no","web/public/assets/store/gemfan-hurricane-51466/standard/02-front.webp","مراوح خمس إنشات — القطعة الأكثر استهلاكاً — الخيار الوحيد، من الأمام"
"battery-strap-set","Battery Strap Set","أحزمة تثبيت البطارية","الإكسسوارات","battery-strap-set:standard","الخيار الوحيد","main","yes","web/public/assets/store/battery-strap-set/standard/01-main.webp","أحزمة تثبيت البطارية — الخيار الوحيد"
"battery-strap-set","Battery Strap Set","أحزمة تثبيت البطارية","الإكسسوارات","battery-strap-set:standard","الخيار الوحيد","front","no","web/public/assets/store/battery-strap-set/standard/02-front.webp","أحزمة تثبيت البطارية — الخيار الوحيد، من الأمام"
