productId,productAr,productEn,brandAr,categoryId,categoryAr,published,scope,variantId,variantAr,role,fileName,repoPath,url,requirement,purposeAr,altAr,aspect,minPx,preferredPx,maxKb,uploadState
"betafpv-cetus-pro","طقم تدريب كامل للمبتدئ","BetaFPV Cetus Pro Kit","BetaFPV","tiny-whoop","تايني ووب","مسودة","صورة لكل خيار","betafpv-cetus-pro:rtf","الطقم الكامل — طائرة وجهاز تحكّم ونظّارة","main","01-main.webp","web/public/assets/store/betafpv-cetus-pro/rtf/01-main.webp","/assets/store/betafpv-cetus-pro/rtf/01-main.webp","إلزامية","الصورة الرئيسية: المنتج كاملاً على خلفية بيضاء أو فاتحة، بلا قصّ لأي طرف. هذه التي تظهر في بطاقة المتجر.","طقم تدريب كامل للمبتدئ — الطقم الكامل — طائرة وجهاز تحكّم ونظّارة","1:1","1000×1000","1600×1600","400KB","expected but not uploaded"
"betafpv-cetus-pro","طقم تدريب كامل للمبتدئ","BetaFPV Cetus Pro Kit","BetaFPV","tiny-whoop","تايني ووب","مسودة","صورة لكل خيار","betafpv-cetus-pro:rtf","الطقم الكامل — طائرة وجهاز تحكّم ونظّارة","front","02-front.webp","web/public/assets/store/betafpv-cetus-pro/rtf/02-front.webp","/assets/store/betafpv-cetus-pro/rtf/02-front.webp","اختيارية","من الأمام مباشرة: تُظهر الكاميرا والهوائيات وترتيب المراوح.","طقم تدريب كامل للمبتدئ — الطقم الكامل — طائرة وجهاز تحكّم ونظّارة، من الأمام","1:1","1000×1000","1600×1600","400KB","expected but not uploaded"
"betafpv-cetus-pro","طقم تدريب كامل للمبتدئ","BetaFPV Cetus Pro Kit","BetaFPV","tiny-whoop","تايني ووب","مسودة","صورة لكل خيار","betafpv-cetus-pro:rtf","الطقم الكامل — طائرة وجهاز تحكّم ونظّارة","side","03-side.webp","web/public/assets/store/betafpv-cetus-pro/rtf/03-side.webp","/assets/store/betafpv-cetus-pro/rtf/03-side.webp","اختيارية","من الجانب: تُظهر الارتفاع وترتيب الطبقات والمنافذ.","طقم تدريب كامل للمبتدئ — الطقم الكامل — طائرة وجهاز تحكّم ونظّارة، من الجانب","1:1","1000×1000","1600×1600","400KB","expected but not uploaded"
"betafpv-cetus-pro","طقم تدريب كامل للمبتدئ","BetaFPV Cetus Pro Kit","BetaFPV","tiny-whoop","تايني ووب","مسودة","صورة لكل خيار","betafpv-cetus-pro:rtf","الطقم الكامل — طائرة وجهاز تحكّم ونظّارة","top","05-top.webp","web/public/assets/store/betafpv-cetus-pro/rtf/05-top.webp","/assets/store/betafpv-cetus-pro/rtf/05-top.webp","اختيارية","من الأعلى: تُظهر التخطيط العام وأماكن التثبيت.","طقم تدريب كامل للمبتدئ — الطقم الكامل — طائرة وجهاز تحكّم ونظّارة، من الأعلى","1:1","1000×1000","1600×1600","400KB","expected but not uploaded"
"betafpv-cetus-pro","طقم تدريب كامل للمبتدئ","BetaFPV Cetus Pro Kit","BetaFPV","tiny-whoop","تايني ووب","مسودة","صورة لكل خيار","betafpv-cetus-pro:rtf","الطقم الكامل — طائرة وجهاز تحكّم ونظّارة","box","06-box.webp","web/public/assets/store/betafpv-cetus-pro/rtf/06-box.webp","/assets/store/betafpv-cetus-pro/rtf/06-box.webp","اختيارية","محتويات الصندوق كما تصل فعلاً — لا صورة دعائية.","محتويات صندوق طقم تدريب كامل للمبتدئ — الطقم الكامل — طائرة وجهاز تحكّم ونظّارة","1:1","1000×1000","1600×1600","400KB","expected but not uploaded"
"betafpv-cetus-pro","طقم تدريب كامل للمبتدئ","BetaFPV Cetus Pro Kit","BetaFPV","tiny-whoop","تايني ووب","مسودة","صورة لكل خيار","betafpv-cetus-pro:bnf","الطائرة وحدها — لمن يملك جهازاً ونظّارة","main","01-main.webp","web/public/assets/store/betafpv-cetus-pro/bnf/01-main.webp","/assets/store/betafpv-cetus-pro/bnf/01-main.webp","إلزامية","الصورة الرئيسية: المنتج كاملاً على خلفية بيضاء أو فاتحة، بلا قصّ لأي طرف. هذه التي تظهر في بطاقة المتجر.","طقم تدريب كامل للمبتدئ — الطائرة وحدها — لمن يملك جهازاً ونظّارة","1:1","1000×1000","1600×1600","400KB","expected but not uploaded"
"betafpv-cetus-pro","طقم تدريب كامل للمبتدئ","BetaFPV Cetus Pro Kit","BetaFPV","tiny-whoop","تايني ووب","مسودة","صورة لكل خيار","betafpv-cetus-pro:bnf","الطائرة وحدها — لمن يملك جهازاً ونظّارة","front","02-front.webp","web/public/assets/store/betafpv-cetus-pro/bnf/02-front.webp","/assets/store/betafpv-cetus-pro/bnf/02-front.webp","اختيارية","من الأمام مباشرة: تُظهر الكاميرا والهوائيات وترتيب المراوح.","طقم تدريب كامل للمبتدئ — الطائرة وحدها — لمن يملك جهازاً ونظّارة، من الأمام","1:1","1000×1000","1600×1600","400KB","expected but not uploaded"
"betafpv-cetus-pro","طقم تدريب كامل للمبتدئ","BetaFPV Cetus Pro Kit","BetaFPV","tiny-whoop","تايني ووب","مسودة","صورة لكل خيار","betafpv-cetus-pro:bnf","الطائرة وحدها — لمن يملك جهازاً ونظّارة","side","03-side.webp","web/public/assets/store/betafpv-cetus-pro/bnf/03-side.webp","/assets/store/betafpv-cetus-pro/bnf/03-side.webp","اختيارية","من الجانب: تُظهر الارتفاع وترتيب الطبقات والمنافذ.","طقم تدريب كامل للمبتدئ — الطائرة وحدها — لمن يملك جهازاً ونظّارة، من الجانب","1:1","1000×1000","1600×1600","400KB","expected but not uploaded"
"betafpv-cetus-pro","طقم تدريب كامل للمبتدئ","BetaFPV Cetus Pro Kit","BetaFPV","tiny-whoop","تايني ووب","مسودة","صورة لكل خيار","betafpv-cetus-pro:bnf","الطائرة وحدها — لمن يملك جهازاً ونظّارة","top","05-top.webp","web/public/assets/store/betafpv-cetus-pro/bnf/05-top.webp","/assets/store/betafpv-cetus-pro/bnf/05-top.webp","اختيارية","من الأعلى: تُظهر التخطيط العام وأماكن التثبيت.","طقم تدريب كامل للمبتدئ — الطائرة وحدها — لمن يملك جهازاً ونظّارة، من الأعلى","1:1","1000×1000","1600×1600","400KB","expected but not uploaded"
"betafpv-cetus-pro","طقم تدريب كامل للمبتدئ","BetaFPV Cetus Pro Kit","BetaFPV","tiny-whoop","تايني ووب","مسودة","صورة لكل خيار","betafpv-cetus-pro:bnf","الطائرة وحدها — لمن يملك جهازاً ونظّارة","box","06-box.webp","web/public/assets/store/betafpv-cetus-pro/bnf/06-box.webp","/assets/store/betafpv-cetus-pro/bnf/06-box.webp","اختيارية","محتويات الصندوق كما تصل فعلاً — لا صورة دعائية.","محتويات صندوق طقم تدريب كامل للمبتدئ — الطائرة وحدها — لمن يملك جهازاً ونظّارة","1:1","1000×1000","1600×1600","400KB","expected but not uploaded"
"betafpv-meteor75-pro","ووب تناظري للطيران الحرّ داخل البيت","BetaFPV Meteor75 Pro","BetaFPV","tiny-whoop","تايني ووب","مسودة","صورة لكل خيار","betafpv-meteor75-pro:elrs-analog","ExpressLRS + فيديو تماثلي","main","01-main.webp","web/public/assets/store/betafpv-meteor75-pro/elrs-analog/01-main.webp","/assets/store/betafpv-meteor75-pro/elrs-analog/01-main.webp","إلزامية","الصورة الرئيسية: المنتج كاملاً على خلفية بيضاء أو فاتحة، بلا قصّ لأي طرف. هذه التي تظهر في بطاقة المتجر.","ووب تناظري للطيران الحرّ داخل البيت — ExpressLRS + فيديو تماثلي","1:1","1000×1000","1600×1600","400KB","expected but not uploaded"
"betafpv-meteor75-pro","ووب تناظري للطيران الحرّ داخل البيت","BetaFPV Meteor75 Pro","BetaFPV","tiny-whoop","تايني ووب","مسودة","صورة لكل خيار","betafpv-meteor75-pro:elrs-analog","ExpressLRS + فيديو تماثلي","front","02-front.webp","web/public/assets/store/betafpv-meteor75-pro/elrs-analog/02-front.webp","/assets/store/betafpv-meteor75-pro/elrs-analog/02-front.webp","اختيارية","من الأمام مباشرة: تُظهر الكاميرا والهوائيات وترتيب المراوح.","ووب تناظري للطيران الحرّ داخل البيت — ExpressLRS + فيديو تماثلي، من الأمام","1:1","1000×1000","1600×1600","400KB","expected but not uploaded"
"betafpv-meteor75-pro","ووب تناظري للطيران الحرّ داخل البيت","BetaFPV Meteor75 Pro","BetaFPV","tiny-whoop","تايني ووب","مسودة","صورة لكل خيار","betafpv-meteor75-pro:elrs-analog","ExpressLRS + فيديو تماثلي","side","03-side.webp","web/public/assets/store/betafpv-meteor75-pro/elrs-analog/03-side.webp","/assets/store/betafpv-meteor75-pro/elrs-analog/03-side.webp","اختيارية","من الجانب: تُظهر الارتفاع وترتيب الطبقات والمنافذ.","ووب تناظري للطيران الحرّ داخل البيت — ExpressLRS + فيديو تماثلي، من الجانب","1:1","1000×1000","1600×1600","400KB","expected but not uploaded"
"betafpv-meteor75-pro","ووب تناظري للطيران الحرّ داخل البيت","BetaFPV Meteor75 Pro","BetaFPV","tiny-whoop","تايني ووب","مسودة","صورة لكل خيار","betafpv-meteor75-pro:elrs-analog","ExpressLRS + فيديو تماثلي","top","05-top.webp","web/public/assets/store/betafpv-meteor75-pro/elrs-analog/05-top.webp","/assets/store/betafpv-meteor75-pro/elrs-analog/05-top.webp","اختيارية","من الأعلى: تُظهر التخطيط العام وأماكن التثبيت.","ووب تناظري للطيران الحرّ داخل البيت — ExpressLRS + فيديو تماثلي، من الأعلى","1:1","1000×1000","1600×1600","400KB","expected but not uploaded"
"betafpv-meteor75-pro","ووب تناظري للطيران الحرّ داخل البيت","BetaFPV Meteor75 Pro","BetaFPV","tiny-whoop","تايني ووب","مسودة","صورة لكل خيار","betafpv-meteor75-pro:elrs-analog","ExpressLRS + فيديو تماثلي","box","06-box.webp","web/public/assets/store/betafpv-meteor75-pro/elrs-analog/06-box.webp","/assets/store/betafpv-meteor75-pro/elrs-analog/06-box.webp","اختيارية","محتويات الصندوق كما تصل فعلاً — لا صورة دعائية.","محتويات صندوق ووب تناظري للطيران الحرّ داخل البيت — ExpressLRS + فيديو تماثلي","1:1","1000×1000","1600×1600","400KB","expected but not uploaded"
"betafpv-meteor75-pro","ووب تناظري للطيران الحرّ داخل البيت","BetaFPV Meteor75 Pro","BetaFPV","tiny-whoop","تايني ووب","مسودة","صورة لكل خيار","betafpv-meteor75-pro:elrs-hd","ExpressLRS + فيديو رقمي","main","01-main.webp","web/public/assets/store/betafpv-meteor75-pro/elrs-hd/01-main.webp","/assets/store/betafpv-meteor75-pro/elrs-hd/01-main.webp","إلزامية","الصورة الرئيسية: المنتج كاملاً على خلفية بيضاء أو فاتحة، بلا قصّ لأي طرف. هذه التي تظهر في بطاقة المتجر.","ووب تناظري للطيران الحرّ داخل البيت — ExpressLRS + فيديو رقمي","1:1","1000×1000","1600×1600","400KB","expected but not uploaded"
"betafpv-meteor75-pro","ووب تناظري للطيران الحرّ داخل البيت","BetaFPV Meteor75 Pro","BetaFPV","tiny-whoop","تايني ووب","مسودة","صورة لكل خيار","betafpv-meteor75-pro:elrs-hd","ExpressLRS + فيديو رقمي","front","02-front.webp","web/public/assets/store/betafpv-meteor75-pro/elrs-hd/02-front.webp","/assets/store/betafpv-meteor75-pro/elrs-hd/02-front.webp","اختيارية","من الأمام مباشرة: تُظهر الكاميرا والهوائيات وترتيب المراوح.","ووب تناظري للطيران الحرّ داخل البيت — ExpressLRS + فيديو رقمي، من الأمام","1:1","1000×1000","1600×1600","400KB","expected but not uploaded"
"betafpv-meteor75-pro","ووب تناظري للطيران الحرّ داخل البيت","BetaFPV Meteor75 Pro","BetaFPV","tiny-whoop","تايني ووب","مسودة","صورة لكل خيار","betafpv-meteor75-pro:elrs-hd","ExpressLRS + فيديو رقمي","side","03-side.webp","web/public/assets/store/betafpv-meteor75-pro/elrs-hd/03-side.webp","/assets/store/betafpv-meteor75-pro/elrs-hd/03-side.webp","اختيارية","من الجانب: تُظهر الارتفاع وترتيب الطبقات والمنافذ.","ووب تناظري للطيران الحرّ داخل البيت — ExpressLRS + فيديو رقمي، من الجانب","1:1","1000×1000","1600×1600","400KB","expected but not uploaded"
"betafpv-meteor75-pro","ووب تناظري للطيران الحرّ داخل البيت","BetaFPV Meteor75 Pro","BetaFPV","tiny-whoop","تايني ووب","مسودة","صورة لكل خيار","betafpv-meteor75-pro:elrs-hd","ExpressLRS + فيديو رقمي","top","05-top.webp","web/public/assets/store/betafpv-meteor75-pro/elrs-hd/05-top.webp","/assets/store/betafpv-meteor75-pro/elrs-hd/05-top.webp","اختيارية","من الأعلى: تُظهر التخطيط العام وأماكن التثبيت.","ووب تناظري للطيران الحرّ داخل البيت — ExpressLRS + فيديو رقمي، من الأعلى","1:1","1000×1000","1600×1600","400KB","expected but not uploaded"
"betafpv-meteor75-pro","ووب تناظري للطيران الحرّ داخل البيت","BetaFPV Meteor75 Pro","BetaFPV","tiny-whoop","تايني ووب","مسودة","صورة لكل خيار","betafpv-meteor75-pro:elrs-hd","ExpressLRS + فيديو رقمي","box","06-box.webp","web/public/assets/store/betafpv-meteor75-pro/elrs-hd/06-box.webp","/assets/store/betafpv-meteor75-pro/elrs-hd/06-box.webp","اختيارية","محتويات الصندوق كما تصل فعلاً — لا صورة دعائية.","محتويات صندوق ووب تناظري للطيران الحرّ داخل البيت — ExpressLRS + فيديو رقمي","1:1","1000×1000","1600×1600","400KB","expected but not uploaded"
"happymodel-mobula7","ووب اقتصادي واسع الانتشار","HappyModel Mobula7","HappyModel","tiny-whoop","تايني ووب","مسودة","صورة لكل خيار","happymodel-mobula7:elrs-bnf","ExpressLRS مع مستقبِل — تماثلي","main","01-main.webp","web/public/assets/store/happymodel-mobula7/elrs-bnf/01-main.webp","/assets/store/happymodel-mobula7/elrs-bnf/01-main.webp","إلزامية","الصورة الرئيسية: المنتج كاملاً على خلفية بيضاء أو فاتحة، بلا قصّ لأي طرف. هذه التي تظهر في بطاقة المتجر.","ووب اقتصادي واسع الانتشار — ExpressLRS مع مستقبِل — تماثلي","1:1","1000×1000","1600×1600","400KB","expected but not uploaded"
"happymodel-mobula7","ووب اقتصادي واسع الانتشار","HappyModel Mobula7","HappyModel","tiny-whoop","تايني ووب","مسودة","صورة لكل خيار","happymodel-mobula7:elrs-bnf","ExpressLRS مع مستقبِل — تماثلي","front","02-front.webp","web/public/assets/store/happymodel-mobula7/elrs-bnf/02-front.webp","/assets/store/happymodel-mobula7/elrs-bnf/02-front.webp","اختيارية","من الأمام مباشرة: تُظهر الكاميرا والهوائيات وترتيب المراوح.","ووب اقتصادي واسع الانتشار — ExpressLRS مع مستقبِل — تماثلي، من الأمام","1:1","1000×1000","1600×1600","400KB","expected but not uploaded"
"happymodel-mobula7","ووب اقتصادي واسع الانتشار","HappyModel Mobula7","HappyModel","tiny-whoop","تايني ووب","مسودة","صورة لكل خيار","happymodel-mobula7:elrs-bnf","ExpressLRS مع مستقبِل — تماثلي","side","03-side.webp","web/public/assets/store/happymodel-mobula7/elrs-bnf/03-side.webp","/assets/store/happymodel-mobula7/elrs-bnf/03-side.webp","اختيارية","من الجانب: تُظهر الارتفاع وترتيب الطبقات والمنافذ.","ووب اقتصادي واسع الانتشار — ExpressLRS مع مستقبِل — تماثلي، من الجانب","1:1","1000×1000","1600×1600","400KB","expected but not uploaded"
"happymodel-mobula7","ووب اقتصادي واسع الانتشار","HappyModel Mobula7","HappyModel","tiny-whoop","تايني ووب","مسودة","صورة لكل خيار","happymodel-mobula7:elrs-bnf","ExpressLRS مع مستقبِل — تماثلي","top","05-top.webp","web/public/assets/store/happymodel-mobula7/elrs-bnf/05-top.webp","/assets/store/happymodel-mobula7/elrs-bnf/05-top.webp","اختيارية","من الأعلى: تُظهر التخطيط العام وأماكن التثبيت.","ووب اقتصادي واسع الانتشار — ExpressLRS مع مستقبِل — تماثلي، من الأعلى","1:1","1000×1000","1600×1600","400KB","expected but not uploaded"
"happymodel-mobula7","ووب اقتصادي واسع الانتشار","HappyModel Mobula7","HappyModel","tiny-whoop","تايني ووب","مسودة","صورة لكل خيار","happymodel-mobula7:elrs-bnf","ExpressLRS مع مستقبِل — تماثلي","box","06-box.webp","web/public/assets/store/happymodel-mobula7/elrs-bnf/06-box.webp","/assets/store/happymodel-mobula7/elrs-bnf/06-box.webp","اختيارية","محتويات الصندوق كما تصل فعلاً — لا صورة دعائية.","محتويات صندوق ووب اقتصادي واسع الانتشار — ExpressLRS مع مستقبِل — تماثلي","1:1","1000×1000","1600×1600","400KB","expected but not uploaded"
"happymodel-mobula7","ووب اقتصادي واسع الانتشار","HappyModel Mobula7","HappyModel","tiny-whoop","تايني ووب","مسودة","صورة لكل خيار","happymodel-mobula7:pnp","بلا مستقبِل — تركّب مستقبِلك","main","01-main.webp","web/public/assets/store/happymodel-mobula7/pnp/01-main.webp","/assets/store/happymodel-mobula7/pnp/01-main.webp","إلزامية","الصورة الرئيسية: المنتج كاملاً على خلفية بيضاء أو فاتحة، بلا قصّ لأي طرف. هذه التي تظهر في بطاقة المتجر.","ووب اقتصادي واسع الانتشار — بلا مستقبِل — تركّب مستقبِلك","1:1","1000×1000","1600×1600","400KB","expected but not uploaded"
"happymodel-mobula7","ووب اقتصادي واسع الانتشار","HappyModel Mobula7","HappyModel","tiny-whoop","تايني ووب","مسودة","صورة لكل خيار","happymodel-mobula7:pnp","بلا مستقبِل — تركّب مستقبِلك","front","02-front.webp","web/public/assets/store/happymodel-mobula7/pnp/02-front.webp","/assets/store/happymodel-mobula7/pnp/02-front.webp","اختيارية","من الأمام مباشرة: تُظهر الكاميرا والهوائيات وترتيب المراوح.","ووب اقتصادي واسع الانتشار — بلا مستقبِل — تركّب مستقبِلك، من الأمام","1:1","1000×1000","1600×1600","400KB","expected but not uploaded"
"happymodel-mobula7","ووب اقتصادي واسع الانتشار","HappyModel Mobula7","HappyModel","tiny-whoop","تايني ووب","مسودة","صورة لكل خيار","happymodel-mobula7:pnp","بلا مستقبِل — تركّب مستقبِلك","side","03-side.webp","web/public/assets/store/happymodel-mobula7/pnp/03-side.webp","/assets/store/happymodel-mobula7/pnp/03-side.webp","اختيارية","من الجانب: تُظهر الارتفاع وترتيب الطبقات والمنافذ.","ووب اقتصادي واسع الانتشار — بلا مستقبِل — تركّب مستقبِلك، من الجانب","1:1","1000×1000","1600×1600","400KB","expected but not uploaded"
"happymodel-mobula7","ووب اقتصادي واسع الانتشار","HappyModel Mobula7","HappyModel","tiny-whoop","تايني ووب","مسودة","صورة لكل خيار","happymodel-mobula7:pnp","بلا مستقبِل — تركّب مستقبِلك","top","05-top.webp","web/public/assets/store/happymodel-mobula7/pnp/05-top.webp","/assets/store/happymodel-mobula7/pnp/05-top.webp","اختيارية","من الأعلى: تُظهر التخطيط العام وأماكن التثبيت.","ووب اقتصادي واسع الانتشار — بلا مستقبِل — تركّب مستقبِلك، من الأعلى","1:1","1000×1000","1600×1600","400KB","expected but not uploaded"
"happymodel-mobula7","ووب اقتصادي واسع الانتشار","HappyModel Mobula7","HappyModel","tiny-whoop","تايني ووب","مسودة","صورة لكل خيار","happymodel-mobula7:pnp","بلا مستقبِل — تركّب مستقبِلك","box","06-box.webp","web/public/assets/store/happymodel-mobula7/pnp/06-box.webp","/assets/store/happymodel-mobula7/pnp/06-box.webp","اختيارية","محتويات الصندوق كما تصل فعلاً — لا صورة دعائية.","محتويات صندوق ووب اقتصادي واسع الانتشار — بلا مستقبِل — تركّب مستقبِلك","1:1","1000×1000","1600×1600","400KB","expected but not uploaded"
"betafpv-pavo-pico","سينيووب صغير مبني حول وحدة فيديو رقمية تشتريها معه","BetaFPV Pavo Pico","BetaFPV","size-2","مقاس 2 إنش","مسودة","صورة واحدة لكل الخيارات","betafpv-pavo-pico:standard","الخيار الوحيد","main","01-main.webp","web/public/assets/store/betafpv-pavo-pico/_shared/01-main.webp","/assets/store/betafpv-pavo-pico/_shared/01-main.webp","إلزامية","الصورة الرئيسية: المنتج كاملاً على خلفية بيضاء أو فاتحة، بلا قصّ لأي طرف. هذه التي تظهر في بطاقة المتجر.","سينيووب صغير مبني حول وحدة فيديو رقمية تشتريها معه — الخيار الوحيد","1:1","1000×1000","1600×1600","400KB","expected but not uploaded"
"betafpv-pavo-pico","سينيووب صغير مبني حول وحدة فيديو رقمية تشتريها معه","BetaFPV Pavo Pico","BetaFPV","size-2","مقاس 2 إنش","مسودة","صورة واحدة لكل الخيارات","betafpv-pavo-pico:standard","الخيار الوحيد","front","02-front.webp","web/public/assets/store/betafpv-pavo-pico/_shared/02-front.webp","/assets/store/betafpv-pavo-pico/_shared/02-front.webp","اختيارية","من الأمام مباشرة: تُظهر الكاميرا والهوائيات وترتيب المراوح.","سينيووب صغير مبني حول وحدة فيديو رقمية تشتريها معه — الخيار الوحيد، من الأمام","1:1","1000×1000","1600×1600","400KB","expected but not uploaded"
"betafpv-pavo-pico","سينيووب صغير مبني حول وحدة فيديو رقمية تشتريها معه","BetaFPV Pavo Pico","BetaFPV","size-2","مقاس 2 إنش","مسودة","صورة واحدة لكل الخيارات","betafpv-pavo-pico:standard","الخيار الوحيد","side","03-side.webp","web/public/assets/store/betafpv-pavo-pico/_shared/03-side.webp","/assets/store/betafpv-pavo-pico/_shared/03-side.webp","اختيارية","من الجانب: تُظهر الارتفاع وترتيب الطبقات والمنافذ.","سينيووب صغير مبني حول وحدة فيديو رقمية تشتريها معه — الخيار الوحيد، من الجانب","1:1","1000×1000","1600×1600","400KB","expected but not uploaded"
"betafpv-pavo-pico","سينيووب صغير مبني حول وحدة فيديو رقمية تشتريها معه","BetaFPV Pavo Pico","BetaFPV","size-2","مقاس 2 إنش","مسودة","صورة واحدة لكل الخيارات","betafpv-pavo-pico:standard","الخيار الوحيد","top","05-top.webp","web/public/assets/store/betafpv-pavo-pico/_shared/05-top.webp","/assets/store/betafpv-pavo-pico/_shared/05-top.webp","اختيارية","من الأعلى: تُظهر التخطيط العام وأماكن التثبيت.","سينيووب صغير مبني حول وحدة فيديو رقمية تشتريها معه — الخيار الوحيد، من الأعلى","1:1","1000×1000","1600×1600","400KB","expected but not uploaded"
"betafpv-pavo-pico","سينيووب صغير مبني حول وحدة فيديو رقمية تشتريها معه","BetaFPV Pavo Pico","BetaFPV","size-2","مقاس 2 إنش","مسودة","صورة واحدة لكل الخيارات","betafpv-pavo-pico:standard","الخيار الوحيد","box","06-box.webp","web/public/assets/store/betafpv-pavo-pico/_shared/06-box.webp","/assets/store/betafpv-pavo-pico/_shared/06-box.webp","اختيارية","محتويات الصندوق كما تصل فعلاً — لا صورة دعائية.","محتويات صندوق سينيووب صغير مبني حول وحدة فيديو رقمية تشتريها معه — الخيار الوحيد","1:1","1000×1000","1600×1600","400KB","expected but not uploaded"
"geprc-cinelog25","سينيووب 2.5 إنش للتصوير الناعم","GEPRC Cinelog25","GEPRC","size-2-5","مقاس 2.5 إنش","مسودة","صورة لكل خيار","geprc-cinelog25:analog","تماثلي","main","01-main.webp","web/public/assets/store/geprc-cinelog25/analog/01-main.webp","/assets/store/geprc-cinelog25/analog/01-main.webp","إلزامية","الصورة الرئيسية: المنتج كاملاً على خلفية بيضاء أو فاتحة، بلا قصّ لأي طرف. هذه التي تظهر في بطاقة المتجر.","سينيووب 2.5 إنش للتصوير الناعم — تماثلي","1:1","1000×1000","1600×1600","400KB","expected but not uploaded"
"geprc-cinelog25","سينيووب 2.5 إنش للتصوير الناعم","GEPRC Cinelog25","GEPRC","size-2-5","مقاس 2.5 إنش","مسودة","صورة لكل خيار","geprc-cinelog25:analog","تماثلي","front","02-front.webp","web/public/assets/store/geprc-cinelog25/analog/02-front.webp","/assets/store/geprc-cinelog25/analog/02-front.webp","اختيارية","من الأمام مباشرة: تُظهر الكاميرا والهوائيات وترتيب المراوح.","سينيووب 2.5 إنش للتصوير الناعم — تماثلي، من الأمام","1:1","1000×1000","1600×1600","400KB","expected but not uploaded"
"geprc-cinelog25","سينيووب 2.5 إنش للتصوير الناعم","GEPRC Cinelog25","GEPRC","size-2-5","مقاس 2.5 إنش","مسودة","صورة لكل خيار","geprc-cinelog25:analog","تماثلي","side","03-side.webp","web/public/assets/store/geprc-cinelog25/analog/03-side.webp","/assets/store/geprc-cinelog25/analog/03-side.webp","اختيارية","من الجانب: تُظهر الارتفاع وترتيب الطبقات والمنافذ.","سينيووب 2.5 إنش للتصوير الناعم — تماثلي، من الجانب","1:1","1000×1000","1600×1600","400KB","expected but not uploaded"
"geprc-cinelog25","سينيووب 2.5 إنش للتصوير الناعم","GEPRC Cinelog25","GEPRC","size-2-5","مقاس 2.5 إنش","مسودة","صورة لكل خيار","geprc-cinelog25:analog","تماثلي","top","05-top.webp","web/public/assets/store/geprc-cinelog25/analog/05-top.webp","/assets/store/geprc-cinelog25/analog/05-top.webp","اختيارية","من الأعلى: تُظهر التخطيط العام وأماكن التثبيت.","سينيووب 2.5 إنش للتصوير الناعم — تماثلي، من الأعلى","1:1","1000×1000","1600×1600","400KB","expected but not uploaded"
"geprc-cinelog25","سينيووب 2.5 إنش للتصوير الناعم","GEPRC Cinelog25","GEPRC","size-2-5","مقاس 2.5 إنش","مسودة","صورة لكل خيار","geprc-cinelog25:analog","تماثلي","box","06-box.webp","web/public/assets/store/geprc-cinelog25/analog/06-box.webp","/assets/store/geprc-cinelog25/analog/06-box.webp","اختيارية","محتويات الصندوق كما تصل فعلاً — لا صورة دعائية.","محتويات صندوق سينيووب 2.5 إنش للتصوير الناعم — تماثلي","1:1","1000×1000","1600×1600","400KB","expected but not uploaded"
"geprc-cinelog25","سينيووب 2.5 إنش للتصوير الناعم","GEPRC Cinelog25","GEPRC","size-2-5","مقاس 2.5 إنش","مسودة","صورة لكل خيار","geprc-cinelog25:hd-o3","رقمي بوحدة DJI O3","main","01-main.webp","web/public/assets/store/geprc-cinelog25/hd-o3/01-main.webp","/assets/store/geprc-cinelog25/hd-o3/01-main.webp","إلزامية","الصورة الرئيسية: المنتج كاملاً على خلفية بيضاء أو فاتحة، بلا قصّ لأي طرف. هذه التي تظهر في بطاقة المتجر.","سينيووب 2.5 إنش للتصوير الناعم — رقمي بوحدة DJI O3","1:1","1000×1000","1600×1600","400KB","expected but not uploaded"
"geprc-cinelog25","سينيووب 2.5 إنش للتصوير الناعم","GEPRC Cinelog25","GEPRC","size-2-5","مقاس 2.5 إنش","مسودة","صورة لكل خيار","geprc-cinelog25:hd-o3","رقمي بوحدة DJI O3","front","02-front.webp","web/public/assets/store/geprc-cinelog25/hd-o3/02-front.webp","/assets/store/geprc-cinelog25/hd-o3/02-front.webp","اختيارية","من الأمام مباشرة: تُظهر الكاميرا والهوائيات وترتيب المراوح.","سينيووب 2.5 إنش للتصوير الناعم — رقمي بوحدة DJI O3، من الأمام","1:1","1000×1000","1600×1600","400KB","expected but not uploaded"
"geprc-cinelog25","سينيووب 2.5 إنش للتصوير الناعم","GEPRC Cinelog25","GEPRC","size-2-5","مقاس 2.5 إنش","مسودة","صورة لكل خيار","geprc-cinelog25:hd-o3","رقمي بوحدة DJI O3","side","03-side.webp","web/public/assets/store/geprc-cinelog25/hd-o3/03-side.webp","/assets/store/geprc-cinelog25/hd-o3/03-side.webp","اختيارية","من الجانب: تُظهر الارتفاع وترتيب الطبقات والمنافذ.","سينيووب 2.5 إنش للتصوير الناعم — رقمي بوحدة DJI O3، من الجانب","1:1","1000×1000","1600×1600","400KB","expected but not uploaded"
"geprc-cinelog25","سينيووب 2.5 إنش للتصوير الناعم","GEPRC Cinelog25","GEPRC","size-2-5","مقاس 2.5 إنش","مسودة","صورة لكل خيار","geprc-cinelog25:hd-o3","رقمي بوحدة DJI O3","top","05-top.webp","web/public/assets/store/geprc-cinelog25/hd-o3/05-top.webp","/assets/store/geprc-cinelog25/hd-o3/05-top.webp","اختيارية","من الأعلى: تُظهر التخطيط العام وأماكن التثبيت.","سينيووب 2.5 إنش للتصوير الناعم — رقمي بوحدة DJI O3، من الأعلى","1:1","1000×1000","1600×1600","400KB","expected but not uploaded"
"geprc-cinelog25","سينيووب 2.5 إنش للتصوير الناعم","GEPRC Cinelog25","GEPRC","size-2-5","مقاس 2.5 إنش","مسودة","صورة لكل خيار","geprc-cinelog25:hd-o3","رقمي بوحدة DJI O3","box","06-box.webp","web/public/assets/store/geprc-cinelog25/hd-o3/06-box.webp","/assets/store/geprc-cinelog25/hd-o3/06-box.webp","اختيارية","محتويات الصندوق كما تصل فعلاً — لا صورة دعائية.","محتويات صندوق سينيووب 2.5 إنش للتصوير الناعم — رقمي بوحدة DJI O3","1:1","1000×1000","1600×1600","400KB","expected but not uploaded"
"geprc-cinelog25","سينيووب 2.5 إنش للتصوير الناعم","GEPRC Cinelog25","GEPRC","size-2-5","مقاس 2.5 إنش","مسودة","صورة لكل خيار","geprc-cinelog25:hd-wasp","رقمي بنظام Walksnail","main","01-main.webp","web/public/assets/store/geprc-cinelog25/hd-wasp/01-main.webp","/assets/store/geprc-cinelog25/hd-wasp/01-main.webp","إلزامية","الصورة الرئيسية: المنتج كاملاً على خلفية بيضاء أو فاتحة، بلا قصّ لأي طرف. هذه التي تظهر في بطاقة المتجر.","سينيووب 2.5 إنش للتصوير الناعم — رقمي بنظام Walksnail","1:1","1000×1000","1600×1600","400KB","expected but not uploaded"
"geprc-cinelog25","سينيووب 2.5 إنش للتصوير الناعم","GEPRC Cinelog25","GEPRC","size-2-5","مقاس 2.5 إنش","مسودة","صورة لكل خيار","geprc-cinelog25:hd-wasp","رقمي بنظام Walksnail","front","02-front.webp","web/public/assets/store/geprc-cinelog25/hd-wasp/02-front.webp","/assets/store/geprc-cinelog25/hd-wasp/02-front.webp","اختيارية","من الأمام مباشرة: تُظهر الكاميرا والهوائيات وترتيب المراوح.","سينيووب 2.5 إنش للتصوير الناعم — رقمي بنظام Walksnail، من الأمام","1:1","1000×1000","1600×1600","400KB","expected but not uploaded"
"geprc-cinelog25","سينيووب 2.5 إنش للتصوير الناعم","GEPRC Cinelog25","GEPRC","size-2-5","مقاس 2.5 إنش","مسودة","صورة لكل خيار","geprc-cinelog25:hd-wasp","رقمي بنظام Walksnail","side","03-side.webp","web/public/assets/store/geprc-cinelog25/hd-wasp/03-side.webp","/assets/store/geprc-cinelog25/hd-wasp/03-side.webp","اختيارية","من الجانب: تُظهر الارتفاع وترتيب الطبقات والمنافذ.","سينيووب 2.5 إنش للتصوير الناعم — رقمي بنظام Walksnail، من الجانب","1:1","1000×1000","1600×1600","400KB","expected but not uploaded"
"geprc-cinelog25","سينيووب 2.5 إنش للتصوير الناعم","GEPRC Cinelog25","GEPRC","size-2-5","مقاس 2.5 إنش","مسودة","صورة لكل خيار","geprc-cinelog25:hd-wasp","رقمي بنظام Walksnail","top","05-top.webp","web/public/assets/store/geprc-cinelog25/hd-wasp/05-top.webp","/assets/store/geprc-cinelog25/hd-wasp/05-top.webp","اختيارية","من الأعلى: تُظهر التخطيط العام وأماكن التثبيت.","سينيووب 2.5 إنش للتصوير الناعم — رقمي بنظام Walksnail، من الأعلى","1:1","1000×1000","1600×1600","400KB","expected but not uploaded"
"geprc-cinelog25","سينيووب 2.5 إنش للتصوير الناعم","GEPRC Cinelog25","GEPRC","size-2-5","مقاس 2.5 إنش","مسودة","صورة لكل خيار","geprc-cinelog25:hd-wasp","رقمي بنظام Walksnail","box","06-box.webp","web/public/assets/store/geprc-cinelog25/hd-wasp/06-box.webp","/assets/store/geprc-cinelog25/hd-wasp/06-box.webp","اختيارية","محتويات الصندوق كما تصل فعلاً — لا صورة دعائية.","محتويات صندوق سينيووب 2.5 إنش للتصوير الناعم — رقمي بنظام Walksnail","1:1","1000×1000","1600×1600","400KB","expected but not uploaded"
"geprc-smart35","فريستايل تحت 250 غراماً","GEPRC SMART35","GEPRC","size-3-5","مقاس 3.5 – 4 إنش","مسودة","صورة لكل خيار","geprc-smart35:analog","نسخة تماثلية بطاقة 600 ميلي واط","main","01-main.webp","web/public/assets/store/geprc-smart35/analog/01-main.webp","/assets/store/geprc-smart35/analog/01-main.webp","إلزامية","الصورة الرئيسية: المنتج كاملاً على خلفية بيضاء أو فاتحة، بلا قصّ لأي طرف. هذه التي تظهر في بطاقة المتجر.","فريستايل تحت 250 غراماً — نسخة تماثلية بطاقة 600 ميلي واط","1:1","1000×1000","1600×1600","400KB","expected but not uploaded"
"geprc-smart35","فريستايل تحت 250 غراماً","GEPRC SMART35","GEPRC","size-3-5","مقاس 3.5 – 4 إنش","مسودة","صورة لكل خيار","geprc-smart35:analog","نسخة تماثلية بطاقة 600 ميلي واط","front","02-front.webp","web/public/assets/store/geprc-smart35/analog/02-front.webp","/assets/store/geprc-smart35/analog/02-front.webp","اختيارية","من الأمام مباشرة: تُظهر الكاميرا والهوائيات وترتيب المراوح.","فريستايل تحت 250 غراماً — نسخة تماثلية بطاقة 600 ميلي واط، من الأمام","1:1","1000×1000","1600×1600","400KB","expected but not uploaded"
"geprc-smart35","فريستايل تحت 250 غراماً","GEPRC SMART35","GEPRC","size-3-5","مقاس 3.5 – 4 إنش","مسودة","صورة لكل خيار","geprc-smart35:analog","نسخة تماثلية بطاقة 600 ميلي واط","side","03-side.webp","web/public/assets/store/geprc-smart35/analog/03-side.webp","/assets/store/geprc-smart35/analog/03-side.webp","اختيارية","من الجانب: تُظهر الارتفاع وترتيب الطبقات والمنافذ.","فريستايل تحت 250 غراماً — نسخة تماثلية بطاقة 600 ميلي واط، من الجانب","1:1","1000×1000","1600×1600","400KB","expected but not uploaded"
"geprc-smart35","فريستايل تحت 250 غراماً","GEPRC SMART35","GEPRC","size-3-5","مقاس 3.5 – 4 إنش","مسودة","صورة لكل خيار","geprc-smart35:analog","نسخة تماثلية بطاقة 600 ميلي واط","top","05-top.webp","web/public/assets/store/geprc-smart35/analog/05-top.webp","/assets/store/geprc-smart35/analog/05-top.webp","اختيارية","من الأعلى: تُظهر التخطيط العام وأماكن التثبيت.","فريستايل تحت 250 غراماً — نسخة تماثلية بطاقة 600 ميلي واط، من الأعلى","1:1","1000×1000","1600×1600","400KB","expected but not uploaded"
"geprc-smart35","فريستايل تحت 250 غراماً","GEPRC SMART35","GEPRC","size-3-5","مقاس 3.5 – 4 إنش","مسودة","صورة لكل خيار","geprc-smart35:analog","نسخة تماثلية بطاقة 600 ميلي واط","box","06-box.webp","web/public/assets/store/geprc-smart35/analog/06-box.webp","/assets/store/geprc-smart35/analog/06-box.webp","اختيارية","محتويات الصندوق كما تصل فعلاً — لا صورة دعائية.","محتويات صندوق فريستايل تحت 250 غراماً — نسخة تماثلية بطاقة 600 ميلي واط","1:1","1000×1000","1600×1600","400KB","expected but not uploaded"
"geprc-smart35","فريستايل تحت 250 غراماً","GEPRC SMART35","GEPRC","size-3-5","مقاس 3.5 – 4 إنش","مسودة","صورة لكل خيار","geprc-smart35:hd","نسخة رقمية","main","01-main.webp","web/public/assets/store/geprc-smart35/hd/01-main.webp","/assets/store/geprc-smart35/hd/01-main.webp","إلزامية","الصورة الرئيسية: المنتج كاملاً على خلفية بيضاء أو فاتحة، بلا قصّ لأي طرف. هذه التي تظهر في بطاقة المتجر.","فريستايل تحت 250 غراماً — نسخة رقمية","1:1","1000×1000","1600×1600","400KB","expected but not uploaded"
"geprc-smart35","فريستايل تحت 250 غراماً","GEPRC SMART35","GEPRC","size-3-5","مقاس 3.5 – 4 إنش","مسودة","صورة لكل خيار","geprc-smart35:hd","نسخة رقمية","front","02-front.webp","web/public/assets/store/geprc-smart35/hd/02-front.webp","/assets/store/geprc-smart35/hd/02-front.webp","اختيارية","من الأمام مباشرة: تُظهر الكاميرا والهوائيات وترتيب المراوح.","فريستايل تحت 250 غراماً — نسخة رقمية، من الأمام","1:1","1000×1000","1600×1600","400KB","expected but not uploaded"
"geprc-smart35","فريستايل تحت 250 غراماً","GEPRC SMART35","GEPRC","size-3-5","مقاس 3.5 – 4 إنش","مسودة","صورة لكل خيار","geprc-smart35:hd","نسخة رقمية","side","03-side.webp","web/public/assets/store/geprc-smart35/hd/03-side.webp","/assets/store/geprc-smart35/hd/03-side.webp","اختيارية","من الجانب: تُظهر الارتفاع وترتيب الطبقات والمنافذ.","فريستايل تحت 250 غراماً — نسخة رقمية، من الجانب","1:1","1000×1000","1600×1600","400KB","expected but not uploaded"
"geprc-smart35","فريستايل تحت 250 غراماً","GEPRC SMART35","GEPRC","size-3-5","مقاس 3.5 – 4 إنش","مسودة","صورة لكل خيار","geprc-smart35:hd","نسخة رقمية","top","05-top.webp","web/public/assets/store/geprc-smart35/hd/05-top.webp","/assets/store/geprc-smart35/hd/05-top.webp","اختيارية","من الأعلى: تُظهر التخطيط العام وأماكن التثبيت.","فريستايل تحت 250 غراماً — نسخة رقمية، من الأعلى","1:1","1000×1000","1600×1600","400KB","expected but not uploaded"
"geprc-smart35","فريستايل تحت 250 غراماً","GEPRC SMART35","GEPRC","size-3-5","مقاس 3.5 – 4 إنش","مسودة","صورة لكل خيار","geprc-smart35:hd","نسخة رقمية","box","06-box.webp","web/public/assets/store/geprc-smart35/hd/06-box.webp","/assets/store/geprc-smart35/hd/06-box.webp","اختيارية","محتويات الصندوق كما تصل فعلاً — لا صورة دعائية.","محتويات صندوق فريستايل تحت 250 غراماً — نسخة رقمية","1:1","1000×1000","1600×1600","400KB","expected but not uploaded"
"geprc-cinelog35","سينيووب 3.5 إنش بنظام رقمي من الجيل الرابع","GEPRC CineLog35 V3","GEPRC","size-3-5","مقاس 3.5 – 4 إنش","مسودة","صورة لكل خيار","geprc-cinelog35:o4-pro","نسخة DJI O4 Air Unit Pro","main","01-main.webp","web/public/assets/store/geprc-cinelog35/o4-pro/01-main.webp","/assets/store/geprc-cinelog35/o4-pro/01-main.webp","إلزامية","الصورة الرئيسية: المنتج كاملاً على خلفية بيضاء أو فاتحة، بلا قصّ لأي طرف. هذه التي تظهر في بطاقة المتجر.","سينيووب 3.5 إنش بنظام رقمي من الجيل الرابع — نسخة DJI O4 Air Unit Pro","1:1","1000×1000","1600×1600","400KB","expected but not uploaded"
"geprc-cinelog35","سينيووب 3.5 إنش بنظام رقمي من الجيل الرابع","GEPRC CineLog35 V3","GEPRC","size-3-5","مقاس 3.5 – 4 إنش","مسودة","صورة لكل خيار","geprc-cinelog35:o4-pro","نسخة DJI O4 Air Unit Pro","front","02-front.webp","web/public/assets/store/geprc-cinelog35/o4-pro/02-front.webp","/assets/store/geprc-cinelog35/o4-pro/02-front.webp","اختيارية","من الأمام مباشرة: تُظهر الكاميرا والهوائيات وترتيب المراوح.","سينيووب 3.5 إنش بنظام رقمي من الجيل الرابع — نسخة DJI O4 Air Unit Pro، من الأمام","1:1","1000×1000","1600×1600","400KB","expected but not uploaded"
"geprc-cinelog35","سينيووب 3.5 إنش بنظام رقمي من الجيل الرابع","GEPRC CineLog35 V3","GEPRC","size-3-5","مقاس 3.5 – 4 إنش","مسودة","صورة لكل خيار","geprc-cinelog35:o4-pro","نسخة DJI O4 Air Unit Pro","side","03-side.webp","web/public/assets/store/geprc-cinelog35/o4-pro/03-side.webp","/assets/store/geprc-cinelog35/o4-pro/03-side.webp","اختيارية","من الجانب: تُظهر الارتفاع وترتيب الطبقات والمنافذ.","سينيووب 3.5 إنش بنظام رقمي من الجيل الرابع — نسخة DJI O4 Air Unit Pro، من الجانب","1:1","1000×1000","1600×1600","400KB","expected but not uploaded"
"geprc-cinelog35","سينيووب 3.5 إنش بنظام رقمي من الجيل الرابع","GEPRC CineLog35 V3","GEPRC","size-3-5","مقاس 3.5 – 4 إنش","مسودة","صورة لكل خيار","geprc-cinelog35:o4-pro","نسخة DJI O4 Air Unit Pro","top","05-top.webp","web/public/assets/store/geprc-cinelog35/o4-pro/05-top.webp","/assets/store/geprc-cinelog35/o4-pro/05-top.webp","اختيارية","من الأعلى: تُظهر التخطيط العام وأماكن التثبيت.","سينيووب 3.5 إنش بنظام رقمي من الجيل الرابع — نسخة DJI O4 Air Unit Pro، من الأعلى","1:1","1000×1000","1600×1600","400KB","expected but not uploaded"
"geprc-cinelog35","سينيووب 3.5 إنش بنظام رقمي من الجيل الرابع","GEPRC CineLog35 V3","GEPRC","size-3-5","مقاس 3.5 – 4 إنش","مسودة","صورة لكل خيار","geprc-cinelog35:o4-pro","نسخة DJI O4 Air Unit Pro","box","06-box.webp","web/public/assets/store/geprc-cinelog35/o4-pro/06-box.webp","/assets/store/geprc-cinelog35/o4-pro/06-box.webp","اختيارية","محتويات الصندوق كما تصل فعلاً — لا صورة دعائية.","محتويات صندوق سينيووب 3.5 إنش بنظام رقمي من الجيل الرابع — نسخة DJI O4 Air Unit Pro","1:1","1000×1000","1600×1600","400KB","expected but not uploaded"
"geprc-cinelog35","سينيووب 3.5 إنش بنظام رقمي من الجيل الرابع","GEPRC CineLog35 V3","GEPRC","size-3-5","مقاس 3.5 – 4 إنش","مسودة","صورة لكل خيار","geprc-cinelog35:wtfpv","نسخة WTFPV","main","01-main.webp","web/public/assets/store/geprc-cinelog35/wtfpv/01-main.webp","/assets/store/geprc-cinelog35/wtfpv/01-main.webp","إلزامية","الصورة الرئيسية: المنتج كاملاً على خلفية بيضاء أو فاتحة، بلا قصّ لأي طرف. هذه التي تظهر في بطاقة المتجر.","سينيووب 3.5 إنش بنظام رقمي من الجيل الرابع — نسخة WTFPV","1:1","1000×1000","1600×1600","400KB","expected but not uploaded"
"geprc-cinelog35","سينيووب 3.5 إنش بنظام رقمي من الجيل الرابع","GEPRC CineLog35 V3","GEPRC","size-3-5","مقاس 3.5 – 4 إنش","مسودة","صورة لكل خيار","geprc-cinelog35:wtfpv","نسخة WTFPV","front","02-front.webp","web/public/assets/store/geprc-cinelog35/wtfpv/02-front.webp","/assets/store/geprc-cinelog35/wtfpv/02-front.webp","اختيارية","من الأمام مباشرة: تُظهر الكاميرا والهوائيات وترتيب المراوح.","سينيووب 3.5 إنش بنظام رقمي من الجيل الرابع — نسخة WTFPV، من الأمام","1:1","1000×1000","1600×1600","400KB","expected but not uploaded"
"geprc-cinelog35","سينيووب 3.5 إنش بنظام رقمي من الجيل الرابع","GEPRC CineLog35 V3","GEPRC","size-3-5","مقاس 3.5 – 4 إنش","مسودة","صورة لكل خيار","geprc-cinelog35:wtfpv","نسخة WTFPV","side","03-side.webp","web/public/assets/store/geprc-cinelog35/wtfpv/03-side.webp","/assets/store/geprc-cinelog35/wtfpv/03-side.webp","اختيارية","من الجانب: تُظهر الارتفاع وترتيب الطبقات والمنافذ.","سينيووب 3.5 إنش بنظام رقمي من الجيل الرابع — نسخة WTFPV، من الجانب","1:1","1000×1000","1600×1600","400KB","expected but not uploaded"
"geprc-cinelog35","سينيووب 3.5 إنش بنظام رقمي من الجيل الرابع","GEPRC CineLog35 V3","GEPRC","size-3-5","مقاس 3.5 – 4 إنش","مسودة","صورة لكل خيار","geprc-cinelog35:wtfpv","نسخة WTFPV","top","05-top.webp","web/public/assets/store/geprc-cinelog35/wtfpv/05-top.webp","/assets/store/geprc-cinelog35/wtfpv/05-top.webp","اختيارية","من الأعلى: تُظهر التخطيط العام وأماكن التثبيت.","سينيووب 3.5 إنش بنظام رقمي من الجيل الرابع — نسخة WTFPV، من الأعلى","1:1","1000×1000","1600×1600","400KB","expected but not uploaded"
"geprc-cinelog35","سينيووب 3.5 إنش بنظام رقمي من الجيل الرابع","GEPRC CineLog35 V3","GEPRC","size-3-5","مقاس 3.5 – 4 إنش","مسودة","صورة لكل خيار","geprc-cinelog35:wtfpv","نسخة WTFPV","box","06-box.webp","web/public/assets/store/geprc-cinelog35/wtfpv/06-box.webp","/assets/store/geprc-cinelog35/wtfpv/06-box.webp","اختيارية","محتويات الصندوق كما تصل فعلاً — لا صورة دعائية.","محتويات صندوق سينيووب 3.5 إنش بنظام رقمي من الجيل الرابع — نسخة WTFPV","1:1","1000×1000","1600×1600","400KB","expected but not uploaded"
"iflight-nazgul5-v3","خمس إنشات جاهزة للفريستايل","iFlight Nazgul5 V3","iFlight","size-5","مقاس 5 إنش","مسودة","صورة لكل خيار","iflight-nazgul5-v3:elrs-analog","ExpressLRS + فيديو تماثلي","main","01-main.webp","web/public/assets/store/iflight-nazgul5-v3/elrs-analog/01-main.webp","/assets/store/iflight-nazgul5-v3/elrs-analog/01-main.webp","إلزامية","الصورة الرئيسية: المنتج كاملاً على خلفية بيضاء أو فاتحة، بلا قصّ لأي طرف. هذه التي تظهر في بطاقة المتجر.","خمس إنشات جاهزة للفريستايل — ExpressLRS + فيديو تماثلي","1:1","1000×1000","1600×1600","400KB","expected but not uploaded"
"iflight-nazgul5-v3","خمس إنشات جاهزة للفريستايل","iFlight Nazgul5 V3","iFlight","size-5","مقاس 5 إنش","مسودة","صورة لكل خيار","iflight-nazgul5-v3:elrs-analog","ExpressLRS + فيديو تماثلي","front","02-front.webp","web/public/assets/store/iflight-nazgul5-v3/elrs-analog/02-front.webp","/assets/store/iflight-nazgul5-v3/elrs-analog/02-front.webp","اختيارية","من الأمام مباشرة: تُظهر الكاميرا والهوائيات وترتيب المراوح.","خمس إنشات جاهزة للفريستايل — ExpressLRS + فيديو تماثلي، من الأمام","1:1","1000×1000","1600×1600","400KB","expected but not uploaded"
"iflight-nazgul5-v3","خمس إنشات جاهزة للفريستايل","iFlight Nazgul5 V3","iFlight","size-5","مقاس 5 إنش","مسودة","صورة لكل خيار","iflight-nazgul5-v3:elrs-analog","ExpressLRS + فيديو تماثلي","side","03-side.webp","web/public/assets/store/iflight-nazgul5-v3/elrs-analog/03-side.webp","/assets/store/iflight-nazgul5-v3/elrs-analog/03-side.webp","اختيارية","من الجانب: تُظهر الارتفاع وترتيب الطبقات والمنافذ.","خمس إنشات جاهزة للفريستايل — ExpressLRS + فيديو تماثلي، من الجانب","1:1","1000×1000","1600×1600","400KB","expected but not uploaded"
"iflight-nazgul5-v3","خمس إنشات جاهزة للفريستايل","iFlight Nazgul5 V3","iFlight","size-5","مقاس 5 إنش","مسودة","صورة لكل خيار","iflight-nazgul5-v3:elrs-analog","ExpressLRS + فيديو تماثلي","top","05-top.webp","web/public/assets/store/iflight-nazgul5-v3/elrs-analog/05-top.webp","/assets/store/iflight-nazgul5-v3/elrs-analog/05-top.webp","اختيارية","من الأعلى: تُظهر التخطيط العام وأماكن التثبيت.","خمس إنشات جاهزة للفريستايل — ExpressLRS + فيديو تماثلي، من الأعلى","1:1","1000×1000","1600×1600","400KB","expected but not uploaded"
"iflight-nazgul5-v3","خمس إنشات جاهزة للفريستايل","iFlight Nazgul5 V3","iFlight","size-5","مقاس 5 إنش","مسودة","صورة لكل خيار","iflight-nazgul5-v3:elrs-analog","ExpressLRS + فيديو تماثلي","box","06-box.webp","web/public/assets/store/iflight-nazgul5-v3/elrs-analog/06-box.webp","/assets/store/iflight-nazgul5-v3/elrs-analog/06-box.webp","اختيارية","محتويات الصندوق كما تصل فعلاً — لا صورة دعائية.","محتويات صندوق خمس إنشات جاهزة للفريستايل — ExpressLRS + فيديو تماثلي","1:1","1000×1000","1600×1600","400KB","expected but not uploaded"
"iflight-nazgul5-v3","خمس إنشات جاهزة للفريستايل","iFlight Nazgul5 V3","iFlight","size-5","مقاس 5 إنش","مسودة","صورة لكل خيار","iflight-nazgul5-v3:crossfire-analog","Crossfire + فيديو تماثلي","main","01-main.webp","web/public/assets/store/iflight-nazgul5-v3/crossfire-analog/01-main.webp","/assets/store/iflight-nazgul5-v3/crossfire-analog/01-main.webp","إلزامية","الصورة الرئيسية: المنتج كاملاً على خلفية بيضاء أو فاتحة، بلا قصّ لأي طرف. هذه التي تظهر في بطاقة المتجر.","خمس إنشات جاهزة للفريستايل — Crossfire + فيديو تماثلي","1:1","1000×1000","1600×1600","400KB","expected but not uploaded"
"iflight-nazgul5-v3","خمس إنشات جاهزة للفريستايل","iFlight Nazgul5 V3","iFlight","size-5","مقاس 5 إنش","مسودة","صورة لكل خيار","iflight-nazgul5-v3:crossfire-analog","Crossfire + فيديو تماثلي","front","02-front.webp","web/public/assets/store/iflight-nazgul5-v3/crossfire-analog/02-front.webp","/assets/store/iflight-nazgul5-v3/crossfire-analog/02-front.webp","اختيارية","من الأمام مباشرة: تُظهر الكاميرا والهوائيات وترتيب المراوح.","خمس إنشات جاهزة للفريستايل — Crossfire + فيديو تماثلي، من الأمام","1:1","1000×1000","1600×1600","400KB","expected but not uploaded"
"iflight-nazgul5-v3","خمس إنشات جاهزة للفريستايل","iFlight Nazgul5 V3","iFlight","size-5","مقاس 5 إنش","مسودة","صورة لكل خيار","iflight-nazgul5-v3:crossfire-analog","Crossfire + فيديو تماثلي","side","03-side.webp","web/public/assets/store/iflight-nazgul5-v3/crossfire-analog/03-side.webp","/assets/store/iflight-nazgul5-v3/crossfire-analog/03-side.webp","اختيارية","من الجانب: تُظهر الارتفاع وترتيب الطبقات والمنافذ.","خمس إنشات جاهزة للفريستايل — Crossfire + فيديو تماثلي، من الجانب","1:1","1000×1000","1600×1600","400KB","expected but not uploaded"
"iflight-nazgul5-v3","خمس إنشات جاهزة للفريستايل","iFlight Nazgul5 V3","iFlight","size-5","مقاس 5 إنش","مسودة","صورة لكل خيار","iflight-nazgul5-v3:crossfire-analog","Crossfire + فيديو تماثلي","top","05-top.webp","web/public/assets/store/iflight-nazgul5-v3/crossfire-analog/05-top.webp","/assets/store/iflight-nazgul5-v3/crossfire-analog/05-top.webp","اختيارية","من الأعلى: تُظهر التخطيط العام وأماكن التثبيت.","خمس إنشات جاهزة للفريستايل — Crossfire + فيديو تماثلي، من الأعلى","1:1","1000×1000","1600×1600","400KB","expected but not uploaded"
"iflight-nazgul5-v3","خمس إنشات جاهزة للفريستايل","iFlight Nazgul5 V3","iFlight","size-5","مقاس 5 إنش","مسودة","صورة لكل خيار","iflight-nazgul5-v3:crossfire-analog","Crossfire + فيديو تماثلي","box","06-box.webp","web/public/assets/store/iflight-nazgul5-v3/crossfire-analog/06-box.webp","/assets/store/iflight-nazgul5-v3/crossfire-analog/06-box.webp","اختيارية","محتويات الصندوق كما تصل فعلاً — لا صورة دعائية.","محتويات صندوق خمس إنشات جاهزة للفريستايل — Crossfire + فيديو تماثلي","1:1","1000×1000","1600×1600","400KB","expected but not uploaded"
"iflight-nazgul5-v3","خمس إنشات جاهزة للفريستايل","iFlight Nazgul5 V3","iFlight","size-5","مقاس 5 إنش","مسودة","صورة لكل خيار","iflight-nazgul5-v3:pnp","بلا مستقبِل","main","01-main.webp","web/public/assets/store/iflight-nazgul5-v3/pnp/01-main.webp","/assets/store/iflight-nazgul5-v3/pnp/01-main.webp","إلزامية","الصورة الرئيسية: المنتج كاملاً على خلفية بيضاء أو فاتحة، بلا قصّ لأي طرف. هذه التي تظهر في بطاقة المتجر.","خمس إنشات جاهزة للفريستايل — بلا مستقبِل","1:1","1000×1000","1600×1600","400KB","expected but not uploaded"
"iflight-nazgul5-v3","خمس إنشات جاهزة للفريستايل","iFlight Nazgul5 V3","iFlight","size-5","مقاس 5 إنش","مسودة","صورة لكل خيار","iflight-nazgul5-v3:pnp","بلا مستقبِل","front","02-front.webp","web/public/assets/store/iflight-nazgul5-v3/pnp/02-front.webp","/assets/store/iflight-nazgul5-v3/pnp/02-front.webp","اختيارية","من الأمام مباشرة: تُظهر الكاميرا والهوائيات وترتيب المراوح.","خمس إنشات جاهزة للفريستايل — بلا مستقبِل، من الأمام","1:1","1000×1000","1600×1600","400KB","expected but not uploaded"
"iflight-nazgul5-v3","خمس إنشات جاهزة للفريستايل","iFlight Nazgul5 V3","iFlight","size-5","مقاس 5 إنش","مسودة","صورة لكل خيار","iflight-nazgul5-v3:pnp","بلا مستقبِل","side","03-side.webp","web/public/assets/store/iflight-nazgul5-v3/pnp/03-side.webp","/assets/store/iflight-nazgul5-v3/pnp/03-side.webp","اختيارية","من الجانب: تُظهر الارتفاع وترتيب الطبقات والمنافذ.","خمس إنشات جاهزة للفريستايل — بلا مستقبِل، من الجانب","1:1","1000×1000","1600×1600","400KB","expected but not uploaded"
"iflight-nazgul5-v3","خمس إنشات جاهزة للفريستايل","iFlight Nazgul5 V3","iFlight","size-5","مقاس 5 إنش","مسودة","صورة لكل خيار","iflight-nazgul5-v3:pnp","بلا مستقبِل","top","05-top.webp","web/public/assets/store/iflight-nazgul5-v3/pnp/05-top.webp","/assets/store/iflight-nazgul5-v3/pnp/05-top.webp","اختيارية","من الأعلى: تُظهر التخطيط العام وأماكن التثبيت.","خمس إنشات جاهزة للفريستايل — بلا مستقبِل، من الأعلى","1:1","1000×1000","1600×1600","400KB","expected but not uploaded"
"iflight-nazgul5-v3","خمس إنشات جاهزة للفريستايل","iFlight Nazgul5 V3","iFlight","size-5","مقاس 5 إنش","مسودة","صورة لكل خيار","iflight-nazgul5-v3:pnp","بلا مستقبِل","box","06-box.webp","web/public/assets/store/iflight-nazgul5-v3/pnp/06-box.webp","/assets/store/iflight-nazgul5-v3/pnp/06-box.webp","اختيارية","محتويات الصندوق كما تصل فعلاً — لا صورة دعائية.","محتويات صندوق خمس إنشات جاهزة للفريستايل — بلا مستقبِل","1:1","1000×1000","1600×1600","400KB","expected but not uploaded"
"geprc-mark5","خمس إنشات بهيكل يسهل إصلاحه","GEPRC MARK5","GEPRC","size-5","مقاس 5 إنش","مسودة","صورة لكل خيار","geprc-mark5:elrs24-analog","ExpressLRS 2.4 + فيديو تماثلي","main","01-main.webp","web/public/assets/store/geprc-mark5/elrs24-analog/01-main.webp","/assets/store/geprc-mark5/elrs24-analog/01-main.webp","إلزامية","الصورة الرئيسية: المنتج كاملاً على خلفية بيضاء أو فاتحة، بلا قصّ لأي طرف. هذه التي تظهر في بطاقة المتجر.","خمس إنشات بهيكل يسهل إصلاحه — ExpressLRS 2.4 + فيديو تماثلي","1:1","1000×1000","1600×1600","400KB","expected but not uploaded"
"geprc-mark5","خمس إنشات بهيكل يسهل إصلاحه","GEPRC MARK5","GEPRC","size-5","مقاس 5 إنش","مسودة","صورة لكل خيار","geprc-mark5:elrs24-analog","ExpressLRS 2.4 + فيديو تماثلي","front","02-front.webp","web/public/assets/store/geprc-mark5/elrs24-analog/02-front.webp","/assets/store/geprc-mark5/elrs24-analog/02-front.webp","اختيارية","من الأمام مباشرة: تُظهر الكاميرا والهوائيات وترتيب المراوح.","خمس إنشات بهيكل يسهل إصلاحه — ExpressLRS 2.4 + فيديو تماثلي، من الأمام","1:1","1000×1000","1600×1600","400KB","expected but not uploaded"
"geprc-mark5","خمس إنشات بهيكل يسهل إصلاحه","GEPRC MARK5","GEPRC","size-5","مقاس 5 إنش","مسودة","صورة لكل خيار","geprc-mark5:elrs24-analog","ExpressLRS 2.4 + فيديو تماثلي","side","03-side.webp","web/public/assets/store/geprc-mark5/elrs24-analog/03-side.webp","/assets/store/geprc-mark5/elrs24-analog/03-side.webp","اختيارية","من الجانب: تُظهر الارتفاع وترتيب الطبقات والمنافذ.","خمس إنشات بهيكل يسهل إصلاحه — ExpressLRS 2.4 + فيديو تماثلي، من الجانب","1:1","1000×1000","1600×1600","400KB","expected but not uploaded"
"geprc-mark5","خمس إنشات بهيكل يسهل إصلاحه","GEPRC MARK5","GEPRC","size-5","مقاس 5 إنش","مسودة","صورة لكل خيار","geprc-mark5:elrs24-analog","ExpressLRS 2.4 + فيديو تماثلي","top","05-top.webp","web/public/assets/store/geprc-mark5/elrs24-analog/05-top.webp","/assets/store/geprc-mark5/elrs24-analog/05-top.webp","اختيارية","من الأعلى: تُظهر التخطيط العام وأماكن التثبيت.","خمس إنشات بهيكل يسهل إصلاحه — ExpressLRS 2.4 + فيديو تماثلي، من الأعلى","1:1","1000×1000","1600×1600","400KB","expected but not uploaded"
"geprc-mark5","خمس إنشات بهيكل يسهل إصلاحه","GEPRC MARK5","GEPRC","size-5","مقاس 5 إنش","مسودة","صورة لكل خيار","geprc-mark5:elrs24-analog","ExpressLRS 2.4 + فيديو تماثلي","box","06-box.webp","web/public/assets/store/geprc-mark5/elrs24-analog/06-box.webp","/assets/store/geprc-mark5/elrs24-analog/06-box.webp","اختيارية","محتويات الصندوق كما تصل فعلاً — لا صورة دعائية.","محتويات صندوق خمس إنشات بهيكل يسهل إصلاحه — ExpressLRS 2.4 + فيديو تماثلي","1:1","1000×1000","1600×1600","400KB","expected but not uploaded"
"geprc-mark5","خمس إنشات بهيكل يسهل إصلاحه","GEPRC MARK5","GEPRC","size-5","مقاس 5 إنش","مسودة","صورة لكل خيار","geprc-mark5:elrs915-analog","ExpressLRS 915 + فيديو تماثلي","main","01-main.webp","web/public/assets/store/geprc-mark5/elrs915-analog/01-main.webp","/assets/store/geprc-mark5/elrs915-analog/01-main.webp","إلزامية","الصورة الرئيسية: المنتج كاملاً على خلفية بيضاء أو فاتحة، بلا قصّ لأي طرف. هذه التي تظهر في بطاقة المتجر.","خمس إنشات بهيكل يسهل إصلاحه — ExpressLRS 915 + فيديو تماثلي","1:1","1000×1000","1600×1600","400KB","expected but not uploaded"
"geprc-mark5","خمس إنشات بهيكل يسهل إصلاحه","GEPRC MARK5","GEPRC","size-5","مقاس 5 إنش","مسودة","صورة لكل خيار","geprc-mark5:elrs915-analog","ExpressLRS 915 + فيديو تماثلي","front","02-front.webp","web/public/assets/store/geprc-mark5/elrs915-analog/02-front.webp","/assets/store/geprc-mark5/elrs915-analog/02-front.webp","اختيارية","من الأمام مباشرة: تُظهر الكاميرا والهوائيات وترتيب المراوح.","خمس إنشات بهيكل يسهل إصلاحه — ExpressLRS 915 + فيديو تماثلي، من الأمام","1:1","1000×1000","1600×1600","400KB","expected but not uploaded"
"geprc-mark5","خمس إنشات بهيكل يسهل إصلاحه","GEPRC MARK5","GEPRC","size-5","مقاس 5 إنش","مسودة","صورة لكل خيار","geprc-mark5:elrs915-analog","ExpressLRS 915 + فيديو تماثلي","side","03-side.webp","web/public/assets/store/geprc-mark5/elrs915-analog/03-side.webp","/assets/store/geprc-mark5/elrs915-analog/03-side.webp","اختيارية","من الجانب: تُظهر الارتفاع وترتيب الطبقات والمنافذ.","خمس إنشات بهيكل يسهل إصلاحه — ExpressLRS 915 + فيديو تماثلي، من الجانب","1:1","1000×1000","1600×1600","400KB","expected but not uploaded"
"geprc-mark5","خمس إنشات بهيكل يسهل إصلاحه","GEPRC MARK5","GEPRC","size-5","مقاس 5 إنش","مسودة","صورة لكل خيار","geprc-mark5:elrs915-analog","ExpressLRS 915 + فيديو تماثلي","top","05-top.webp","web/public/assets/store/geprc-mark5/elrs915-analog/05-top.webp","/assets/store/geprc-mark5/elrs915-analog/05-top.webp","اختيارية","من الأعلى: تُظهر التخطيط العام وأماكن التثبيت.","خمس إنشات بهيكل يسهل إصلاحه — ExpressLRS 915 + فيديو تماثلي، من الأعلى","1:1","1000×1000","1600×1600","400KB","expected but not uploaded"
"geprc-mark5","خمس إنشات بهيكل يسهل إصلاحه","GEPRC MARK5","GEPRC","size-5","مقاس 5 إنش","مسودة","صورة لكل خيار","geprc-mark5:elrs915-analog","ExpressLRS 915 + فيديو تماثلي","box","06-box.webp","web/public/assets/store/geprc-mark5/elrs915-analog/06-box.webp","/assets/store/geprc-mark5/elrs915-analog/06-box.webp","اختيارية","محتويات الصندوق كما تصل فعلاً — لا صورة دعائية.","محتويات صندوق خمس إنشات بهيكل يسهل إصلاحه — ExpressLRS 915 + فيديو تماثلي","1:1","1000×1000","1600×1600","400KB","expected but not uploaded"
"geprc-mark5","خمس إنشات بهيكل يسهل إصلاحه","GEPRC MARK5","GEPRC","size-5","مقاس 5 إنش","مسودة","صورة لكل خيار","geprc-mark5:pnp","بلا مستقبِل","main","01-main.webp","web/public/assets/store/geprc-mark5/pnp/01-main.webp","/assets/store/geprc-mark5/pnp/01-main.webp","إلزامية","الصورة الرئيسية: المنتج كاملاً على خلفية بيضاء أو فاتحة، بلا قصّ لأي طرف. هذه التي تظهر في بطاقة المتجر.","خمس إنشات بهيكل يسهل إصلاحه — بلا مستقبِل","1:1","1000×1000","1600×1600","400KB","expected but not uploaded"
"geprc-mark5","خمس إنشات بهيكل يسهل إصلاحه","GEPRC MARK5","GEPRC","size-5","مقاس 5 إنش","مسودة","صورة لكل خيار","geprc-mark5:pnp","بلا مستقبِل","front","02-front.webp","web/public/assets/store/geprc-mark5/pnp/02-front.webp","/assets/store/geprc-mark5/pnp/02-front.webp","اختيارية","من الأمام مباشرة: تُظهر الكاميرا والهوائيات وترتيب المراوح.","خمس إنشات بهيكل يسهل إصلاحه — بلا مستقبِل، من الأمام","1:1","1000×1000","1600×1600","400KB","expected but not uploaded"
"geprc-mark5","خمس إنشات بهيكل يسهل إصلاحه","GEPRC MARK5","GEPRC","size-5","مقاس 5 إنش","مسودة","صورة لكل خيار","geprc-mark5:pnp","بلا مستقبِل","side","03-side.webp","web/public/assets/store/geprc-mark5/pnp/03-side.webp","/assets/store/geprc-mark5/pnp/03-side.webp","اختيارية","من الجانب: تُظهر الارتفاع وترتيب الطبقات والمنافذ.","خمس إنشات بهيكل يسهل إصلاحه — بلا مستقبِل، من الجانب","1:1","1000×1000","1600×1600","400KB","expected but not uploaded"
"geprc-mark5","خمس إنشات بهيكل يسهل إصلاحه","GEPRC MARK5","GEPRC","size-5","مقاس 5 إنش","مسودة","صورة لكل خيار","geprc-mark5:pnp","بلا مستقبِل","top","05-top.webp","web/public/assets/store/geprc-mark5/pnp/05-top.webp","/assets/store/geprc-mark5/pnp/05-top.webp","اختيارية","من الأعلى: تُظهر التخطيط العام وأماكن التثبيت.","خمس إنشات بهيكل يسهل إصلاحه — بلا مستقبِل، من الأعلى","1:1","1000×1000","1600×1600","400KB","expected but not uploaded"
"geprc-mark5","خمس إنشات بهيكل يسهل إصلاحه","GEPRC MARK5","GEPRC","size-5","مقاس 5 إنش","مسودة","صورة لكل خيار","geprc-mark5:pnp","بلا مستقبِل","box","06-box.webp","web/public/assets/store/geprc-mark5/pnp/06-box.webp","/assets/store/geprc-mark5/pnp/06-box.webp","اختيارية","محتويات الصندوق كما تصل فعلاً — لا صورة دعائية.","محتويات صندوق خمس إنشات بهيكل يسهل إصلاحه — بلا مستقبِل","1:1","1000×1000","1600×1600","400KB","expected but not uploaded"
"tbs-source-one-v5","خمس إنشات مبنيّة على هيكل مفتوح المصدر","TBS Source One V5.1 RTF/BNF Set","Team BlackSheep","size-5","مقاس 5 إنش","مسودة","صورة واحدة لكل الخيارات","tbs-source-one-v5:standard","الخيار الوحيد","main","01-main.webp","web/public/assets/store/tbs-source-one-v5/_shared/01-main.webp","/assets/store/tbs-source-one-v5/_shared/01-main.webp","إلزامية","الصورة الرئيسية: المنتج كاملاً على خلفية بيضاء أو فاتحة، بلا قصّ لأي طرف. هذه التي تظهر في بطاقة المتجر.","خمس إنشات مبنيّة على هيكل مفتوح المصدر — الخيار الوحيد","1:1","1000×1000","1600×1600","400KB","expected but not uploaded"
"tbs-source-one-v5","خمس إنشات مبنيّة على هيكل مفتوح المصدر","TBS Source One V5.1 RTF/BNF Set","Team BlackSheep","size-5","مقاس 5 إنش","مسودة","صورة واحدة لكل الخيارات","tbs-source-one-v5:standard","الخيار الوحيد","front","02-front.webp","web/public/assets/store/tbs-source-one-v5/_shared/02-front.webp","/assets/store/tbs-source-one-v5/_shared/02-front.webp","اختيارية","من الأمام مباشرة: تُظهر الكاميرا والهوائيات وترتيب المراوح.","خمس إنشات مبنيّة على هيكل مفتوح المصدر — الخيار الوحيد، من الأمام","1:1","1000×1000","1600×1600","400KB","expected but not uploaded"
"tbs-source-one-v5","خمس إنشات مبنيّة على هيكل مفتوح المصدر","TBS Source One V5.1 RTF/BNF Set","Team BlackSheep","size-5","مقاس 5 إنش","مسودة","صورة واحدة لكل الخيارات","tbs-source-one-v5:standard","الخيار الوحيد","side","03-side.webp","web/public/assets/store/tbs-source-one-v5/_shared/03-side.webp","/assets/store/tbs-source-one-v5/_shared/03-side.webp","اختيارية","من الجانب: تُظهر الارتفاع وترتيب الطبقات والمنافذ.","خمس إنشات مبنيّة على هيكل مفتوح المصدر — الخيار الوحيد، من الجانب","1:1","1000×1000","1600×1600","400KB","expected but not uploaded"
"tbs-source-one-v5","خمس إنشات مبنيّة على هيكل مفتوح المصدر","TBS Source One V5.1 RTF/BNF Set","Team BlackSheep","size-5","مقاس 5 إنش","مسودة","صورة واحدة لكل الخيارات","tbs-source-one-v5:standard","الخيار الوحيد","top","05-top.webp","web/public/assets/store/tbs-source-one-v5/_shared/05-top.webp","/assets/store/tbs-source-one-v5/_shared/05-top.webp","اختيارية","من الأعلى: تُظهر التخطيط العام وأماكن التثبيت.","خمس إنشات مبنيّة على هيكل مفتوح المصدر — الخيار الوحيد، من الأعلى","1:1","1000×1000","1600×1600","400KB","expected but not uploaded"
"tbs-source-one-v5","خمس إنشات مبنيّة على هيكل مفتوح المصدر","TBS Source One V5.1 RTF/BNF Set","Team BlackSheep","size-5","مقاس 5 إنش","مسودة","صورة واحدة لكل الخيارات","tbs-source-one-v5:standard","الخيار الوحيد","box","06-box.webp","web/public/assets/store/tbs-source-one-v5/_shared/06-box.webp","/assets/store/tbs-source-one-v5/_shared/06-box.webp","اختيارية","محتويات الصندوق كما تصل فعلاً — لا صورة دعائية.","محتويات صندوق خمس إنشات مبنيّة على هيكل مفتوح المصدر — الخيار الوحيد","1:1","1000×1000","1600×1600","400KB","expected but not uploaded"
"iflight-chimera7-pro","سبع إنشات بقطر 327 مم لرحلات طويلة","iFlight Chimera7 Pro V2","iFlight","size-7","مقاس 7 إنش","مسودة","صورة لكل خيار","iflight-chimera7-pro:analog","نسخة تماثلية بمرسل BLITZ Whoop","main","01-main.webp","web/public/assets/store/iflight-chimera7-pro/analog/01-main.webp","/assets/store/iflight-chimera7-pro/analog/01-main.webp","إلزامية","الصورة الرئيسية: المنتج كاملاً على خلفية بيضاء أو فاتحة، بلا قصّ لأي طرف. هذه التي تظهر في بطاقة المتجر.","سبع إنشات بقطر 327 مم لرحلات طويلة — نسخة تماثلية بمرسل BLITZ Whoop","1:1","1000×1000","1600×1600","400KB","expected but not uploaded"
"iflight-chimera7-pro","سبع إنشات بقطر 327 مم لرحلات طويلة","iFlight Chimera7 Pro V2","iFlight","size-7","مقاس 7 إنش","مسودة","صورة لكل خيار","iflight-chimera7-pro:analog","نسخة تماثلية بمرسل BLITZ Whoop","front","02-front.webp","web/public/assets/store/iflight-chimera7-pro/analog/02-front.webp","/assets/store/iflight-chimera7-pro/analog/02-front.webp","اختيارية","من الأمام مباشرة: تُظهر الكاميرا والهوائيات وترتيب المراوح.","سبع إنشات بقطر 327 مم لرحلات طويلة — نسخة تماثلية بمرسل BLITZ Whoop، من الأمام","1:1","1000×1000","1600×1600","400KB","expected but not uploaded"
"iflight-chimera7-pro","سبع إنشات بقطر 327 مم لرحلات طويلة","iFlight Chimera7 Pro V2","iFlight","size-7","مقاس 7 إنش","مسودة","صورة لكل خيار","iflight-chimera7-pro:analog","نسخة تماثلية بمرسل BLITZ Whoop","side","03-side.webp","web/public/assets/store/iflight-chimera7-pro/analog/03-side.webp","/assets/store/iflight-chimera7-pro/analog/03-side.webp","اختيارية","من الجانب: تُظهر الارتفاع وترتيب الطبقات والمنافذ.","سبع إنشات بقطر 327 مم لرحلات طويلة — نسخة تماثلية بمرسل BLITZ Whoop، من الجانب","1:1","1000×1000","1600×1600","400KB","expected but not uploaded"
"iflight-chimera7-pro","سبع إنشات بقطر 327 مم لرحلات طويلة","iFlight Chimera7 Pro V2","iFlight","size-7","مقاس 7 إنش","مسودة","صورة لكل خيار","iflight-chimera7-pro:analog","نسخة تماثلية بمرسل BLITZ Whoop","top","05-top.webp","web/public/assets/store/iflight-chimera7-pro/analog/05-top.webp","/assets/store/iflight-chimera7-pro/analog/05-top.webp","اختيارية","من الأعلى: تُظهر التخطيط العام وأماكن التثبيت.","سبع إنشات بقطر 327 مم لرحلات طويلة — نسخة تماثلية بمرسل BLITZ Whoop، من الأعلى","1:1","1000×1000","1600×1600","400KB","expected but not uploaded"
"iflight-chimera7-pro","سبع إنشات بقطر 327 مم لرحلات طويلة","iFlight Chimera7 Pro V2","iFlight","size-7","مقاس 7 إنش","مسودة","صورة لكل خيار","iflight-chimera7-pro:analog","نسخة تماثلية بمرسل BLITZ Whoop","box","06-box.webp","web/public/assets/store/iflight-chimera7-pro/analog/06-box.webp","/assets/store/iflight-chimera7-pro/analog/06-box.webp","اختيارية","محتويات الصندوق كما تصل فعلاً — لا صورة دعائية.","محتويات صندوق سبع إنشات بقطر 327 مم لرحلات طويلة — نسخة تماثلية بمرسل BLITZ Whoop","1:1","1000×1000","1600×1600","400KB","expected but not uploaded"
"iflight-chimera7-pro","سبع إنشات بقطر 327 مم لرحلات طويلة","iFlight Chimera7 Pro V2","iFlight","size-7","مقاس 7 إنش","مسودة","صورة لكل خيار","iflight-chimera7-pro:o3","نسخة DJI O3","main","01-main.webp","web/public/assets/store/iflight-chimera7-pro/o3/01-main.webp","/assets/store/iflight-chimera7-pro/o3/01-main.webp","إلزامية","الصورة الرئيسية: المنتج كاملاً على خلفية بيضاء أو فاتحة، بلا قصّ لأي طرف. هذه التي تظهر في بطاقة المتجر.","سبع إنشات بقطر 327 مم لرحلات طويلة — نسخة DJI O3","1:1","1000×1000","1600×1600","400KB","expected but not uploaded"
"iflight-chimera7-pro","سبع إنشات بقطر 327 مم لرحلات طويلة","iFlight Chimera7 Pro V2","iFlight","size-7","مقاس 7 إنش","مسودة","صورة لكل خيار","iflight-chimera7-pro:o3","نسخة DJI O3","front","02-front.webp","web/public/assets/store/iflight-chimera7-pro/o3/02-front.webp","/assets/store/iflight-chimera7-pro/o3/02-front.webp","اختيارية","من الأمام مباشرة: تُظهر الكاميرا والهوائيات وترتيب المراوح.","سبع إنشات بقطر 327 مم لرحلات طويلة — نسخة DJI O3، من الأمام","1:1","1000×1000","1600×1600","400KB","expected but not uploaded"
"iflight-chimera7-pro","سبع إنشات بقطر 327 مم لرحلات طويلة","iFlight Chimera7 Pro V2","iFlight","size-7","مقاس 7 إنش","مسودة","صورة لكل خيار","iflight-chimera7-pro:o3","نسخة DJI O3","side","03-side.webp","web/public/assets/store/iflight-chimera7-pro/o3/03-side.webp","/assets/store/iflight-chimera7-pro/o3/03-side.webp","اختيارية","من الجانب: تُظهر الارتفاع وترتيب الطبقات والمنافذ.","سبع إنشات بقطر 327 مم لرحلات طويلة — نسخة DJI O3، من الجانب","1:1","1000×1000","1600×1600","400KB","expected but not uploaded"
"iflight-chimera7-pro","سبع إنشات بقطر 327 مم لرحلات طويلة","iFlight Chimera7 Pro V2","iFlight","size-7","مقاس 7 إنش","مسودة","صورة لكل خيار","iflight-chimera7-pro:o3","نسخة DJI O3","top","05-top.webp","web/public/assets/store/iflight-chimera7-pro/o3/05-top.webp","/assets/store/iflight-chimera7-pro/o3/05-top.webp","اختيارية","من الأعلى: تُظهر التخطيط العام وأماكن التثبيت.","سبع إنشات بقطر 327 مم لرحلات طويلة — نسخة DJI O3، من الأعلى","1:1","1000×1000","1600×1600","400KB","expected but not uploaded"
"iflight-chimera7-pro","سبع إنشات بقطر 327 مم لرحلات طويلة","iFlight Chimera7 Pro V2","iFlight","size-7","مقاس 7 إنش","مسودة","صورة لكل خيار","iflight-chimera7-pro:o3","نسخة DJI O3","box","06-box.webp","web/public/assets/store/iflight-chimera7-pro/o3/06-box.webp","/assets/store/iflight-chimera7-pro/o3/06-box.webp","اختيارية","محتويات الصندوق كما تصل فعلاً — لا صورة دعائية.","محتويات صندوق سبع إنشات بقطر 327 مم لرحلات طويلة — نسخة DJI O3","1:1","1000×1000","1600×1600","400KB","expected but not uploaded"
"iflight-chimera7-pro","سبع إنشات بقطر 327 مم لرحلات طويلة","iFlight Chimera7 Pro V2","iFlight","size-7","مقاس 7 إنش","مسودة","صورة لكل خيار","iflight-chimera7-pro:o4","نسخة DJI O4","main","01-main.webp","web/public/assets/store/iflight-chimera7-pro/o4/01-main.webp","/assets/store/iflight-chimera7-pro/o4/01-main.webp","إلزامية","الصورة الرئيسية: المنتج كاملاً على خلفية بيضاء أو فاتحة، بلا قصّ لأي طرف. هذه التي تظهر في بطاقة المتجر.","سبع إنشات بقطر 327 مم لرحلات طويلة — نسخة DJI O4","1:1","1000×1000","1600×1600","400KB","expected but not uploaded"
"iflight-chimera7-pro","سبع إنشات بقطر 327 مم لرحلات طويلة","iFlight Chimera7 Pro V2","iFlight","size-7","مقاس 7 إنش","مسودة","صورة لكل خيار","iflight-chimera7-pro:o4","نسخة DJI O4","front","02-front.webp","web/public/assets/store/iflight-chimera7-pro/o4/02-front.webp","/assets/store/iflight-chimera7-pro/o4/02-front.webp","اختيارية","من الأمام مباشرة: تُظهر الكاميرا والهوائيات وترتيب المراوح.","سبع إنشات بقطر 327 مم لرحلات طويلة — نسخة DJI O4، من الأمام","1:1","1000×1000","1600×1600","400KB","expected but not uploaded"
"iflight-chimera7-pro","سبع إنشات بقطر 327 مم لرحلات طويلة","iFlight Chimera7 Pro V2","iFlight","size-7","مقاس 7 إنش","مسودة","صورة لكل خيار","iflight-chimera7-pro:o4","نسخة DJI O4","side","03-side.webp","web/public/assets/store/iflight-chimera7-pro/o4/03-side.webp","/assets/store/iflight-chimera7-pro/o4/03-side.webp","اختيارية","من الجانب: تُظهر الارتفاع وترتيب الطبقات والمنافذ.","سبع إنشات بقطر 327 مم لرحلات طويلة — نسخة DJI O4، من الجانب","1:1","1000×1000","1600×1600","400KB","expected but not uploaded"
"iflight-chimera7-pro","سبع إنشات بقطر 327 مم لرحلات طويلة","iFlight Chimera7 Pro V2","iFlight","size-7","مقاس 7 إنش","مسودة","صورة لكل خيار","iflight-chimera7-pro:o4","نسخة DJI O4","top","05-top.webp","web/public/assets/store/iflight-chimera7-pro/o4/05-top.webp","/assets/store/iflight-chimera7-pro/o4/05-top.webp","اختيارية","من الأعلى: تُظهر التخطيط العام وأماكن التثبيت.","سبع إنشات بقطر 327 مم لرحلات طويلة — نسخة DJI O4، من الأعلى","1:1","1000×1000","1600×1600","400KB","expected but not uploaded"
"iflight-chimera7-pro","سبع إنشات بقطر 327 مم لرحلات طويلة","iFlight Chimera7 Pro V2","iFlight","size-7","مقاس 7 إنش","مسودة","صورة لكل خيار","iflight-chimera7-pro:o4","نسخة DJI O4","box","06-box.webp","web/public/assets/store/iflight-chimera7-pro/o4/06-box.webp","/assets/store/iflight-chimera7-pro/o4/06-box.webp","اختيارية","محتويات الصندوق كما تصل فعلاً — لا صورة دعائية.","محتويات صندوق سبع إنشات بقطر 327 مم لرحلات طويلة — نسخة DJI O4","1:1","1000×1000","1600×1600","400KB","expected but not uploaded"
"emax-tinyhawk-3-rtf","طقم جاهز ببروتوكول FrSky D8","EMAX Tinyhawk III RTF Kit","EMAX","rtf","جاهزة للطيران","مسودة","صورة واحدة لكل الخيارات","emax-tinyhawk-3-rtf:standard","الخيار الوحيد","main","01-main.webp","web/public/assets/store/emax-tinyhawk-3-rtf/_shared/01-main.webp","/assets/store/emax-tinyhawk-3-rtf/_shared/01-main.webp","إلزامية","الصورة الرئيسية: المنتج كاملاً على خلفية بيضاء أو فاتحة، بلا قصّ لأي طرف. هذه التي تظهر في بطاقة المتجر.","طقم جاهز ببروتوكول FrSky D8 — الخيار الوحيد","1:1","1000×1000","1600×1600","400KB","expected but not uploaded"
"emax-tinyhawk-3-rtf","طقم جاهز ببروتوكول FrSky D8","EMAX Tinyhawk III RTF Kit","EMAX","rtf","جاهزة للطيران","مسودة","صورة واحدة لكل الخيارات","emax-tinyhawk-3-rtf:standard","الخيار الوحيد","front","02-front.webp","web/public/assets/store/emax-tinyhawk-3-rtf/_shared/02-front.webp","/assets/store/emax-tinyhawk-3-rtf/_shared/02-front.webp","اختيارية","من الأمام مباشرة: تُظهر الكاميرا والهوائيات وترتيب المراوح.","طقم جاهز ببروتوكول FrSky D8 — الخيار الوحيد، من الأمام","1:1","1000×1000","1600×1600","400KB","expected but not uploaded"
"emax-tinyhawk-3-rtf","طقم جاهز ببروتوكول FrSky D8","EMAX Tinyhawk III RTF Kit","EMAX","rtf","جاهزة للطيران","مسودة","صورة واحدة لكل الخيارات","emax-tinyhawk-3-rtf:standard","الخيار الوحيد","side","03-side.webp","web/public/assets/store/emax-tinyhawk-3-rtf/_shared/03-side.webp","/assets/store/emax-tinyhawk-3-rtf/_shared/03-side.webp","اختيارية","من الجانب: تُظهر الارتفاع وترتيب الطبقات والمنافذ.","طقم جاهز ببروتوكول FrSky D8 — الخيار الوحيد، من الجانب","1:1","1000×1000","1600×1600","400KB","expected but not uploaded"
"emax-tinyhawk-3-rtf","طقم جاهز ببروتوكول FrSky D8","EMAX Tinyhawk III RTF Kit","EMAX","rtf","جاهزة للطيران","مسودة","صورة واحدة لكل الخيارات","emax-tinyhawk-3-rtf:standard","الخيار الوحيد","top","05-top.webp","web/public/assets/store/emax-tinyhawk-3-rtf/_shared/05-top.webp","/assets/store/emax-tinyhawk-3-rtf/_shared/05-top.webp","اختيارية","من الأعلى: تُظهر التخطيط العام وأماكن التثبيت.","طقم جاهز ببروتوكول FrSky D8 — الخيار الوحيد، من الأعلى","1:1","1000×1000","1600×1600","400KB","expected but not uploaded"
"emax-tinyhawk-3-rtf","طقم جاهز ببروتوكول FrSky D8","EMAX Tinyhawk III RTF Kit","EMAX","rtf","جاهزة للطيران","مسودة","صورة واحدة لكل الخيارات","emax-tinyhawk-3-rtf:standard","الخيار الوحيد","box","06-box.webp","web/public/assets/store/emax-tinyhawk-3-rtf/_shared/06-box.webp","/assets/store/emax-tinyhawk-3-rtf/_shared/06-box.webp","اختيارية","محتويات الصندوق كما تصل فعلاً — لا صورة دعائية.","محتويات صندوق طقم جاهز ببروتوكول FrSky D8 — الخيار الوحيد","1:1","1000×1000","1600×1600","400KB","expected but not uploaded"
"radiomaster-pocket","جهاز تحكم اقتصادي كامل الوظائف","RadioMaster Pocket","RadioMaster","radios","أجهزة التحكم","مسودة","صورة لكل خيار","radiomaster-pocket:elrs","نسخة ExpressLRS","main","01-main.webp","web/public/assets/store/radiomaster-pocket/elrs/01-main.webp","/assets/store/radiomaster-pocket/elrs/01-main.webp","إلزامية","الصورة الرئيسية: المنتج كاملاً على خلفية بيضاء أو فاتحة، بلا قصّ لأي طرف. هذه التي تظهر في بطاقة المتجر.","جهاز تحكم اقتصادي كامل الوظائف — نسخة ExpressLRS","1:1","1000×1000","1600×1600","400KB","expected but not uploaded"
"radiomaster-pocket","جهاز تحكم اقتصادي كامل الوظائف","RadioMaster Pocket","RadioMaster","radios","أجهزة التحكم","مسودة","صورة لكل خيار","radiomaster-pocket:elrs","نسخة ExpressLRS","front","02-front.webp","web/public/assets/store/radiomaster-pocket/elrs/02-front.webp","/assets/store/radiomaster-pocket/elrs/02-front.webp","اختيارية","من الأمام مباشرة: تُظهر الكاميرا والهوائيات وترتيب المراوح.","جهاز تحكم اقتصادي كامل الوظائف — نسخة ExpressLRS، من الأمام","1:1","1000×1000","1600×1600","400KB","expected but not uploaded"
"radiomaster-pocket","جهاز تحكم اقتصادي كامل الوظائف","RadioMaster Pocket","RadioMaster","radios","أجهزة التحكم","مسودة","صورة لكل خيار","radiomaster-pocket:elrs","نسخة ExpressLRS","box","06-box.webp","web/public/assets/store/radiomaster-pocket/elrs/06-box.webp","/assets/store/radiomaster-pocket/elrs/06-box.webp","اختيارية","محتويات الصندوق كما تصل فعلاً — لا صورة دعائية.","محتويات صندوق جهاز تحكم اقتصادي كامل الوظائف — نسخة ExpressLRS","1:1","1000×1000","1600×1600","400KB","expected but not uploaded"
"radiomaster-pocket","جهاز تحكم اقتصادي كامل الوظائف","RadioMaster Pocket","RadioMaster","radios","أجهزة التحكم","مسودة","صورة لكل خيار","radiomaster-pocket:cc2500","نسخة متعدّدة البروتوكولات (CC2500)","main","01-main.webp","web/public/assets/store/radiomaster-pocket/cc2500/01-main.webp","/assets/store/radiomaster-pocket/cc2500/01-main.webp","إلزامية","الصورة الرئيسية: المنتج كاملاً على خلفية بيضاء أو فاتحة، بلا قصّ لأي طرف. هذه التي تظهر في بطاقة المتجر.","جهاز تحكم اقتصادي كامل الوظائف — نسخة متعدّدة البروتوكولات (CC2500)","1:1","1000×1000","1600×1600","400KB","expected but not uploaded"
"radiomaster-pocket","جهاز تحكم اقتصادي كامل الوظائف","RadioMaster Pocket","RadioMaster","radios","أجهزة التحكم","مسودة","صورة لكل خيار","radiomaster-pocket:cc2500","نسخة متعدّدة البروتوكولات (CC2500)","front","02-front.webp","web/public/assets/store/radiomaster-pocket/cc2500/02-front.webp","/assets/store/radiomaster-pocket/cc2500/02-front.webp","اختيارية","من الأمام مباشرة: تُظهر الكاميرا والهوائيات وترتيب المراوح.","جهاز تحكم اقتصادي كامل الوظائف — نسخة متعدّدة البروتوكولات (CC2500)، من الأمام","1:1","1000×1000","1600×1600","400KB","expected but not uploaded"
"radiomaster-pocket","جهاز تحكم اقتصادي كامل الوظائف","RadioMaster Pocket","RadioMaster","radios","أجهزة التحكم","مسودة","صورة لكل خيار","radiomaster-pocket:cc2500","نسخة متعدّدة البروتوكولات (CC2500)","box","06-box.webp","web/public/assets/store/radiomaster-pocket/cc2500/06-box.webp","/assets/store/radiomaster-pocket/cc2500/06-box.webp","اختيارية","محتويات الصندوق كما تصل فعلاً — لا صورة دعائية.","محتويات صندوق جهاز تحكم اقتصادي كامل الوظائف — نسخة متعدّدة البروتوكولات (CC2500)","1:1","1000×1000","1600×1600","400KB","expected but not uploaded"
"radiomaster-boxer","جهاز التحكم المتوسط الموصى به","RadioMaster Boxer","RadioMaster","radios","أجهزة التحكم","مسودة","صورة لكل خيار","radiomaster-boxer:elrs","نسخة ExpressLRS","main","01-main.webp","web/public/assets/store/radiomaster-boxer/elrs/01-main.webp","/assets/store/radiomaster-boxer/elrs/01-main.webp","إلزامية","الصورة الرئيسية: المنتج كاملاً على خلفية بيضاء أو فاتحة، بلا قصّ لأي طرف. هذه التي تظهر في بطاقة المتجر.","جهاز التحكم المتوسط الموصى به — نسخة ExpressLRS","1:1","1000×1000","1600×1600","400KB","expected but not uploaded"
"radiomaster-boxer","جهاز التحكم المتوسط الموصى به","RadioMaster Boxer","RadioMaster","radios","أجهزة التحكم","مسودة","صورة لكل خيار","radiomaster-boxer:elrs","نسخة ExpressLRS","front","02-front.webp","web/public/assets/store/radiomaster-boxer/elrs/02-front.webp","/assets/store/radiomaster-boxer/elrs/02-front.webp","اختيارية","من الأمام مباشرة: تُظهر الكاميرا والهوائيات وترتيب المراوح.","جهاز التحكم المتوسط الموصى به — نسخة ExpressLRS، من الأمام","1:1","1000×1000","1600×1600","400KB","expected but not uploaded"
"radiomaster-boxer","جهاز التحكم المتوسط الموصى به","RadioMaster Boxer","RadioMaster","radios","أجهزة التحكم","مسودة","صورة لكل خيار","radiomaster-boxer:elrs","نسخة ExpressLRS","box","06-box.webp","web/public/assets/store/radiomaster-boxer/elrs/06-box.webp","/assets/store/radiomaster-boxer/elrs/06-box.webp","اختيارية","محتويات الصندوق كما تصل فعلاً — لا صورة دعائية.","محتويات صندوق جهاز التحكم المتوسط الموصى به — نسخة ExpressLRS","1:1","1000×1000","1600×1600","400KB","expected but not uploaded"
"radiomaster-boxer","جهاز التحكم المتوسط الموصى به","RadioMaster Boxer","RadioMaster","radios","أجهزة التحكم","مسودة","صورة لكل خيار","radiomaster-boxer:multi","نسخة متعدّدة البروتوكولات (4-in-1)","main","01-main.webp","web/public/assets/store/radiomaster-boxer/multi/01-main.webp","/assets/store/radiomaster-boxer/multi/01-main.webp","إلزامية","الصورة الرئيسية: المنتج كاملاً على خلفية بيضاء أو فاتحة، بلا قصّ لأي طرف. هذه التي تظهر في بطاقة المتجر.","جهاز التحكم المتوسط الموصى به — نسخة متعدّدة البروتوكولات (4-in-1)","1:1","1000×1000","1600×1600","400KB","expected but not uploaded"
"radiomaster-boxer","جهاز التحكم المتوسط الموصى به","RadioMaster Boxer","RadioMaster","radios","أجهزة التحكم","مسودة","صورة لكل خيار","radiomaster-boxer:multi","نسخة متعدّدة البروتوكولات (4-in-1)","front","02-front.webp","web/public/assets/store/radiomaster-boxer/multi/02-front.webp","/assets/store/radiomaster-boxer/multi/02-front.webp","اختيارية","من الأمام مباشرة: تُظهر الكاميرا والهوائيات وترتيب المراوح.","جهاز التحكم المتوسط الموصى به — نسخة متعدّدة البروتوكولات (4-in-1)، من الأمام","1:1","1000×1000","1600×1600","400KB","expected but not uploaded"
"radiomaster-boxer","جهاز التحكم المتوسط الموصى به","RadioMaster Boxer","RadioMaster","radios","أجهزة التحكم","مسودة","صورة لكل خيار","radiomaster-boxer:multi","نسخة متعدّدة البروتوكولات (4-in-1)","box","06-box.webp","web/public/assets/store/radiomaster-boxer/multi/06-box.webp","/assets/store/radiomaster-boxer/multi/06-box.webp","اختيارية","محتويات الصندوق كما تصل فعلاً — لا صورة دعائية.","محتويات صندوق جهاز التحكم المتوسط الموصى به — نسخة متعدّدة البروتوكولات (4-in-1)","1:1","1000×1000","1600×1600","400KB","expected but not uploaded"
"radiomaster-tx16s-mk2","جهاز التحكم الاحترافي","RadioMaster TX16S MKII","RadioMaster","radios","أجهزة التحكم","مسودة","صورة لكل خيار","radiomaster-tx16s-mk2:elrs","نسخة ExpressLRS","main","01-main.webp","web/public/assets/store/radiomaster-tx16s-mk2/elrs/01-main.webp","/assets/store/radiomaster-tx16s-mk2/elrs/01-main.webp","إلزامية","الصورة الرئيسية: المنتج كاملاً على خلفية بيضاء أو فاتحة، بلا قصّ لأي طرف. هذه التي تظهر في بطاقة المتجر.","جهاز التحكم الاحترافي — نسخة ExpressLRS","1:1","1000×1000","1600×1600","400KB","expected but not uploaded"
"radiomaster-tx16s-mk2","جهاز التحكم الاحترافي","RadioMaster TX16S MKII","RadioMaster","radios","أجهزة التحكم","مسودة","صورة لكل خيار","radiomaster-tx16s-mk2:elrs","نسخة ExpressLRS","front","02-front.webp","web/public/assets/store/radiomaster-tx16s-mk2/elrs/02-front.webp","/assets/store/radiomaster-tx16s-mk2/elrs/02-front.webp","اختيارية","من الأمام مباشرة: تُظهر الكاميرا والهوائيات وترتيب المراوح.","جهاز التحكم الاحترافي — نسخة ExpressLRS، من الأمام","1:1","1000×1000","1600×1600","400KB","expected but not uploaded"
"radiomaster-tx16s-mk2","جهاز التحكم الاحترافي","RadioMaster TX16S MKII","RadioMaster","radios","أجهزة التحكم","مسودة","صورة لكل خيار","radiomaster-tx16s-mk2:elrs","نسخة ExpressLRS","box","06-box.webp","web/public/assets/store/radiomaster-tx16s-mk2/elrs/06-box.webp","/assets/store/radiomaster-tx16s-mk2/elrs/06-box.webp","اختيارية","محتويات الصندوق كما تصل فعلاً — لا صورة دعائية.","محتويات صندوق جهاز التحكم الاحترافي — نسخة ExpressLRS","1:1","1000×1000","1600×1600","400KB","expected but not uploaded"
"radiomaster-tx16s-mk2","جهاز التحكم الاحترافي","RadioMaster TX16S MKII","RadioMaster","radios","أجهزة التحكم","مسودة","صورة لكل خيار","radiomaster-tx16s-mk2:multi","نسخة متعدّدة البروتوكولات (4-in-1)","main","01-main.webp","web/public/assets/store/radiomaster-tx16s-mk2/multi/01-main.webp","/assets/store/radiomaster-tx16s-mk2/multi/01-main.webp","إلزامية","الصورة الرئيسية: المنتج كاملاً على خلفية بيضاء أو فاتحة، بلا قصّ لأي طرف. هذه التي تظهر في بطاقة المتجر.","جهاز التحكم الاحترافي — نسخة متعدّدة البروتوكولات (4-in-1)","1:1","1000×1000","1600×1600","400KB","expected but not uploaded"
"radiomaster-tx16s-mk2","جهاز التحكم الاحترافي","RadioMaster TX16S MKII","RadioMaster","radios","أجهزة التحكم","مسودة","صورة لكل خيار","radiomaster-tx16s-mk2:multi","نسخة متعدّدة البروتوكولات (4-in-1)","front","02-front.webp","web/public/assets/store/radiomaster-tx16s-mk2/multi/02-front.webp","/assets/store/radiomaster-tx16s-mk2/multi/02-front.webp","اختيارية","من الأمام مباشرة: تُظهر الكاميرا والهوائيات وترتيب المراوح.","جهاز التحكم الاحترافي — نسخة متعدّدة البروتوكولات (4-in-1)، من الأمام","1:1","1000×1000","1600×1600","400KB","expected but not uploaded"
"radiomaster-tx16s-mk2","جهاز التحكم الاحترافي","RadioMaster TX16S MKII","RadioMaster","radios","أجهزة التحكم","مسودة","صورة لكل خيار","radiomaster-tx16s-mk2:multi","نسخة متعدّدة البروتوكولات (4-in-1)","box","06-box.webp","web/public/assets/store/radiomaster-tx16s-mk2/multi/06-box.webp","/assets/store/radiomaster-tx16s-mk2/multi/06-box.webp","اختيارية","محتويات الصندوق كما تصل فعلاً — لا صورة دعائية.","محتويات صندوق جهاز التحكم الاحترافي — نسخة متعدّدة البروتوكولات (4-in-1)","1:1","1000×1000","1600×1600","400KB","expected but not uploaded"
"dji-goggles-n3","نظارة رقمية من منظومة DJI","DJI Goggles N3","DJI","goggles","النظارات","مسودة","صورة واحدة لكل الخيارات","dji-goggles-n3:standard","الخيار الوحيد","main","01-main.webp","web/public/assets/store/dji-goggles-n3/_shared/01-main.webp","/assets/store/dji-goggles-n3/_shared/01-main.webp","إلزامية","الصورة الرئيسية: المنتج كاملاً على خلفية بيضاء أو فاتحة، بلا قصّ لأي طرف. هذه التي تظهر في بطاقة المتجر.","نظارة رقمية من منظومة DJI — الخيار الوحيد","1:1","1000×1000","1600×1600","400KB","expected but not uploaded"
"dji-goggles-n3","نظارة رقمية من منظومة DJI","DJI Goggles N3","DJI","goggles","النظارات","مسودة","صورة واحدة لكل الخيارات","dji-goggles-n3:standard","الخيار الوحيد","front","02-front.webp","web/public/assets/store/dji-goggles-n3/_shared/02-front.webp","/assets/store/dji-goggles-n3/_shared/02-front.webp","اختيارية","من الأمام مباشرة: تُظهر الكاميرا والهوائيات وترتيب المراوح.","نظارة رقمية من منظومة DJI — الخيار الوحيد، من الأمام","1:1","1000×1000","1600×1600","400KB","expected but not uploaded"
"dji-goggles-n3","نظارة رقمية من منظومة DJI","DJI Goggles N3","DJI","goggles","النظارات","مسودة","صورة واحدة لكل الخيارات","dji-goggles-n3:standard","الخيار الوحيد","box","06-box.webp","web/public/assets/store/dji-goggles-n3/_shared/06-box.webp","/assets/store/dji-goggles-n3/_shared/06-box.webp","اختيارية","محتويات الصندوق كما تصل فعلاً — لا صورة دعائية.","محتويات صندوق نظارة رقمية من منظومة DJI — الخيار الوحيد","1:1","1000×1000","1600×1600","400KB","expected but not uploaded"
"walksnail-avatar-hd-x","نظّارة رقمية بوزن 290 غراماً ومدخل HDMI","Walksnail Avatar HD Goggles X","Walksnail","goggles","النظارات","مسودة","صورة واحدة لكل الخيارات","walksnail-avatar-hd-x:standard","الخيار الوحيد","main","01-main.webp","web/public/assets/store/walksnail-avatar-hd-x/_shared/01-main.webp","/assets/store/walksnail-avatar-hd-x/_shared/01-main.webp","إلزامية","الصورة الرئيسية: المنتج كاملاً على خلفية بيضاء أو فاتحة، بلا قصّ لأي طرف. هذه التي تظهر في بطاقة المتجر.","نظّارة رقمية بوزن 290 غراماً ومدخل HDMI — الخيار الوحيد","1:1","1000×1000","1600×1600","400KB","expected but not uploaded"
"walksnail-avatar-hd-x","نظّارة رقمية بوزن 290 غراماً ومدخل HDMI","Walksnail Avatar HD Goggles X","Walksnail","goggles","النظارات","مسودة","صورة واحدة لكل الخيارات","walksnail-avatar-hd-x:standard","الخيار الوحيد","front","02-front.webp","web/public/assets/store/walksnail-avatar-hd-x/_shared/02-front.webp","/assets/store/walksnail-avatar-hd-x/_shared/02-front.webp","اختيارية","من الأمام مباشرة: تُظهر الكاميرا والهوائيات وترتيب المراوح.","نظّارة رقمية بوزن 290 غراماً ومدخل HDMI — الخيار الوحيد، من الأمام","1:1","1000×1000","1600×1600","400KB","expected but not uploaded"
"walksnail-avatar-hd-x","نظّارة رقمية بوزن 290 غراماً ومدخل HDMI","Walksnail Avatar HD Goggles X","Walksnail","goggles","النظارات","مسودة","صورة واحدة لكل الخيارات","walksnail-avatar-hd-x:standard","الخيار الوحيد","box","06-box.webp","web/public/assets/store/walksnail-avatar-hd-x/_shared/06-box.webp","/assets/store/walksnail-avatar-hd-x/_shared/06-box.webp","اختيارية","محتويات الصندوق كما تصل فعلاً — لا صورة دعائية.","محتويات صندوق نظّارة رقمية بوزن 290 غراماً ومدخل HDMI — الخيار الوحيد","1:1","1000×1000","1600×1600","400KB","expected but not uploaded"
"hdzero-goggles","نظّارة رقمية بتأخير 3 مللي ثانية","HDZero Goggle 2","HDZero","goggles","النظارات","مسودة","صورة واحدة لكل الخيارات","hdzero-goggles:standard","الخيار الوحيد","main","01-main.webp","web/public/assets/store/hdzero-goggles/_shared/01-main.webp","/assets/store/hdzero-goggles/_shared/01-main.webp","إلزامية","الصورة الرئيسية: المنتج كاملاً على خلفية بيضاء أو فاتحة، بلا قصّ لأي طرف. هذه التي تظهر في بطاقة المتجر.","نظّارة رقمية بتأخير 3 مللي ثانية — الخيار الوحيد","1:1","1000×1000","1600×1600","400KB","expected but not uploaded"
"hdzero-goggles","نظّارة رقمية بتأخير 3 مللي ثانية","HDZero Goggle 2","HDZero","goggles","النظارات","مسودة","صورة واحدة لكل الخيارات","hdzero-goggles:standard","الخيار الوحيد","front","02-front.webp","web/public/assets/store/hdzero-goggles/_shared/02-front.webp","/assets/store/hdzero-goggles/_shared/02-front.webp","اختيارية","من الأمام مباشرة: تُظهر الكاميرا والهوائيات وترتيب المراوح.","نظّارة رقمية بتأخير 3 مللي ثانية — الخيار الوحيد، من الأمام","1:1","1000×1000","1600×1600","400KB","expected but not uploaded"
"hdzero-goggles","نظّارة رقمية بتأخير 3 مللي ثانية","HDZero Goggle 2","HDZero","goggles","النظارات","مسودة","صورة واحدة لكل الخيارات","hdzero-goggles:standard","الخيار الوحيد","box","06-box.webp","web/public/assets/store/hdzero-goggles/_shared/06-box.webp","/assets/store/hdzero-goggles/_shared/06-box.webp","اختيارية","محتويات الصندوق كما تصل فعلاً — لا صورة دعائية.","محتويات صندوق نظّارة رقمية بتأخير 3 مللي ثانية — الخيار الوحيد","1:1","1000×1000","1600×1600","400KB","expected but not uploaded"
"cnhl-black-series-6s","بطارية 6S — اختر السعة بمكان بطاريتك","CNHL Black Series 6S","CNHL","batteries","البطاريات","مسودة","صورة واحدة لكل الخيارات","cnhl-black-series-6s:mah1100","1100 ميلي أمبير/ساعة — 100C","main","01-main.webp","web/public/assets/store/cnhl-black-series-6s/_shared/01-main.webp","/assets/store/cnhl-black-series-6s/_shared/01-main.webp","إلزامية","الصورة الرئيسية: المنتج كاملاً على خلفية بيضاء أو فاتحة، بلا قصّ لأي طرف. هذه التي تظهر في بطاقة المتجر.","بطارية 6S — اختر السعة بمكان بطاريتك — 1100 ميلي أمبير/ساعة — 100C","1:1","1000×1000","1600×1600","400KB","expected but not uploaded"
"cnhl-black-series-6s","بطارية 6S — اختر السعة بمكان بطاريتك","CNHL Black Series 6S","CNHL","batteries","البطاريات","مسودة","صورة واحدة لكل الخيارات","cnhl-black-series-6s:mah1100","1100 ميلي أمبير/ساعة — 100C","front","02-front.webp","web/public/assets/store/cnhl-black-series-6s/_shared/02-front.webp","/assets/store/cnhl-black-series-6s/_shared/02-front.webp","اختيارية","من الأمام مباشرة: تُظهر الكاميرا والهوائيات وترتيب المراوح.","بطارية 6S — اختر السعة بمكان بطاريتك — 1100 ميلي أمبير/ساعة — 100C، من الأمام","1:1","1000×1000","1600×1600","400KB","expected but not uploaded"
"cnhl-black-series-6s","بطارية 6S — اختر السعة بمكان بطاريتك","CNHL Black Series 6S","CNHL","batteries","البطاريات","مسودة","صورة واحدة لكل الخيارات","cnhl-black-series-6s:mah1100","1100 ميلي أمبير/ساعة — 100C","box","06-box.webp","web/public/assets/store/cnhl-black-series-6s/_shared/06-box.webp","/assets/store/cnhl-black-series-6s/_shared/06-box.webp","اختيارية","محتويات الصندوق كما تصل فعلاً — لا صورة دعائية.","محتويات صندوق بطارية 6S — اختر السعة بمكان بطاريتك — 1100 ميلي أمبير/ساعة — 100C","1:1","1000×1000","1600×1600","400KB","expected but not uploaded"
"cnhl-black-series-4s","بطارية 4S للمقاسات الصغيرة","CNHL Black Series 4S","CNHL","batteries","البطاريات","مسودة","صورة واحدة لكل الخيارات","cnhl-black-series-4s:mah1100","1100 ميلي أمبير/ساعة — 100C بموصّل XT60","main","01-main.webp","web/public/assets/store/cnhl-black-series-4s/_shared/01-main.webp","/assets/store/cnhl-black-series-4s/_shared/01-main.webp","إلزامية","الصورة الرئيسية: المنتج كاملاً على خلفية بيضاء أو فاتحة، بلا قصّ لأي طرف. هذه التي تظهر في بطاقة المتجر.","بطارية 4S للمقاسات الصغيرة — 1100 ميلي أمبير/ساعة — 100C بموصّل XT60","1:1","1000×1000","1600×1600","400KB","expected but not uploaded"
"cnhl-black-series-4s","بطارية 4S للمقاسات الصغيرة","CNHL Black Series 4S","CNHL","batteries","البطاريات","مسودة","صورة واحدة لكل الخيارات","cnhl-black-series-4s:mah1100","1100 ميلي أمبير/ساعة — 100C بموصّل XT60","front","02-front.webp","web/public/assets/store/cnhl-black-series-4s/_shared/02-front.webp","/assets/store/cnhl-black-series-4s/_shared/02-front.webp","اختيارية","من الأمام مباشرة: تُظهر الكاميرا والهوائيات وترتيب المراوح.","بطارية 4S للمقاسات الصغيرة — 1100 ميلي أمبير/ساعة — 100C بموصّل XT60، من الأمام","1:1","1000×1000","1600×1600","400KB","expected but not uploaded"
"cnhl-black-series-4s","بطارية 4S للمقاسات الصغيرة","CNHL Black Series 4S","CNHL","batteries","البطاريات","مسودة","صورة واحدة لكل الخيارات","cnhl-black-series-4s:mah1100","1100 ميلي أمبير/ساعة — 100C بموصّل XT60","box","06-box.webp","web/public/assets/store/cnhl-black-series-4s/_shared/06-box.webp","/assets/store/cnhl-black-series-4s/_shared/06-box.webp","اختيارية","محتويات الصندوق كما تصل فعلاً — لا صورة دعائية.","محتويات صندوق بطارية 4S للمقاسات الصغيرة — 1100 ميلي أمبير/ساعة — 100C بموصّل XT60","1:1","1000×1000","1600×1600","400KB","expected but not uploaded"
"isdt-q6-charger","شاحن موازنة بطاقة 200 واط","ISDT Q6 Nano","ISDT","chargers","الشواحن","مسودة","صورة واحدة لكل الخيارات","isdt-q6-charger:standard","الخيار الوحيد","main","01-main.webp","web/public/assets/store/isdt-q6-charger/_shared/01-main.webp","/assets/store/isdt-q6-charger/_shared/01-main.webp","إلزامية","الصورة الرئيسية: المنتج كاملاً على خلفية بيضاء أو فاتحة، بلا قصّ لأي طرف. هذه التي تظهر في بطاقة المتجر.","شاحن موازنة بطاقة 200 واط — الخيار الوحيد","1:1","1000×1000","1600×1600","400KB","expected but not uploaded"
"isdt-q6-charger","شاحن موازنة بطاقة 200 واط","ISDT Q6 Nano","ISDT","chargers","الشواحن","مسودة","صورة واحدة لكل الخيارات","isdt-q6-charger:standard","الخيار الوحيد","front","02-front.webp","web/public/assets/store/isdt-q6-charger/_shared/02-front.webp","/assets/store/isdt-q6-charger/_shared/02-front.webp","اختيارية","من الأمام مباشرة: تُظهر الكاميرا والهوائيات وترتيب المراوح.","شاحن موازنة بطاقة 200 واط — الخيار الوحيد، من الأمام","1:1","1000×1000","1600×1600","400KB","expected but not uploaded"
"isdt-q6-charger","شاحن موازنة بطاقة 200 واط","ISDT Q6 Nano","ISDT","chargers","الشواحن","مسودة","صورة واحدة لكل الخيارات","isdt-q6-charger:standard","الخيار الوحيد","box","06-box.webp","web/public/assets/store/isdt-q6-charger/_shared/06-box.webp","/assets/store/isdt-q6-charger/_shared/06-box.webp","اختيارية","محتويات الصندوق كما تصل فعلاً — لا صورة دعائية.","محتويات صندوق شاحن موازنة بطاقة 200 واط — الخيار الوحيد","1:1","1000×1000","1600×1600","400KB","expected but not uploaded"
"radiomaster-rp1","مستقبِل ExpressLRS يُضبط من المتصفّح","RadioMaster RP1 V2","RadioMaster","receivers","المستقبلات","مسودة","صورة واحدة لكل الخيارات","radiomaster-rp1:standard","الخيار الوحيد","main","01-main.webp","web/public/assets/store/radiomaster-rp1/_shared/01-main.webp","/assets/store/radiomaster-rp1/_shared/01-main.webp","إلزامية","الصورة الرئيسية: المنتج كاملاً على خلفية بيضاء أو فاتحة، بلا قصّ لأي طرف. هذه التي تظهر في بطاقة المتجر.","مستقبِل ExpressLRS يُضبط من المتصفّح — الخيار الوحيد","1:1","1000×1000","1600×1600","400KB","expected but not uploaded"
"radiomaster-rp1","مستقبِل ExpressLRS يُضبط من المتصفّح","RadioMaster RP1 V2","RadioMaster","receivers","المستقبلات","مسودة","صورة واحدة لكل الخيارات","radiomaster-rp1:standard","الخيار الوحيد","front","02-front.webp","web/public/assets/store/radiomaster-rp1/_shared/02-front.webp","/assets/store/radiomaster-rp1/_shared/02-front.webp","اختيارية","من الأمام مباشرة: تُظهر الكاميرا والهوائيات وترتيب المراوح.","مستقبِل ExpressLRS يُضبط من المتصفّح — الخيار الوحيد، من الأمام","1:1","1000×1000","1600×1600","400KB","expected but not uploaded"
"radiomaster-rp1","مستقبِل ExpressLRS يُضبط من المتصفّح","RadioMaster RP1 V2","RadioMaster","receivers","المستقبلات","مسودة","صورة واحدة لكل الخيارات","radiomaster-rp1:standard","الخيار الوحيد","back","04-back.webp","web/public/assets/store/radiomaster-rp1/_shared/04-back.webp","/assets/store/radiomaster-rp1/_shared/04-back.webp","اختيارية","من الخلف: تُظهر المنافذ والمخارج وموضع البطارية.","مستقبِل ExpressLRS يُضبط من المتصفّح — الخيار الوحيد، من الخلف","1:1","1000×1000","1600×1600","400KB","expected but not uploaded"
"truerc-x-air","هوائي نظّارة عالي الكسب — لا هوائي طائرة","TrueRC X-AIR 5.8 MK II","TrueRC","antennas","الهوائيات","مسودة","صورة واحدة لكل الخيارات","truerc-x-air:standard","الخيار الوحيد","main","01-main.webp","web/public/assets/store/truerc-x-air/_shared/01-main.webp","/assets/store/truerc-x-air/_shared/01-main.webp","إلزامية","الصورة الرئيسية: المنتج كاملاً على خلفية بيضاء أو فاتحة، بلا قصّ لأي طرف. هذه التي تظهر في بطاقة المتجر.","هوائي نظّارة عالي الكسب — لا هوائي طائرة — الخيار الوحيد","1:1","1000×1000","1600×1600","400KB","expected but not uploaded"
"truerc-x-air","هوائي نظّارة عالي الكسب — لا هوائي طائرة","TrueRC X-AIR 5.8 MK II","TrueRC","antennas","الهوائيات","مسودة","صورة واحدة لكل الخيارات","truerc-x-air:standard","الخيار الوحيد","front","02-front.webp","web/public/assets/store/truerc-x-air/_shared/02-front.webp","/assets/store/truerc-x-air/_shared/02-front.webp","اختيارية","من الأمام مباشرة: تُظهر الكاميرا والهوائيات وترتيب المراوح.","هوائي نظّارة عالي الكسب — لا هوائي طائرة — الخيار الوحيد، من الأمام","1:1","1000×1000","1600×1600","400KB","expected but not uploaded"
"emax-eco-ii-2306","محرّك خمس إنشات اقتصادي بثلاث سرعات","EMAX ECO II 2306","EMAX","motors","المحركات","مسودة","صورة واحدة لكل الخيارات","emax-eco-ii-2306:kv1700","1700KV — لبطارية 6S","main","01-main.webp","web/public/assets/store/emax-eco-ii-2306/_shared/01-main.webp","/assets/store/emax-eco-ii-2306/_shared/01-main.webp","إلزامية","الصورة الرئيسية: المنتج كاملاً على خلفية بيضاء أو فاتحة، بلا قصّ لأي طرف. هذه التي تظهر في بطاقة المتجر.","محرّك خمس إنشات اقتصادي بثلاث سرعات — 1700KV — لبطارية 6S","1:1","1000×1000","1600×1600","400KB","expected but not uploaded"
"emax-eco-ii-2306","محرّك خمس إنشات اقتصادي بثلاث سرعات","EMAX ECO II 2306","EMAX","motors","المحركات","مسودة","صورة واحدة لكل الخيارات","emax-eco-ii-2306:kv1700","1700KV — لبطارية 6S","side","03-side.webp","web/public/assets/store/emax-eco-ii-2306/_shared/03-side.webp","/assets/store/emax-eco-ii-2306/_shared/03-side.webp","اختيارية","من الجانب: تُظهر الارتفاع وترتيب الطبقات والمنافذ.","محرّك خمس إنشات اقتصادي بثلاث سرعات — 1700KV — لبطارية 6S، من الجانب","1:1","1000×1000","1600×1600","400KB","expected but not uploaded"
"tmotor-f60-pro-v","محرّك 2207.5 بأربع سرعات دوران","T-Motor F60 PRO V","T-Motor","motors","المحركات","مسودة","صورة واحدة لكل الخيارات","tmotor-f60-pro-v:standard","الخيار الوحيد","main","01-main.webp","web/public/assets/store/tmotor-f60-pro-v/_shared/01-main.webp","/assets/store/tmotor-f60-pro-v/_shared/01-main.webp","إلزامية","الصورة الرئيسية: المنتج كاملاً على خلفية بيضاء أو فاتحة، بلا قصّ لأي طرف. هذه التي تظهر في بطاقة المتجر.","محرّك 2207.5 بأربع سرعات دوران — الخيار الوحيد","1:1","1000×1000","1600×1600","400KB","expected but not uploaded"
"tmotor-f60-pro-v","محرّك 2207.5 بأربع سرعات دوران","T-Motor F60 PRO V","T-Motor","motors","المحركات","مسودة","صورة واحدة لكل الخيارات","tmotor-f60-pro-v:standard","الخيار الوحيد","side","03-side.webp","web/public/assets/store/tmotor-f60-pro-v/_shared/03-side.webp","/assets/store/tmotor-f60-pro-v/_shared/03-side.webp","اختيارية","من الجانب: تُظهر الارتفاع وترتيب الطبقات والمنافذ.","محرّك 2207.5 بأربع سرعات دوران — الخيار الوحيد، من الجانب","1:1","1000×1000","1600×1600","400KB","expected but not uploaded"
"speedybee-f405-v4-stack","طقم متحكّم وESC للخمس إنشات","SpeedyBee F405 V4 Stack","SpeedyBee","flight-controllers","متحكّمات الطيران","مسودة","صورة واحدة لكل الخيارات","speedybee-f405-v4-stack:standard","الخيار الوحيد","main","01-main.webp","web/public/assets/store/speedybee-f405-v4-stack/_shared/01-main.webp","/assets/store/speedybee-f405-v4-stack/_shared/01-main.webp","إلزامية","الصورة الرئيسية: المنتج كاملاً على خلفية بيضاء أو فاتحة، بلا قصّ لأي طرف. هذه التي تظهر في بطاقة المتجر.","طقم متحكّم وESC للخمس إنشات — الخيار الوحيد","1:1","1000×1000","1600×1600","400KB","expected but not uploaded"
"speedybee-f405-v4-stack","طقم متحكّم وESC للخمس إنشات","SpeedyBee F405 V4 Stack","SpeedyBee","flight-controllers","متحكّمات الطيران","مسودة","صورة واحدة لكل الخيارات","speedybee-f405-v4-stack:standard","الخيار الوحيد","front","02-front.webp","web/public/assets/store/speedybee-f405-v4-stack/_shared/02-front.webp","/assets/store/speedybee-f405-v4-stack/_shared/02-front.webp","اختيارية","من الأمام مباشرة: تُظهر الكاميرا والهوائيات وترتيب المراوح.","طقم متحكّم وESC للخمس إنشات — الخيار الوحيد، من الأمام","1:1","1000×1000","1600×1600","400KB","expected but not uploaded"
"speedybee-f405-v4-stack","طقم متحكّم وESC للخمس إنشات","SpeedyBee F405 V4 Stack","SpeedyBee","flight-controllers","متحكّمات الطيران","مسودة","صورة واحدة لكل الخيارات","speedybee-f405-v4-stack:standard","الخيار الوحيد","back","04-back.webp","web/public/assets/store/speedybee-f405-v4-stack/_shared/04-back.webp","/assets/store/speedybee-f405-v4-stack/_shared/04-back.webp","اختيارية","من الخلف: تُظهر المنافذ والمخارج وموضع البطارية.","طقم متحكّم وESC للخمس إنشات — الخيار الوحيد، من الخلف","1:1","1000×1000","1600×1600","400KB","expected but not uploaded"
"speedybee-bls-50a","وحدة ESC أربعة في واحد بمقاس 30.5 مم","SpeedyBee F405 BLS 50A 4-in-1","SpeedyBee","escs","وحدات ESC","مسودة","صورة واحدة لكل الخيارات","speedybee-bls-50a:standard","الخيار الوحيد","main","01-main.webp","web/public/assets/store/speedybee-bls-50a/_shared/01-main.webp","/assets/store/speedybee-bls-50a/_shared/01-main.webp","إلزامية","الصورة الرئيسية: المنتج كاملاً على خلفية بيضاء أو فاتحة، بلا قصّ لأي طرف. هذه التي تظهر في بطاقة المتجر.","وحدة ESC أربعة في واحد بمقاس 30.5 مم — الخيار الوحيد","1:1","1000×1000","1600×1600","400KB","expected but not uploaded"
"speedybee-bls-50a","وحدة ESC أربعة في واحد بمقاس 30.5 مم","SpeedyBee F405 BLS 50A 4-in-1","SpeedyBee","escs","وحدات ESC","مسودة","صورة واحدة لكل الخيارات","speedybee-bls-50a:standard","الخيار الوحيد","front","02-front.webp","web/public/assets/store/speedybee-bls-50a/_shared/02-front.webp","/assets/store/speedybee-bls-50a/_shared/02-front.webp","اختيارية","من الأمام مباشرة: تُظهر الكاميرا والهوائيات وترتيب المراوح.","وحدة ESC أربعة في واحد بمقاس 30.5 مم — الخيار الوحيد، من الأمام","1:1","1000×1000","1600×1600","400KB","expected but not uploaded"
"speedybee-bls-50a","وحدة ESC أربعة في واحد بمقاس 30.5 مم","SpeedyBee F405 BLS 50A 4-in-1","SpeedyBee","escs","وحدات ESC","مسودة","صورة واحدة لكل الخيارات","speedybee-bls-50a:standard","الخيار الوحيد","back","04-back.webp","web/public/assets/store/speedybee-bls-50a/_shared/04-back.webp","/assets/store/speedybee-bls-50a/_shared/04-back.webp","اختيارية","من الخلف: تُظهر المنافذ والمخارج وموضع البطارية.","وحدة ESC أربعة في واحد بمقاس 30.5 مم — الخيار الوحيد، من الخلف","1:1","1000×1000","1600×1600","400KB","expected but not uploaded"
"armattan-marmotte","هيكل خمس إنشات بضمان يغطّي الكربون والمعدن","Armattan Marmotte 5""","Armattan","frames","الهياكل","مسودة","صورة واحدة لكل الخيارات","armattan-marmotte:standard","الخيار الوحيد","main","01-main.webp","web/public/assets/store/armattan-marmotte/_shared/01-main.webp","/assets/store/armattan-marmotte/_shared/01-main.webp","إلزامية","الصورة الرئيسية: المنتج كاملاً على خلفية بيضاء أو فاتحة، بلا قصّ لأي طرف. هذه التي تظهر في بطاقة المتجر.","هيكل خمس إنشات بضمان يغطّي الكربون والمعدن — الخيار الوحيد","1:1","1000×1000","1600×1600","400KB","expected but not uploaded"
"armattan-marmotte","هيكل خمس إنشات بضمان يغطّي الكربون والمعدن","Armattan Marmotte 5""","Armattan","frames","الهياكل","مسودة","صورة واحدة لكل الخيارات","armattan-marmotte:standard","الخيار الوحيد","top","05-top.webp","web/public/assets/store/armattan-marmotte/_shared/05-top.webp","/assets/store/armattan-marmotte/_shared/05-top.webp","اختيارية","من الأعلى: تُظهر التخطيط العام وأماكن التثبيت.","هيكل خمس إنشات بضمان يغطّي الكربون والمعدن — الخيار الوحيد، من الأعلى","1:1","1000×1000","1600×1600","400KB","expected but not uploaded"
"armattan-marmotte","هيكل خمس إنشات بضمان يغطّي الكربون والمعدن","Armattan Marmotte 5""","Armattan","frames","الهياكل","مسودة","صورة واحدة لكل الخيارات","armattan-marmotte:standard","الخيار الوحيد","side","03-side.webp","web/public/assets/store/armattan-marmotte/_shared/03-side.webp","/assets/store/armattan-marmotte/_shared/03-side.webp","اختيارية","من الجانب: تُظهر الارتفاع وترتيب الطبقات والمنافذ.","هيكل خمس إنشات بضمان يغطّي الكربون والمعدن — الخيار الوحيد، من الجانب","1:1","1000×1000","1600×1600","400KB","expected but not uploaded"
"armattan-marmotte","هيكل خمس إنشات بضمان يغطّي الكربون والمعدن","Armattan Marmotte 5""","Armattan","frames","الهياكل","مسودة","صورة واحدة لكل الخيارات","armattan-marmotte:standard","الخيار الوحيد","accessories","07-accessories.webp","web/public/assets/store/armattan-marmotte/_shared/07-accessories.webp","/assets/store/armattan-marmotte/_shared/07-accessories.webp","اختيارية","ما يُضاف أو يُستبدل: بطاريات، مراوح، هوائيات، أسلاك.","ملحقات هيكل خمس إنشات بضمان يغطّي الكربون والمعدن — الخيار الوحيد","1:1","1000×1000","1600×1600","400KB","expected but not uploaded"
"caddx-ratel-2","كاميرا تناظرية قوية في الضوء المنخفض","Caddx Ratel 2","Caddx","cameras","الكاميرات","مسودة","صورة واحدة لكل الخيارات","caddx-ratel-2:standard","الخيار الوحيد","main","01-main.webp","web/public/assets/store/caddx-ratel-2/_shared/01-main.webp","/assets/store/caddx-ratel-2/_shared/01-main.webp","إلزامية","الصورة الرئيسية: المنتج كاملاً على خلفية بيضاء أو فاتحة، بلا قصّ لأي طرف. هذه التي تظهر في بطاقة المتجر.","كاميرا تناظرية قوية في الضوء المنخفض — الخيار الوحيد","1:1","1000×1000","1600×1600","400KB","expected but not uploaded"
"caddx-ratel-2","كاميرا تناظرية قوية في الضوء المنخفض","Caddx Ratel 2","Caddx","cameras","الكاميرات","مسودة","صورة واحدة لكل الخيارات","caddx-ratel-2:standard","الخيار الوحيد","front","02-front.webp","web/public/assets/store/caddx-ratel-2/_shared/02-front.webp","/assets/store/caddx-ratel-2/_shared/02-front.webp","اختيارية","من الأمام مباشرة: تُظهر الكاميرا والهوائيات وترتيب المراوح.","كاميرا تناظرية قوية في الضوء المنخفض — الخيار الوحيد، من الأمام","1:1","1000×1000","1600×1600","400KB","expected but not uploaded"
"caddx-ratel-2","كاميرا تناظرية قوية في الضوء المنخفض","Caddx Ratel 2","Caddx","cameras","الكاميرات","مسودة","صورة واحدة لكل الخيارات","caddx-ratel-2:standard","الخيار الوحيد","back","04-back.webp","web/public/assets/store/caddx-ratel-2/_shared/04-back.webp","/assets/store/caddx-ratel-2/_shared/04-back.webp","اختيارية","من الخلف: تُظهر المنافذ والمخارج وموضع البطارية.","كاميرا تناظرية قوية في الضوء المنخفض — الخيار الوحيد، من الخلف","1:1","1000×1000","1600×1600","400KB","expected but not uploaded"
"rush-tank-ultimate","مرسل تماثلي بخمسة مستويات طاقة حتى 800 ميلي واط","RushFPV TANK II ULTIMATE","RushFPV","vtx","وحدات البث","مسودة","صورة واحدة لكل الخيارات","rush-tank-ultimate:standard","الخيار الوحيد","main","01-main.webp","web/public/assets/store/rush-tank-ultimate/_shared/01-main.webp","/assets/store/rush-tank-ultimate/_shared/01-main.webp","إلزامية","الصورة الرئيسية: المنتج كاملاً على خلفية بيضاء أو فاتحة، بلا قصّ لأي طرف. هذه التي تظهر في بطاقة المتجر.","مرسل تماثلي بخمسة مستويات طاقة حتى 800 ميلي واط — الخيار الوحيد","1:1","1000×1000","1600×1600","400KB","expected but not uploaded"
"rush-tank-ultimate","مرسل تماثلي بخمسة مستويات طاقة حتى 800 ميلي واط","RushFPV TANK II ULTIMATE","RushFPV","vtx","وحدات البث","مسودة","صورة واحدة لكل الخيارات","rush-tank-ultimate:standard","الخيار الوحيد","front","02-front.webp","web/public/assets/store/rush-tank-ultimate/_shared/02-front.webp","/assets/store/rush-tank-ultimate/_shared/02-front.webp","اختيارية","من الأمام مباشرة: تُظهر الكاميرا والهوائيات وترتيب المراوح.","مرسل تماثلي بخمسة مستويات طاقة حتى 800 ميلي واط — الخيار الوحيد، من الأمام","1:1","1000×1000","1600×1600","400KB","expected but not uploaded"
"rush-tank-ultimate","مرسل تماثلي بخمسة مستويات طاقة حتى 800 ميلي واط","RushFPV TANK II ULTIMATE","RushFPV","vtx","وحدات البث","مسودة","صورة واحدة لكل الخيارات","rush-tank-ultimate:standard","الخيار الوحيد","back","04-back.webp","web/public/assets/store/rush-tank-ultimate/_shared/04-back.webp","/assets/store/rush-tank-ultimate/_shared/04-back.webp","اختيارية","من الخلف: تُظهر المنافذ والمخارج وموضع البطارية.","مرسل تماثلي بخمسة مستويات طاقة حتى 800 ميلي واط — الخيار الوحيد، من الخلف","1:1","1000×1000","1600×1600","400KB","expected but not uploaded"
"dji-o3-air-unit","وحدة طائرة رقمية من DJI","DJI O3 Air Unit","DJI","air-units","وحدات الطائرة الرقمية","مسودة","صورة واحدة لكل الخيارات","dji-o3-air-unit:standard","الخيار الوحيد","main","01-main.webp","web/public/assets/store/dji-o3-air-unit/_shared/01-main.webp","/assets/store/dji-o3-air-unit/_shared/01-main.webp","إلزامية","الصورة الرئيسية: المنتج كاملاً على خلفية بيضاء أو فاتحة، بلا قصّ لأي طرف. هذه التي تظهر في بطاقة المتجر.","وحدة طائرة رقمية من DJI — الخيار الوحيد","1:1","1000×1000","1600×1600","400KB","expected but not uploaded"
"dji-o3-air-unit","وحدة طائرة رقمية من DJI","DJI O3 Air Unit","DJI","air-units","وحدات الطائرة الرقمية","مسودة","صورة واحدة لكل الخيارات","dji-o3-air-unit:standard","الخيار الوحيد","front","02-front.webp","web/public/assets/store/dji-o3-air-unit/_shared/02-front.webp","/assets/store/dji-o3-air-unit/_shared/02-front.webp","اختيارية","من الأمام مباشرة: تُظهر الكاميرا والهوائيات وترتيب المراوح.","وحدة طائرة رقمية من DJI — الخيار الوحيد، من الأمام","1:1","1000×1000","1600×1600","400KB","expected but not uploaded"
"dji-o3-air-unit","وحدة طائرة رقمية من DJI","DJI O3 Air Unit","DJI","air-units","وحدات الطائرة الرقمية","مسودة","صورة واحدة لكل الخيارات","dji-o3-air-unit:standard","الخيار الوحيد","box","06-box.webp","web/public/assets/store/dji-o3-air-unit/_shared/06-box.webp","/assets/store/dji-o3-air-unit/_shared/06-box.webp","اختيارية","محتويات الصندوق كما تصل فعلاً — لا صورة دعائية.","محتويات صندوق وحدة طائرة رقمية من DJI — الخيار الوحيد","1:1","1000×1000","1600×1600","400KB","expected but not uploaded"
"matek-m10-gps","وحدة GPS صغيرة للمدى الطويل","Matek M10 GPS","Matek","gps","وحدات GPS","مسودة","صورة واحدة لكل الخيارات","matek-m10-gps:standard","الخيار الوحيد","main","01-main.webp","web/public/assets/store/matek-m10-gps/_shared/01-main.webp","/assets/store/matek-m10-gps/_shared/01-main.webp","إلزامية","الصورة الرئيسية: المنتج كاملاً على خلفية بيضاء أو فاتحة، بلا قصّ لأي طرف. هذه التي تظهر في بطاقة المتجر.","وحدة GPS صغيرة للمدى الطويل — الخيار الوحيد","1:1","1000×1000","1600×1600","400KB","expected but not uploaded"
"matek-m10-gps","وحدة GPS صغيرة للمدى الطويل","Matek M10 GPS","Matek","gps","وحدات GPS","مسودة","صورة واحدة لكل الخيارات","matek-m10-gps:standard","الخيار الوحيد","front","02-front.webp","web/public/assets/store/matek-m10-gps/_shared/02-front.webp","/assets/store/matek-m10-gps/_shared/02-front.webp","اختيارية","من الأمام مباشرة: تُظهر الكاميرا والهوائيات وترتيب المراوح.","وحدة GPS صغيرة للمدى الطويل — الخيار الوحيد، من الأمام","1:1","1000×1000","1600×1600","400KB","expected but not uploaded"
"matek-m10-gps","وحدة GPS صغيرة للمدى الطويل","Matek M10 GPS","Matek","gps","وحدات GPS","مسودة","صورة واحدة لكل الخيارات","matek-m10-gps:standard","الخيار الوحيد","back","04-back.webp","web/public/assets/store/matek-m10-gps/_shared/04-back.webp","/assets/store/matek-m10-gps/_shared/04-back.webp","اختيارية","من الخلف: تُظهر المنافذ والمخارج وموضع البطارية.","وحدة GPS صغيرة للمدى الطويل — الخيار الوحيد، من الخلف","1:1","1000×1000","1600×1600","400KB","expected but not uploaded"
"lipo-safe-bag","حقيبة شحن وتخزين مقاوِمة للحريق","LiPo Safe Bag","عام","accessories","الإكسسوارات","مسودة","صورة واحدة لكل الخيارات","lipo-safe-bag:standard","الخيار الوحيد","main","01-main.webp","web/public/assets/store/lipo-safe-bag/_shared/01-main.webp","/assets/store/lipo-safe-bag/_shared/01-main.webp","إلزامية","الصورة الرئيسية: المنتج كاملاً على خلفية بيضاء أو فاتحة، بلا قصّ لأي طرف. هذه التي تظهر في بطاقة المتجر.","حقيبة شحن وتخزين مقاوِمة للحريق — الخيار الوحيد","1:1","1000×1000","1600×1600","400KB","expected but not uploaded"
"lipo-safe-bag","حقيبة شحن وتخزين مقاوِمة للحريق","LiPo Safe Bag","عام","accessories","الإكسسوارات","مسودة","صورة واحدة لكل الخيارات","lipo-safe-bag:standard","الخيار الوحيد","front","02-front.webp","web/public/assets/store/lipo-safe-bag/_shared/02-front.webp","/assets/store/lipo-safe-bag/_shared/02-front.webp","اختيارية","من الأمام مباشرة: تُظهر الكاميرا والهوائيات وترتيب المراوح.","حقيبة شحن وتخزين مقاوِمة للحريق — الخيار الوحيد، من الأمام","1:1","1000×1000","1600×1600","400KB","expected but not uploaded"
"betafpv-cetus-x","طقم كامل بمقاس إنشين للانتقال بعد الووب","BetaFPV Cetus X","BetaFPV","size-2","مقاس 2 إنش","مسودة","صورة لكل خيار","betafpv-cetus-x:elrs","طقم ExpressLRS — تماثلي","main","01-main.webp","web/public/assets/store/betafpv-cetus-x/elrs/01-main.webp","/assets/store/betafpv-cetus-x/elrs/01-main.webp","إلزامية","الصورة الرئيسية: المنتج كاملاً على خلفية بيضاء أو فاتحة، بلا قصّ لأي طرف. هذه التي تظهر في بطاقة المتجر.","طقم كامل بمقاس إنشين للانتقال بعد الووب — طقم ExpressLRS — تماثلي","1:1","1000×1000","1600×1600","400KB","expected but not uploaded"
"betafpv-cetus-x","طقم كامل بمقاس إنشين للانتقال بعد الووب","BetaFPV Cetus X","BetaFPV","size-2","مقاس 2 إنش","مسودة","صورة لكل خيار","betafpv-cetus-x:elrs","طقم ExpressLRS — تماثلي","front","02-front.webp","web/public/assets/store/betafpv-cetus-x/elrs/02-front.webp","/assets/store/betafpv-cetus-x/elrs/02-front.webp","اختيارية","من الأمام مباشرة: تُظهر الكاميرا والهوائيات وترتيب المراوح.","طقم كامل بمقاس إنشين للانتقال بعد الووب — طقم ExpressLRS — تماثلي، من الأمام","1:1","1000×1000","1600×1600","400KB","expected but not uploaded"
"betafpv-cetus-x","طقم كامل بمقاس إنشين للانتقال بعد الووب","BetaFPV Cetus X","BetaFPV","size-2","مقاس 2 إنش","مسودة","صورة لكل خيار","betafpv-cetus-x:elrs","طقم ExpressLRS — تماثلي","side","03-side.webp","web/public/assets/store/betafpv-cetus-x/elrs/03-side.webp","/assets/store/betafpv-cetus-x/elrs/03-side.webp","اختيارية","من الجانب: تُظهر الارتفاع وترتيب الطبقات والمنافذ.","طقم كامل بمقاس إنشين للانتقال بعد الووب — طقم ExpressLRS — تماثلي، من الجانب","1:1","1000×1000","1600×1600","400KB","expected but not uploaded"
"betafpv-cetus-x","طقم كامل بمقاس إنشين للانتقال بعد الووب","BetaFPV Cetus X","BetaFPV","size-2","مقاس 2 إنش","مسودة","صورة لكل خيار","betafpv-cetus-x:elrs","طقم ExpressLRS — تماثلي","top","05-top.webp","web/public/assets/store/betafpv-cetus-x/elrs/05-top.webp","/assets/store/betafpv-cetus-x/elrs/05-top.webp","اختيارية","من الأعلى: تُظهر التخطيط العام وأماكن التثبيت.","طقم كامل بمقاس إنشين للانتقال بعد الووب — طقم ExpressLRS — تماثلي، من الأعلى","1:1","1000×1000","1600×1600","400KB","expected but not uploaded"
"betafpv-cetus-x","طقم كامل بمقاس إنشين للانتقال بعد الووب","BetaFPV Cetus X","BetaFPV","size-2","مقاس 2 إنش","مسودة","صورة لكل خيار","betafpv-cetus-x:elrs","طقم ExpressLRS — تماثلي","box","06-box.webp","web/public/assets/store/betafpv-cetus-x/elrs/06-box.webp","/assets/store/betafpv-cetus-x/elrs/06-box.webp","اختيارية","محتويات الصندوق كما تصل فعلاً — لا صورة دعائية.","محتويات صندوق طقم كامل بمقاس إنشين للانتقال بعد الووب — طقم ExpressLRS — تماثلي","1:1","1000×1000","1600×1600","400KB","expected but not uploaded"
"betafpv-cetus-x","طقم كامل بمقاس إنشين للانتقال بعد الووب","BetaFPV Cetus X","BetaFPV","size-2","مقاس 2 إنش","مسودة","صورة لكل خيار","betafpv-cetus-x:frsky","طقم FrSky D8 — تماثلي","main","01-main.webp","web/public/assets/store/betafpv-cetus-x/frsky/01-main.webp","/assets/store/betafpv-cetus-x/frsky/01-main.webp","إلزامية","الصورة الرئيسية: المنتج كاملاً على خلفية بيضاء أو فاتحة، بلا قصّ لأي طرف. هذه التي تظهر في بطاقة المتجر.","طقم كامل بمقاس إنشين للانتقال بعد الووب — طقم FrSky D8 — تماثلي","1:1","1000×1000","1600×1600","400KB","expected but not uploaded"
"betafpv-cetus-x","طقم كامل بمقاس إنشين للانتقال بعد الووب","BetaFPV Cetus X","BetaFPV","size-2","مقاس 2 إنش","مسودة","صورة لكل خيار","betafpv-cetus-x:frsky","طقم FrSky D8 — تماثلي","front","02-front.webp","web/public/assets/store/betafpv-cetus-x/frsky/02-front.webp","/assets/store/betafpv-cetus-x/frsky/02-front.webp","اختيارية","من الأمام مباشرة: تُظهر الكاميرا والهوائيات وترتيب المراوح.","طقم كامل بمقاس إنشين للانتقال بعد الووب — طقم FrSky D8 — تماثلي، من الأمام","1:1","1000×1000","1600×1600","400KB","expected but not uploaded"
"betafpv-cetus-x","طقم كامل بمقاس إنشين للانتقال بعد الووب","BetaFPV Cetus X","BetaFPV","size-2","مقاس 2 إنش","مسودة","صورة لكل خيار","betafpv-cetus-x:frsky","طقم FrSky D8 — تماثلي","side","03-side.webp","web/public/assets/store/betafpv-cetus-x/frsky/03-side.webp","/assets/store/betafpv-cetus-x/frsky/03-side.webp","اختيارية","من الجانب: تُظهر الارتفاع وترتيب الطبقات والمنافذ.","طقم كامل بمقاس إنشين للانتقال بعد الووب — طقم FrSky D8 — تماثلي، من الجانب","1:1","1000×1000","1600×1600","400KB","expected but not uploaded"
"betafpv-cetus-x","طقم كامل بمقاس إنشين للانتقال بعد الووب","BetaFPV Cetus X","BetaFPV","size-2","مقاس 2 إنش","مسودة","صورة لكل خيار","betafpv-cetus-x:frsky","طقم FrSky D8 — تماثلي","top","05-top.webp","web/public/assets/store/betafpv-cetus-x/frsky/05-top.webp","/assets/store/betafpv-cetus-x/frsky/05-top.webp","اختيارية","من الأعلى: تُظهر التخطيط العام وأماكن التثبيت.","طقم كامل بمقاس إنشين للانتقال بعد الووب — طقم FrSky D8 — تماثلي، من الأعلى","1:1","1000×1000","1600×1600","400KB","expected but not uploaded"
"betafpv-cetus-x","طقم كامل بمقاس إنشين للانتقال بعد الووب","BetaFPV Cetus X","BetaFPV","size-2","مقاس 2 إنش","مسودة","صورة لكل خيار","betafpv-cetus-x:frsky","طقم FrSky D8 — تماثلي","box","06-box.webp","web/public/assets/store/betafpv-cetus-x/frsky/06-box.webp","/assets/store/betafpv-cetus-x/frsky/06-box.webp","اختيارية","محتويات الصندوق كما تصل فعلاً — لا صورة دعائية.","محتويات صندوق طقم كامل بمقاس إنشين للانتقال بعد الووب — طقم FrSky D8 — تماثلي","1:1","1000×1000","1600×1600","400KB","expected but not uploaded"
"betafpv-cetus-x","طقم كامل بمقاس إنشين للانتقال بعد الووب","BetaFPV Cetus X","BetaFPV","size-2","مقاس 2 إنش","مسودة","صورة لكل خيار","betafpv-cetus-x:hd","طقم HD — فيديو رقمي","main","01-main.webp","web/public/assets/store/betafpv-cetus-x/hd/01-main.webp","/assets/store/betafpv-cetus-x/hd/01-main.webp","إلزامية","الصورة الرئيسية: المنتج كاملاً على خلفية بيضاء أو فاتحة، بلا قصّ لأي طرف. هذه التي تظهر في بطاقة المتجر.","طقم كامل بمقاس إنشين للانتقال بعد الووب — طقم HD — فيديو رقمي","1:1","1000×1000","1600×1600","400KB","expected but not uploaded"
"betafpv-cetus-x","طقم كامل بمقاس إنشين للانتقال بعد الووب","BetaFPV Cetus X","BetaFPV","size-2","مقاس 2 إنش","مسودة","صورة لكل خيار","betafpv-cetus-x:hd","طقم HD — فيديو رقمي","front","02-front.webp","web/public/assets/store/betafpv-cetus-x/hd/02-front.webp","/assets/store/betafpv-cetus-x/hd/02-front.webp","اختيارية","من الأمام مباشرة: تُظهر الكاميرا والهوائيات وترتيب المراوح.","طقم كامل بمقاس إنشين للانتقال بعد الووب — طقم HD — فيديو رقمي، من الأمام","1:1","1000×1000","1600×1600","400KB","expected but not uploaded"
"betafpv-cetus-x","طقم كامل بمقاس إنشين للانتقال بعد الووب","BetaFPV Cetus X","BetaFPV","size-2","مقاس 2 إنش","مسودة","صورة لكل خيار","betafpv-cetus-x:hd","طقم HD — فيديو رقمي","side","03-side.webp","web/public/assets/store/betafpv-cetus-x/hd/03-side.webp","/assets/store/betafpv-cetus-x/hd/03-side.webp","اختيارية","من الجانب: تُظهر الارتفاع وترتيب الطبقات والمنافذ.","طقم كامل بمقاس إنشين للانتقال بعد الووب — طقم HD — فيديو رقمي، من الجانب","1:1","1000×1000","1600×1600","400KB","expected but not uploaded"
"betafpv-cetus-x","طقم كامل بمقاس إنشين للانتقال بعد الووب","BetaFPV Cetus X","BetaFPV","size-2","مقاس 2 إنش","مسودة","صورة لكل خيار","betafpv-cetus-x:hd","طقم HD — فيديو رقمي","top","05-top.webp","web/public/assets/store/betafpv-cetus-x/hd/05-top.webp","/assets/store/betafpv-cetus-x/hd/05-top.webp","اختيارية","من الأعلى: تُظهر التخطيط العام وأماكن التثبيت.","طقم كامل بمقاس إنشين للانتقال بعد الووب — طقم HD — فيديو رقمي، من الأعلى","1:1","1000×1000","1600×1600","400KB","expected but not uploaded"
"betafpv-cetus-x","طقم كامل بمقاس إنشين للانتقال بعد الووب","BetaFPV Cetus X","BetaFPV","size-2","مقاس 2 إنش","مسودة","صورة لكل خيار","betafpv-cetus-x:hd","طقم HD — فيديو رقمي","box","06-box.webp","web/public/assets/store/betafpv-cetus-x/hd/06-box.webp","/assets/store/betafpv-cetus-x/hd/06-box.webp","اختيارية","محتويات الصندوق كما تصل فعلاً — لا صورة دعائية.","محتويات صندوق طقم كامل بمقاس إنشين للانتقال بعد الووب — طقم HD — فيديو رقمي","1:1","1000×1000","1600×1600","400KB","expected but not uploaded"
"happymodel-mobula8","ووب 85 مم يقبل بطارية 1S أو 2S","HappyModel Mobula8","HappyModel","size-2","مقاس 2 إنش","مسودة","صورة لكل خيار","happymodel-mobula8:elrs-uart","مستقبِل ExpressLRS عبر UART","main","01-main.webp","web/public/assets/store/happymodel-mobula8/elrs-uart/01-main.webp","/assets/store/happymodel-mobula8/elrs-uart/01-main.webp","إلزامية","الصورة الرئيسية: المنتج كاملاً على خلفية بيضاء أو فاتحة، بلا قصّ لأي طرف. هذه التي تظهر في بطاقة المتجر.","ووب 85 مم يقبل بطارية 1S أو 2S — مستقبِل ExpressLRS عبر UART","1:1","1000×1000","1600×1600","400KB","expected but not uploaded"
"happymodel-mobula8","ووب 85 مم يقبل بطارية 1S أو 2S","HappyModel Mobula8","HappyModel","size-2","مقاس 2 إنش","مسودة","صورة لكل خيار","happymodel-mobula8:elrs-uart","مستقبِل ExpressLRS عبر UART","front","02-front.webp","web/public/assets/store/happymodel-mobula8/elrs-uart/02-front.webp","/assets/store/happymodel-mobula8/elrs-uart/02-front.webp","اختيارية","من الأمام مباشرة: تُظهر الكاميرا والهوائيات وترتيب المراوح.","ووب 85 مم يقبل بطارية 1S أو 2S — مستقبِل ExpressLRS عبر UART، من الأمام","1:1","1000×1000","1600×1600","400KB","expected but not uploaded"
"happymodel-mobula8","ووب 85 مم يقبل بطارية 1S أو 2S","HappyModel Mobula8","HappyModel","size-2","مقاس 2 إنش","مسودة","صورة لكل خيار","happymodel-mobula8:elrs-uart","مستقبِل ExpressLRS عبر UART","side","03-side.webp","web/public/assets/store/happymodel-mobula8/elrs-uart/03-side.webp","/assets/store/happymodel-mobula8/elrs-uart/03-side.webp","اختيارية","من الجانب: تُظهر الارتفاع وترتيب الطبقات والمنافذ.","ووب 85 مم يقبل بطارية 1S أو 2S — مستقبِل ExpressLRS عبر UART، من الجانب","1:1","1000×1000","1600×1600","400KB","expected but not uploaded"
"happymodel-mobula8","ووب 85 مم يقبل بطارية 1S أو 2S","HappyModel Mobula8","HappyModel","size-2","مقاس 2 إنش","مسودة","صورة لكل خيار","happymodel-mobula8:elrs-uart","مستقبِل ExpressLRS عبر UART","top","05-top.webp","web/public/assets/store/happymodel-mobula8/elrs-uart/05-top.webp","/assets/store/happymodel-mobula8/elrs-uart/05-top.webp","اختيارية","من الأعلى: تُظهر التخطيط العام وأماكن التثبيت.","ووب 85 مم يقبل بطارية 1S أو 2S — مستقبِل ExpressLRS عبر UART، من الأعلى","1:1","1000×1000","1600×1600","400KB","expected but not uploaded"
"happymodel-mobula8","ووب 85 مم يقبل بطارية 1S أو 2S","HappyModel Mobula8","HappyModel","size-2","مقاس 2 إنش","مسودة","صورة لكل خيار","happymodel-mobula8:elrs-uart","مستقبِل ExpressLRS عبر UART","box","06-box.webp","web/public/assets/store/happymodel-mobula8/elrs-uart/06-box.webp","/assets/store/happymodel-mobula8/elrs-uart/06-box.webp","اختيارية","محتويات الصندوق كما تصل فعلاً — لا صورة دعائية.","محتويات صندوق ووب 85 مم يقبل بطارية 1S أو 2S — مستقبِل ExpressLRS عبر UART","1:1","1000×1000","1600×1600","400KB","expected but not uploaded"
"happymodel-mobula8","ووب 85 مم يقبل بطارية 1S أو 2S","HappyModel Mobula8","HappyModel","size-2","مقاس 2 إنش","مسودة","صورة لكل خيار","happymodel-mobula8:elrs-spi","مستقبِل ExpressLRS مدمج من نوع SPI","main","01-main.webp","web/public/assets/store/happymodel-mobula8/elrs-spi/01-main.webp","/assets/store/happymodel-mobula8/elrs-spi/01-main.webp","إلزامية","الصورة الرئيسية: المنتج كاملاً على خلفية بيضاء أو فاتحة، بلا قصّ لأي طرف. هذه التي تظهر في بطاقة المتجر.","ووب 85 مم يقبل بطارية 1S أو 2S — مستقبِل ExpressLRS مدمج من نوع SPI","1:1","1000×1000","1600×1600","400KB","expected but not uploaded"
"happymodel-mobula8","ووب 85 مم يقبل بطارية 1S أو 2S","HappyModel Mobula8","HappyModel","size-2","مقاس 2 إنش","مسودة","صورة لكل خيار","happymodel-mobula8:elrs-spi","مستقبِل ExpressLRS مدمج من نوع SPI","front","02-front.webp","web/public/assets/store/happymodel-mobula8/elrs-spi/02-front.webp","/assets/store/happymodel-mobula8/elrs-spi/02-front.webp","اختيارية","من الأمام مباشرة: تُظهر الكاميرا والهوائيات وترتيب المراوح.","ووب 85 مم يقبل بطارية 1S أو 2S — مستقبِل ExpressLRS مدمج من نوع SPI، من الأمام","1:1","1000×1000","1600×1600","400KB","expected but not uploaded"
"happymodel-mobula8","ووب 85 مم يقبل بطارية 1S أو 2S","HappyModel Mobula8","HappyModel","size-2","مقاس 2 إنش","مسودة","صورة لكل خيار","happymodel-mobula8:elrs-spi","مستقبِل ExpressLRS مدمج من نوع SPI","side","03-side.webp","web/public/assets/store/happymodel-mobula8/elrs-spi/03-side.webp","/assets/store/happymodel-mobula8/elrs-spi/03-side.webp","اختيارية","من الجانب: تُظهر الارتفاع وترتيب الطبقات والمنافذ.","ووب 85 مم يقبل بطارية 1S أو 2S — مستقبِل ExpressLRS مدمج من نوع SPI، من الجانب","1:1","1000×1000","1600×1600","400KB","expected but not uploaded"
"happymodel-mobula8","ووب 85 مم يقبل بطارية 1S أو 2S","HappyModel Mobula8","HappyModel","size-2","مقاس 2 إنش","مسودة","صورة لكل خيار","happymodel-mobula8:elrs-spi","مستقبِل ExpressLRS مدمج من نوع SPI","top","05-top.webp","web/public/assets/store/happymodel-mobula8/elrs-spi/05-top.webp","/assets/store/happymodel-mobula8/elrs-spi/05-top.webp","اختيارية","من الأعلى: تُظهر التخطيط العام وأماكن التثبيت.","ووب 85 مم يقبل بطارية 1S أو 2S — مستقبِل ExpressLRS مدمج من نوع SPI، من الأعلى","1:1","1000×1000","1600×1600","400KB","expected but not uploaded"
"happymodel-mobula8","ووب 85 مم يقبل بطارية 1S أو 2S","HappyModel Mobula8","HappyModel","size-2","مقاس 2 إنش","مسودة","صورة لكل خيار","happymodel-mobula8:elrs-spi","مستقبِل ExpressLRS مدمج من نوع SPI","box","06-box.webp","web/public/assets/store/happymodel-mobula8/elrs-spi/06-box.webp","/assets/store/happymodel-mobula8/elrs-spi/06-box.webp","اختيارية","محتويات الصندوق كما تصل فعلاً — لا صورة دعائية.","محتويات صندوق ووب 85 مم يقبل بطارية 1S أو 2S — مستقبِل ExpressLRS مدمج من نوع SPI","1:1","1000×1000","1600×1600","400KB","expected but not uploaded"
"happymodel-mobula8","ووب 85 مم يقبل بطارية 1S أو 2S","HappyModel Mobula8","HappyModel","size-2","مقاس 2 إنش","مسودة","صورة لكل خيار","happymodel-mobula8:flysky-spi","مستقبِل FlySky مدمج من نوع SPI","main","01-main.webp","web/public/assets/store/happymodel-mobula8/flysky-spi/01-main.webp","/assets/store/happymodel-mobula8/flysky-spi/01-main.webp","إلزامية","الصورة الرئيسية: المنتج كاملاً على خلفية بيضاء أو فاتحة، بلا قصّ لأي طرف. هذه التي تظهر في بطاقة المتجر.","ووب 85 مم يقبل بطارية 1S أو 2S — مستقبِل FlySky مدمج من نوع SPI","1:1","1000×1000","1600×1600","400KB","expected but not uploaded"
"happymodel-mobula8","ووب 85 مم يقبل بطارية 1S أو 2S","HappyModel Mobula8","HappyModel","size-2","مقاس 2 إنش","مسودة","صورة لكل خيار","happymodel-mobula8:flysky-spi","مستقبِل FlySky مدمج من نوع SPI","front","02-front.webp","web/public/assets/store/happymodel-mobula8/flysky-spi/02-front.webp","/assets/store/happymodel-mobula8/flysky-spi/02-front.webp","اختيارية","من الأمام مباشرة: تُظهر الكاميرا والهوائيات وترتيب المراوح.","ووب 85 مم يقبل بطارية 1S أو 2S — مستقبِل FlySky مدمج من نوع SPI، من الأمام","1:1","1000×1000","1600×1600","400KB","expected but not uploaded"
"happymodel-mobula8","ووب 85 مم يقبل بطارية 1S أو 2S","HappyModel Mobula8","HappyModel","size-2","مقاس 2 إنش","مسودة","صورة لكل خيار","happymodel-mobula8:flysky-spi","مستقبِل FlySky مدمج من نوع SPI","side","03-side.webp","web/public/assets/store/happymodel-mobula8/flysky-spi/03-side.webp","/assets/store/happymodel-mobula8/flysky-spi/03-side.webp","اختيارية","من الجانب: تُظهر الارتفاع وترتيب الطبقات والمنافذ.","ووب 85 مم يقبل بطارية 1S أو 2S — مستقبِل FlySky مدمج من نوع SPI، من الجانب","1:1","1000×1000","1600×1600","400KB","expected but not uploaded"
"happymodel-mobula8","ووب 85 مم يقبل بطارية 1S أو 2S","HappyModel Mobula8","HappyModel","size-2","مقاس 2 إنش","مسودة","صورة لكل خيار","happymodel-mobula8:flysky-spi","مستقبِل FlySky مدمج من نوع SPI","top","05-top.webp","web/public/assets/store/happymodel-mobula8/flysky-spi/05-top.webp","/assets/store/happymodel-mobula8/flysky-spi/05-top.webp","اختيارية","من الأعلى: تُظهر التخطيط العام وأماكن التثبيت.","ووب 85 مم يقبل بطارية 1S أو 2S — مستقبِل FlySky مدمج من نوع SPI، من الأعلى","1:1","1000×1000","1600×1600","400KB","expected but not uploaded"
"happymodel-mobula8","ووب 85 مم يقبل بطارية 1S أو 2S","HappyModel Mobula8","HappyModel","size-2","مقاس 2 إنش","مسودة","صورة لكل خيار","happymodel-mobula8:flysky-spi","مستقبِل FlySky مدمج من نوع SPI","box","06-box.webp","web/public/assets/store/happymodel-mobula8/flysky-spi/06-box.webp","/assets/store/happymodel-mobula8/flysky-spi/06-box.webp","اختيارية","محتويات الصندوق كما تصل فعلاً — لا صورة دعائية.","محتويات صندوق ووب 85 مم يقبل بطارية 1S أو 2S — مستقبِل FlySky مدمج من نوع SPI","1:1","1000×1000","1600×1600","400KB","expected but not uploaded"
"happymodel-mobula8","ووب 85 مم يقبل بطارية 1S أو 2S","HappyModel Mobula8","HappyModel","size-2","مقاس 2 إنش","مسودة","صورة لكل خيار","happymodel-mobula8:hd","نسخة رقمية — تُطلب بوحدة الفيديو التي تناسب نظّارتك","main","01-main.webp","web/public/assets/store/happymodel-mobula8/hd/01-main.webp","/assets/store/happymodel-mobula8/hd/01-main.webp","إلزامية","الصورة الرئيسية: المنتج كاملاً على خلفية بيضاء أو فاتحة، بلا قصّ لأي طرف. هذه التي تظهر في بطاقة المتجر.","ووب 85 مم يقبل بطارية 1S أو 2S — نسخة رقمية — تُطلب بوحدة الفيديو التي تناسب نظّارتك","1:1","1000×1000","1600×1600","400KB","expected but not uploaded"
"happymodel-mobula8","ووب 85 مم يقبل بطارية 1S أو 2S","HappyModel Mobula8","HappyModel","size-2","مقاس 2 إنش","مسودة","صورة لكل خيار","happymodel-mobula8:hd","نسخة رقمية — تُطلب بوحدة الفيديو التي تناسب نظّارتك","front","02-front.webp","web/public/assets/store/happymodel-mobula8/hd/02-front.webp","/assets/store/happymodel-mobula8/hd/02-front.webp","اختيارية","من الأمام مباشرة: تُظهر الكاميرا والهوائيات وترتيب المراوح.","ووب 85 مم يقبل بطارية 1S أو 2S — نسخة رقمية — تُطلب بوحدة الفيديو التي تناسب نظّارتك، من الأمام","1:1","1000×1000","1600×1600","400KB","expected but not uploaded"
"happymodel-mobula8","ووب 85 مم يقبل بطارية 1S أو 2S","HappyModel Mobula8","HappyModel","size-2","مقاس 2 إنش","مسودة","صورة لكل خيار","happymodel-mobula8:hd","نسخة رقمية — تُطلب بوحدة الفيديو التي تناسب نظّارتك","side","03-side.webp","web/public/assets/store/happymodel-mobula8/hd/03-side.webp","/assets/store/happymodel-mobula8/hd/03-side.webp","اختيارية","من الجانب: تُظهر الارتفاع وترتيب الطبقات والمنافذ.","ووب 85 مم يقبل بطارية 1S أو 2S — نسخة رقمية — تُطلب بوحدة الفيديو التي تناسب نظّارتك، من الجانب","1:1","1000×1000","1600×1600","400KB","expected but not uploaded"
"happymodel-mobula8","ووب 85 مم يقبل بطارية 1S أو 2S","HappyModel Mobula8","HappyModel","size-2","مقاس 2 إنش","مسودة","صورة لكل خيار","happymodel-mobula8:hd","نسخة رقمية — تُطلب بوحدة الفيديو التي تناسب نظّارتك","top","05-top.webp","web/public/assets/store/happymodel-mobula8/hd/05-top.webp","/assets/store/happymodel-mobula8/hd/05-top.webp","اختيارية","من الأعلى: تُظهر التخطيط العام وأماكن التثبيت.","ووب 85 مم يقبل بطارية 1S أو 2S — نسخة رقمية — تُطلب بوحدة الفيديو التي تناسب نظّارتك، من الأعلى","1:1","1000×1000","1600×1600","400KB","expected but not uploaded"
"happymodel-mobula8","ووب 85 مم يقبل بطارية 1S أو 2S","HappyModel Mobula8","HappyModel","size-2","مقاس 2 إنش","مسودة","صورة لكل خيار","happymodel-mobula8:hd","نسخة رقمية — تُطلب بوحدة الفيديو التي تناسب نظّارتك","box","06-box.webp","web/public/assets/store/happymodel-mobula8/hd/06-box.webp","/assets/store/happymodel-mobula8/hd/06-box.webp","اختيارية","محتويات الصندوق كما تصل فعلاً — لا صورة دعائية.","محتويات صندوق ووب 85 مم يقبل بطارية 1S أو 2S — نسخة رقمية — تُطلب بوحدة الفيديو التي تناسب نظّارتك","1:1","1000×1000","1600×1600","400KB","expected but not uploaded"
"betafpv-pavo25","سينيووب 2.5 إنش يُباع بلا نظام فيديو","BetaFPV Pavo25 V2","BetaFPV","size-2-5","مقاس 2.5 إنش","مسودة","صورة واحدة لكل الخيارات","betafpv-pavo25:standard","الخيار الوحيد","main","01-main.webp","web/public/assets/store/betafpv-pavo25/_shared/01-main.webp","/assets/store/betafpv-pavo25/_shared/01-main.webp","إلزامية","الصورة الرئيسية: المنتج كاملاً على خلفية بيضاء أو فاتحة، بلا قصّ لأي طرف. هذه التي تظهر في بطاقة المتجر.","سينيووب 2.5 إنش يُباع بلا نظام فيديو — الخيار الوحيد","1:1","1000×1000","1600×1600","400KB","expected but not uploaded"
"betafpv-pavo25","سينيووب 2.5 إنش يُباع بلا نظام فيديو","BetaFPV Pavo25 V2","BetaFPV","size-2-5","مقاس 2.5 إنش","مسودة","صورة واحدة لكل الخيارات","betafpv-pavo25:standard","الخيار الوحيد","front","02-front.webp","web/public/assets/store/betafpv-pavo25/_shared/02-front.webp","/assets/store/betafpv-pavo25/_shared/02-front.webp","اختيارية","من الأمام مباشرة: تُظهر الكاميرا والهوائيات وترتيب المراوح.","سينيووب 2.5 إنش يُباع بلا نظام فيديو — الخيار الوحيد، من الأمام","1:1","1000×1000","1600×1600","400KB","expected but not uploaded"
"betafpv-pavo25","سينيووب 2.5 إنش يُباع بلا نظام فيديو","BetaFPV Pavo25 V2","BetaFPV","size-2-5","مقاس 2.5 إنش","مسودة","صورة واحدة لكل الخيارات","betafpv-pavo25:standard","الخيار الوحيد","side","03-side.webp","web/public/assets/store/betafpv-pavo25/_shared/03-side.webp","/assets/store/betafpv-pavo25/_shared/03-side.webp","اختيارية","من الجانب: تُظهر الارتفاع وترتيب الطبقات والمنافذ.","سينيووب 2.5 إنش يُباع بلا نظام فيديو — الخيار الوحيد، من الجانب","1:1","1000×1000","1600×1600","400KB","expected but not uploaded"
"betafpv-pavo25","سينيووب 2.5 إنش يُباع بلا نظام فيديو","BetaFPV Pavo25 V2","BetaFPV","size-2-5","مقاس 2.5 إنش","مسودة","صورة واحدة لكل الخيارات","betafpv-pavo25:standard","الخيار الوحيد","top","05-top.webp","web/public/assets/store/betafpv-pavo25/_shared/05-top.webp","/assets/store/betafpv-pavo25/_shared/05-top.webp","اختيارية","من الأعلى: تُظهر التخطيط العام وأماكن التثبيت.","سينيووب 2.5 إنش يُباع بلا نظام فيديو — الخيار الوحيد، من الأعلى","1:1","1000×1000","1600×1600","400KB","expected but not uploaded"
"betafpv-pavo25","سينيووب 2.5 إنش يُباع بلا نظام فيديو","BetaFPV Pavo25 V2","BetaFPV","size-2-5","مقاس 2.5 إنش","مسودة","صورة واحدة لكل الخيارات","betafpv-pavo25:standard","الخيار الوحيد","box","06-box.webp","web/public/assets/store/betafpv-pavo25/_shared/06-box.webp","/assets/store/betafpv-pavo25/_shared/06-box.webp","اختيارية","محتويات الصندوق كما تصل فعلاً — لا صورة دعائية.","محتويات صندوق سينيووب 2.5 إنش يُباع بلا نظام فيديو — الخيار الوحيد","1:1","1000×1000","1600×1600","400KB","expected but not uploaded"
"geprc-cinebot25","سينيووب 2.5 إنش بوحدة DJI O4 Air Unit Pro","GEPRC Cinebot25 V2","GEPRC","size-2-5","مقاس 2.5 إنش","مسودة","صورة لكل خيار","geprc-cinebot25:o4-pro","نسخة DJI O4 Air Unit Pro","main","01-main.webp","web/public/assets/store/geprc-cinebot25/o4-pro/01-main.webp","/assets/store/geprc-cinebot25/o4-pro/01-main.webp","إلزامية","الصورة الرئيسية: المنتج كاملاً على خلفية بيضاء أو فاتحة، بلا قصّ لأي طرف. هذه التي تظهر في بطاقة المتجر.","سينيووب 2.5 إنش بوحدة DJI O4 Air Unit Pro — نسخة DJI O4 Air Unit Pro","1:1","1000×1000","1600×1600","400KB","expected but not uploaded"
"geprc-cinebot25","سينيووب 2.5 إنش بوحدة DJI O4 Air Unit Pro","GEPRC Cinebot25 V2","GEPRC","size-2-5","مقاس 2.5 إنش","مسودة","صورة لكل خيار","geprc-cinebot25:o4-pro","نسخة DJI O4 Air Unit Pro","front","02-front.webp","web/public/assets/store/geprc-cinebot25/o4-pro/02-front.webp","/assets/store/geprc-cinebot25/o4-pro/02-front.webp","اختيارية","من الأمام مباشرة: تُظهر الكاميرا والهوائيات وترتيب المراوح.","سينيووب 2.5 إنش بوحدة DJI O4 Air Unit Pro — نسخة DJI O4 Air Unit Pro، من الأمام","1:1","1000×1000","1600×1600","400KB","expected but not uploaded"
"geprc-cinebot25","سينيووب 2.5 إنش بوحدة DJI O4 Air Unit Pro","GEPRC Cinebot25 V2","GEPRC","size-2-5","مقاس 2.5 إنش","مسودة","صورة لكل خيار","geprc-cinebot25:o4-pro","نسخة DJI O4 Air Unit Pro","side","03-side.webp","web/public/assets/store/geprc-cinebot25/o4-pro/03-side.webp","/assets/store/geprc-cinebot25/o4-pro/03-side.webp","اختيارية","من الجانب: تُظهر الارتفاع وترتيب الطبقات والمنافذ.","سينيووب 2.5 إنش بوحدة DJI O4 Air Unit Pro — نسخة DJI O4 Air Unit Pro، من الجانب","1:1","1000×1000","1600×1600","400KB","expected but not uploaded"
"geprc-cinebot25","سينيووب 2.5 إنش بوحدة DJI O4 Air Unit Pro","GEPRC Cinebot25 V2","GEPRC","size-2-5","مقاس 2.5 إنش","مسودة","صورة لكل خيار","geprc-cinebot25:o4-pro","نسخة DJI O4 Air Unit Pro","top","05-top.webp","web/public/assets/store/geprc-cinebot25/o4-pro/05-top.webp","/assets/store/geprc-cinebot25/o4-pro/05-top.webp","اختيارية","من الأعلى: تُظهر التخطيط العام وأماكن التثبيت.","سينيووب 2.5 إنش بوحدة DJI O4 Air Unit Pro — نسخة DJI O4 Air Unit Pro، من الأعلى","1:1","1000×1000","1600×1600","400KB","expected but not uploaded"
"geprc-cinebot25","سينيووب 2.5 إنش بوحدة DJI O4 Air Unit Pro","GEPRC Cinebot25 V2","GEPRC","size-2-5","مقاس 2.5 إنش","مسودة","صورة لكل خيار","geprc-cinebot25:o4-pro","نسخة DJI O4 Air Unit Pro","box","06-box.webp","web/public/assets/store/geprc-cinebot25/o4-pro/06-box.webp","/assets/store/geprc-cinebot25/o4-pro/06-box.webp","اختيارية","محتويات الصندوق كما تصل فعلاً — لا صورة دعائية.","محتويات صندوق سينيووب 2.5 إنش بوحدة DJI O4 Air Unit Pro — نسخة DJI O4 Air Unit Pro","1:1","1000×1000","1600×1600","400KB","expected but not uploaded"
"geprc-cinebot25","سينيووب 2.5 إنش بوحدة DJI O4 Air Unit Pro","GEPRC Cinebot25 V2","GEPRC","size-2-5","مقاس 2.5 إنش","مسودة","صورة لكل خيار","geprc-cinebot25:wtfpv","نسخة WTFPV","main","01-main.webp","web/public/assets/store/geprc-cinebot25/wtfpv/01-main.webp","/assets/store/geprc-cinebot25/wtfpv/01-main.webp","إلزامية","الصورة الرئيسية: المنتج كاملاً على خلفية بيضاء أو فاتحة، بلا قصّ لأي طرف. هذه التي تظهر في بطاقة المتجر.","سينيووب 2.5 إنش بوحدة DJI O4 Air Unit Pro — نسخة WTFPV","1:1","1000×1000","1600×1600","400KB","expected but not uploaded"
"geprc-cinebot25","سينيووب 2.5 إنش بوحدة DJI O4 Air Unit Pro","GEPRC Cinebot25 V2","GEPRC","size-2-5","مقاس 2.5 إنش","مسودة","صورة لكل خيار","geprc-cinebot25:wtfpv","نسخة WTFPV","front","02-front.webp","web/public/assets/store/geprc-cinebot25/wtfpv/02-front.webp","/assets/store/geprc-cinebot25/wtfpv/02-front.webp","اختيارية","من الأمام مباشرة: تُظهر الكاميرا والهوائيات وترتيب المراوح.","سينيووب 2.5 إنش بوحدة DJI O4 Air Unit Pro — نسخة WTFPV، من الأمام","1:1","1000×1000","1600×1600","400KB","expected but not uploaded"
"geprc-cinebot25","سينيووب 2.5 إنش بوحدة DJI O4 Air Unit Pro","GEPRC Cinebot25 V2","GEPRC","size-2-5","مقاس 2.5 إنش","مسودة","صورة لكل خيار","geprc-cinebot25:wtfpv","نسخة WTFPV","side","03-side.webp","web/public/assets/store/geprc-cinebot25/wtfpv/03-side.webp","/assets/store/geprc-cinebot25/wtfpv/03-side.webp","اختيارية","من الجانب: تُظهر الارتفاع وترتيب الطبقات والمنافذ.","سينيووب 2.5 إنش بوحدة DJI O4 Air Unit Pro — نسخة WTFPV، من الجانب","1:1","1000×1000","1600×1600","400KB","expected but not uploaded"
"geprc-cinebot25","سينيووب 2.5 إنش بوحدة DJI O4 Air Unit Pro","GEPRC Cinebot25 V2","GEPRC","size-2-5","مقاس 2.5 إنش","مسودة","صورة لكل خيار","geprc-cinebot25:wtfpv","نسخة WTFPV","top","05-top.webp","web/public/assets/store/geprc-cinebot25/wtfpv/05-top.webp","/assets/store/geprc-cinebot25/wtfpv/05-top.webp","اختيارية","من الأعلى: تُظهر التخطيط العام وأماكن التثبيت.","سينيووب 2.5 إنش بوحدة DJI O4 Air Unit Pro — نسخة WTFPV، من الأعلى","1:1","1000×1000","1600×1600","400KB","expected but not uploaded"
"geprc-cinebot25","سينيووب 2.5 إنش بوحدة DJI O4 Air Unit Pro","GEPRC Cinebot25 V2","GEPRC","size-2-5","مقاس 2.5 إنش","مسودة","صورة لكل خيار","geprc-cinebot25:wtfpv","نسخة WTFPV","box","06-box.webp","web/public/assets/store/geprc-cinebot25/wtfpv/06-box.webp","/assets/store/geprc-cinebot25/wtfpv/06-box.webp","اختيارية","محتويات الصندوق كما تصل فعلاً — لا صورة دعائية.","محتويات صندوق سينيووب 2.5 إنش بوحدة DJI O4 Air Unit Pro — نسخة WTFPV","1:1","1000×1000","1600×1600","400KB","expected but not uploaded"
"geprc-cinelog30","سينيووب 3 إنش بزمن طيران معلَن يتجاوز ثماني دقائق","GEPRC Cinelog30 V3","GEPRC","size-3","مقاس 3 إنش","مسودة","صورة لكل خيار","geprc-cinelog30:o4-pro","نسخة DJI O4 Air Unit Pro","main","01-main.webp","web/public/assets/store/geprc-cinelog30/o4-pro/01-main.webp","/assets/store/geprc-cinelog30/o4-pro/01-main.webp","إلزامية","الصورة الرئيسية: المنتج كاملاً على خلفية بيضاء أو فاتحة، بلا قصّ لأي طرف. هذه التي تظهر في بطاقة المتجر.","سينيووب 3 إنش بزمن طيران معلَن يتجاوز ثماني دقائق — نسخة DJI O4 Air Unit Pro","1:1","1000×1000","1600×1600","400KB","expected but not uploaded"
"geprc-cinelog30","سينيووب 3 إنش بزمن طيران معلَن يتجاوز ثماني دقائق","GEPRC Cinelog30 V3","GEPRC","size-3","مقاس 3 إنش","مسودة","صورة لكل خيار","geprc-cinelog30:o4-pro","نسخة DJI O4 Air Unit Pro","front","02-front.webp","web/public/assets/store/geprc-cinelog30/o4-pro/02-front.webp","/assets/store/geprc-cinelog30/o4-pro/02-front.webp","اختيارية","من الأمام مباشرة: تُظهر الكاميرا والهوائيات وترتيب المراوح.","سينيووب 3 إنش بزمن طيران معلَن يتجاوز ثماني دقائق — نسخة DJI O4 Air Unit Pro، من الأمام","1:1","1000×1000","1600×1600","400KB","expected but not uploaded"
"geprc-cinelog30","سينيووب 3 إنش بزمن طيران معلَن يتجاوز ثماني دقائق","GEPRC Cinelog30 V3","GEPRC","size-3","مقاس 3 إنش","مسودة","صورة لكل خيار","geprc-cinelog30:o4-pro","نسخة DJI O4 Air Unit Pro","side","03-side.webp","web/public/assets/store/geprc-cinelog30/o4-pro/03-side.webp","/assets/store/geprc-cinelog30/o4-pro/03-side.webp","اختيارية","من الجانب: تُظهر الارتفاع وترتيب الطبقات والمنافذ.","سينيووب 3 إنش بزمن طيران معلَن يتجاوز ثماني دقائق — نسخة DJI O4 Air Unit Pro، من الجانب","1:1","1000×1000","1600×1600","400KB","expected but not uploaded"
"geprc-cinelog30","سينيووب 3 إنش بزمن طيران معلَن يتجاوز ثماني دقائق","GEPRC Cinelog30 V3","GEPRC","size-3","مقاس 3 إنش","مسودة","صورة لكل خيار","geprc-cinelog30:o4-pro","نسخة DJI O4 Air Unit Pro","top","05-top.webp","web/public/assets/store/geprc-cinelog30/o4-pro/05-top.webp","/assets/store/geprc-cinelog30/o4-pro/05-top.webp","اختيارية","من الأعلى: تُظهر التخطيط العام وأماكن التثبيت.","سينيووب 3 إنش بزمن طيران معلَن يتجاوز ثماني دقائق — نسخة DJI O4 Air Unit Pro، من الأعلى","1:1","1000×1000","1600×1600","400KB","expected but not uploaded"
"geprc-cinelog30","سينيووب 3 إنش بزمن طيران معلَن يتجاوز ثماني دقائق","GEPRC Cinelog30 V3","GEPRC","size-3","مقاس 3 إنش","مسودة","صورة لكل خيار","geprc-cinelog30:o4-pro","نسخة DJI O4 Air Unit Pro","box","06-box.webp","web/public/assets/store/geprc-cinelog30/o4-pro/06-box.webp","/assets/store/geprc-cinelog30/o4-pro/06-box.webp","اختيارية","محتويات الصندوق كما تصل فعلاً — لا صورة دعائية.","محتويات صندوق سينيووب 3 إنش بزمن طيران معلَن يتجاوز ثماني دقائق — نسخة DJI O4 Air Unit Pro","1:1","1000×1000","1600×1600","400KB","expected but not uploaded"
"geprc-cinelog30","سينيووب 3 إنش بزمن طيران معلَن يتجاوز ثماني دقائق","GEPRC Cinelog30 V3","GEPRC","size-3","مقاس 3 إنش","مسودة","صورة لكل خيار","geprc-cinelog30:wtfpv","نسخة WTFPV","main","01-main.webp","web/public/assets/store/geprc-cinelog30/wtfpv/01-main.webp","/assets/store/geprc-cinelog30/wtfpv/01-main.webp","إلزامية","الصورة الرئيسية: المنتج كاملاً على خلفية بيضاء أو فاتحة، بلا قصّ لأي طرف. هذه التي تظهر في بطاقة المتجر.","سينيووب 3 إنش بزمن طيران معلَن يتجاوز ثماني دقائق — نسخة WTFPV","1:1","1000×1000","1600×1600","400KB","expected but not uploaded"
"geprc-cinelog30","سينيووب 3 إنش بزمن طيران معلَن يتجاوز ثماني دقائق","GEPRC Cinelog30 V3","GEPRC","size-3","مقاس 3 إنش","مسودة","صورة لكل خيار","geprc-cinelog30:wtfpv","نسخة WTFPV","front","02-front.webp","web/public/assets/store/geprc-cinelog30/wtfpv/02-front.webp","/assets/store/geprc-cinelog30/wtfpv/02-front.webp","اختيارية","من الأمام مباشرة: تُظهر الكاميرا والهوائيات وترتيب المراوح.","سينيووب 3 إنش بزمن طيران معلَن يتجاوز ثماني دقائق — نسخة WTFPV، من الأمام","1:1","1000×1000","1600×1600","400KB","expected but not uploaded"
"geprc-cinelog30","سينيووب 3 إنش بزمن طيران معلَن يتجاوز ثماني دقائق","GEPRC Cinelog30 V3","GEPRC","size-3","مقاس 3 إنش","مسودة","صورة لكل خيار","geprc-cinelog30:wtfpv","نسخة WTFPV","side","03-side.webp","web/public/assets/store/geprc-cinelog30/wtfpv/03-side.webp","/assets/store/geprc-cinelog30/wtfpv/03-side.webp","اختيارية","من الجانب: تُظهر الارتفاع وترتيب الطبقات والمنافذ.","سينيووب 3 إنش بزمن طيران معلَن يتجاوز ثماني دقائق — نسخة WTFPV، من الجانب","1:1","1000×1000","1600×1600","400KB","expected but not uploaded"
"geprc-cinelog30","سينيووب 3 إنش بزمن طيران معلَن يتجاوز ثماني دقائق","GEPRC Cinelog30 V3","GEPRC","size-3","مقاس 3 إنش","مسودة","صورة لكل خيار","geprc-cinelog30:wtfpv","نسخة WTFPV","top","05-top.webp","web/public/assets/store/geprc-cinelog30/wtfpv/05-top.webp","/assets/store/geprc-cinelog30/wtfpv/05-top.webp","اختيارية","من الأعلى: تُظهر التخطيط العام وأماكن التثبيت.","سينيووب 3 إنش بزمن طيران معلَن يتجاوز ثماني دقائق — نسخة WTFPV، من الأعلى","1:1","1000×1000","1600×1600","400KB","expected but not uploaded"
"geprc-cinelog30","سينيووب 3 إنش بزمن طيران معلَن يتجاوز ثماني دقائق","GEPRC Cinelog30 V3","GEPRC","size-3","مقاس 3 إنش","مسودة","صورة لكل خيار","geprc-cinelog30:wtfpv","نسخة WTFPV","box","06-box.webp","web/public/assets/store/geprc-cinelog30/wtfpv/06-box.webp","/assets/store/geprc-cinelog30/wtfpv/06-box.webp","اختيارية","محتويات الصندوق كما تصل فعلاً — لا صورة دعائية.","محتويات صندوق سينيووب 3 إنش بزمن طيران معلَن يتجاوز ثماني دقائق — نسخة WTFPV","1:1","1000×1000","1600×1600","400KB","expected but not uploaded"
"geprc-cinebot30","طائرة تصوير 3 إنش بمراوح مكشوفة","GEPRC Cinebot30","GEPRC","size-3","مقاس 3 إنش","مسودة","صورة لكل خيار","geprc-cinebot30:analog","نسخة تماثلية","main","01-main.webp","web/public/assets/store/geprc-cinebot30/analog/01-main.webp","/assets/store/geprc-cinebot30/analog/01-main.webp","إلزامية","الصورة الرئيسية: المنتج كاملاً على خلفية بيضاء أو فاتحة، بلا قصّ لأي طرف. هذه التي تظهر في بطاقة المتجر.","طائرة تصوير 3 إنش بمراوح مكشوفة — نسخة تماثلية","1:1","1000×1000","1600×1600","400KB","expected but not uploaded"
"geprc-cinebot30","طائرة تصوير 3 إنش بمراوح مكشوفة","GEPRC Cinebot30","GEPRC","size-3","مقاس 3 إنش","مسودة","صورة لكل خيار","geprc-cinebot30:analog","نسخة تماثلية","front","02-front.webp","web/public/assets/store/geprc-cinebot30/analog/02-front.webp","/assets/store/geprc-cinebot30/analog/02-front.webp","اختيارية","من الأمام مباشرة: تُظهر الكاميرا والهوائيات وترتيب المراوح.","طائرة تصوير 3 إنش بمراوح مكشوفة — نسخة تماثلية، من الأمام","1:1","1000×1000","1600×1600","400KB","expected but not uploaded"
"geprc-cinebot30","طائرة تصوير 3 إنش بمراوح مكشوفة","GEPRC Cinebot30","GEPRC","size-3","مقاس 3 إنش","مسودة","صورة لكل خيار","geprc-cinebot30:analog","نسخة تماثلية","side","03-side.webp","web/public/assets/store/geprc-cinebot30/analog/03-side.webp","/assets/store/geprc-cinebot30/analog/03-side.webp","اختيارية","من الجانب: تُظهر الارتفاع وترتيب الطبقات والمنافذ.","طائرة تصوير 3 إنش بمراوح مكشوفة — نسخة تماثلية، من الجانب","1:1","1000×1000","1600×1600","400KB","expected but not uploaded"
"geprc-cinebot30","طائرة تصوير 3 إنش بمراوح مكشوفة","GEPRC Cinebot30","GEPRC","size-3","مقاس 3 إنش","مسودة","صورة لكل خيار","geprc-cinebot30:analog","نسخة تماثلية","top","05-top.webp","web/public/assets/store/geprc-cinebot30/analog/05-top.webp","/assets/store/geprc-cinebot30/analog/05-top.webp","اختيارية","من الأعلى: تُظهر التخطيط العام وأماكن التثبيت.","طائرة تصوير 3 إنش بمراوح مكشوفة — نسخة تماثلية، من الأعلى","1:1","1000×1000","1600×1600","400KB","expected but not uploaded"
"geprc-cinebot30","طائرة تصوير 3 إنش بمراوح مكشوفة","GEPRC Cinebot30","GEPRC","size-3","مقاس 3 إنش","مسودة","صورة لكل خيار","geprc-cinebot30:analog","نسخة تماثلية","box","06-box.webp","web/public/assets/store/geprc-cinebot30/analog/06-box.webp","/assets/store/geprc-cinebot30/analog/06-box.webp","اختيارية","محتويات الصندوق كما تصل فعلاً — لا صورة دعائية.","محتويات صندوق طائرة تصوير 3 إنش بمراوح مكشوفة — نسخة تماثلية","1:1","1000×1000","1600×1600","400KB","expected but not uploaded"
"geprc-cinebot30","طائرة تصوير 3 إنش بمراوح مكشوفة","GEPRC Cinebot30","GEPRC","size-3","مقاس 3 إنش","مسودة","صورة لكل خيار","geprc-cinebot30:hd-o3","نسخة DJI O3","main","01-main.webp","web/public/assets/store/geprc-cinebot30/hd-o3/01-main.webp","/assets/store/geprc-cinebot30/hd-o3/01-main.webp","إلزامية","الصورة الرئيسية: المنتج كاملاً على خلفية بيضاء أو فاتحة، بلا قصّ لأي طرف. هذه التي تظهر في بطاقة المتجر.","طائرة تصوير 3 إنش بمراوح مكشوفة — نسخة DJI O3","1:1","1000×1000","1600×1600","400KB","expected but not uploaded"
"geprc-cinebot30","طائرة تصوير 3 إنش بمراوح مكشوفة","GEPRC Cinebot30","GEPRC","size-3","مقاس 3 إنش","مسودة","صورة لكل خيار","geprc-cinebot30:hd-o3","نسخة DJI O3","front","02-front.webp","web/public/assets/store/geprc-cinebot30/hd-o3/02-front.webp","/assets/store/geprc-cinebot30/hd-o3/02-front.webp","اختيارية","من الأمام مباشرة: تُظهر الكاميرا والهوائيات وترتيب المراوح.","طائرة تصوير 3 إنش بمراوح مكشوفة — نسخة DJI O3، من الأمام","1:1","1000×1000","1600×1600","400KB","expected but not uploaded"
"geprc-cinebot30","طائرة تصوير 3 إنش بمراوح مكشوفة","GEPRC Cinebot30","GEPRC","size-3","مقاس 3 إنش","مسودة","صورة لكل خيار","geprc-cinebot30:hd-o3","نسخة DJI O3","side","03-side.webp","web/public/assets/store/geprc-cinebot30/hd-o3/03-side.webp","/assets/store/geprc-cinebot30/hd-o3/03-side.webp","اختيارية","من الجانب: تُظهر الارتفاع وترتيب الطبقات والمنافذ.","طائرة تصوير 3 إنش بمراوح مكشوفة — نسخة DJI O3، من الجانب","1:1","1000×1000","1600×1600","400KB","expected but not uploaded"
"geprc-cinebot30","طائرة تصوير 3 إنش بمراوح مكشوفة","GEPRC Cinebot30","GEPRC","size-3","مقاس 3 إنش","مسودة","صورة لكل خيار","geprc-cinebot30:hd-o3","نسخة DJI O3","top","05-top.webp","web/public/assets/store/geprc-cinebot30/hd-o3/05-top.webp","/assets/store/geprc-cinebot30/hd-o3/05-top.webp","اختيارية","من الأعلى: تُظهر التخطيط العام وأماكن التثبيت.","طائرة تصوير 3 إنش بمراوح مكشوفة — نسخة DJI O3، من الأعلى","1:1","1000×1000","1600×1600","400KB","expected but not uploaded"
"geprc-cinebot30","طائرة تصوير 3 إنش بمراوح مكشوفة","GEPRC Cinebot30","GEPRC","size-3","مقاس 3 إنش","مسودة","صورة لكل خيار","geprc-cinebot30:hd-o3","نسخة DJI O3","box","06-box.webp","web/public/assets/store/geprc-cinebot30/hd-o3/06-box.webp","/assets/store/geprc-cinebot30/hd-o3/06-box.webp","اختيارية","محتويات الصندوق كما تصل فعلاً — لا صورة دعائية.","محتويات صندوق طائرة تصوير 3 إنش بمراوح مكشوفة — نسخة DJI O3","1:1","1000×1000","1600×1600","400KB","expected but not uploaded"
"geprc-cinebot30","طائرة تصوير 3 إنش بمراوح مكشوفة","GEPRC Cinebot30","GEPRC","size-3","مقاس 3 إنش","مسودة","صورة لكل خيار","geprc-cinebot30:hd-wasp","نسخة RunCam Link Wasp","main","01-main.webp","web/public/assets/store/geprc-cinebot30/hd-wasp/01-main.webp","/assets/store/geprc-cinebot30/hd-wasp/01-main.webp","إلزامية","الصورة الرئيسية: المنتج كاملاً على خلفية بيضاء أو فاتحة، بلا قصّ لأي طرف. هذه التي تظهر في بطاقة المتجر.","طائرة تصوير 3 إنش بمراوح مكشوفة — نسخة RunCam Link Wasp","1:1","1000×1000","1600×1600","400KB","expected but not uploaded"
"geprc-cinebot30","طائرة تصوير 3 إنش بمراوح مكشوفة","GEPRC Cinebot30","GEPRC","size-3","مقاس 3 إنش","مسودة","صورة لكل خيار","geprc-cinebot30:hd-wasp","نسخة RunCam Link Wasp","front","02-front.webp","web/public/assets/store/geprc-cinebot30/hd-wasp/02-front.webp","/assets/store/geprc-cinebot30/hd-wasp/02-front.webp","اختيارية","من الأمام مباشرة: تُظهر الكاميرا والهوائيات وترتيب المراوح.","طائرة تصوير 3 إنش بمراوح مكشوفة — نسخة RunCam Link Wasp، من الأمام","1:1","1000×1000","1600×1600","400KB","expected but not uploaded"
"geprc-cinebot30","طائرة تصوير 3 إنش بمراوح مكشوفة","GEPRC Cinebot30","GEPRC","size-3","مقاس 3 إنش","مسودة","صورة لكل خيار","geprc-cinebot30:hd-wasp","نسخة RunCam Link Wasp","side","03-side.webp","web/public/assets/store/geprc-cinebot30/hd-wasp/03-side.webp","/assets/store/geprc-cinebot30/hd-wasp/03-side.webp","اختيارية","من الجانب: تُظهر الارتفاع وترتيب الطبقات والمنافذ.","طائرة تصوير 3 إنش بمراوح مكشوفة — نسخة RunCam Link Wasp، من الجانب","1:1","1000×1000","1600×1600","400KB","expected but not uploaded"
"geprc-cinebot30","طائرة تصوير 3 إنش بمراوح مكشوفة","GEPRC Cinebot30","GEPRC","size-3","مقاس 3 إنش","مسودة","صورة لكل خيار","geprc-cinebot30:hd-wasp","نسخة RunCam Link Wasp","top","05-top.webp","web/public/assets/store/geprc-cinebot30/hd-wasp/05-top.webp","/assets/store/geprc-cinebot30/hd-wasp/05-top.webp","اختيارية","من الأعلى: تُظهر التخطيط العام وأماكن التثبيت.","طائرة تصوير 3 إنش بمراوح مكشوفة — نسخة RunCam Link Wasp، من الأعلى","1:1","1000×1000","1600×1600","400KB","expected but not uploaded"
"geprc-cinebot30","طائرة تصوير 3 إنش بمراوح مكشوفة","GEPRC Cinebot30","GEPRC","size-3","مقاس 3 إنش","مسودة","صورة لكل خيار","geprc-cinebot30:hd-wasp","نسخة RunCam Link Wasp","box","06-box.webp","web/public/assets/store/geprc-cinebot30/hd-wasp/06-box.webp","/assets/store/geprc-cinebot30/hd-wasp/06-box.webp","اختيارية","محتويات الصندوق كما تصل فعلاً — لا صورة دعائية.","محتويات صندوق طائرة تصوير 3 إنش بمراوح مكشوفة — نسخة RunCam Link Wasp","1:1","1000×1000","1600×1600","400KB","expected but not uploaded"
"betafpv-pavo30","أوّل ووب دافع بمقاس ثلاث إنشات","BetaFPV Pavo30","BetaFPV","size-3","مقاس 3 إنش","مسودة","صورة لكل خيار","betafpv-pavo30:analog","نسخة تماثلية","main","01-main.webp","web/public/assets/store/betafpv-pavo30/analog/01-main.webp","/assets/store/betafpv-pavo30/analog/01-main.webp","إلزامية","الصورة الرئيسية: المنتج كاملاً على خلفية بيضاء أو فاتحة، بلا قصّ لأي طرف. هذه التي تظهر في بطاقة المتجر.","أوّل ووب دافع بمقاس ثلاث إنشات — نسخة تماثلية","1:1","1000×1000","1600×1600","400KB","expected but not uploaded"
"betafpv-pavo30","أوّل ووب دافع بمقاس ثلاث إنشات","BetaFPV Pavo30","BetaFPV","size-3","مقاس 3 إنش","مسودة","صورة لكل خيار","betafpv-pavo30:analog","نسخة تماثلية","front","02-front.webp","web/public/assets/store/betafpv-pavo30/analog/02-front.webp","/assets/store/betafpv-pavo30/analog/02-front.webp","اختيارية","من الأمام مباشرة: تُظهر الكاميرا والهوائيات وترتيب المراوح.","أوّل ووب دافع بمقاس ثلاث إنشات — نسخة تماثلية، من الأمام","1:1","1000×1000","1600×1600","400KB","expected but not uploaded"
"betafpv-pavo30","أوّل ووب دافع بمقاس ثلاث إنشات","BetaFPV Pavo30","BetaFPV","size-3","مقاس 3 إنش","مسودة","صورة لكل خيار","betafpv-pavo30:analog","نسخة تماثلية","side","03-side.webp","web/public/assets/store/betafpv-pavo30/analog/03-side.webp","/assets/store/betafpv-pavo30/analog/03-side.webp","اختيارية","من الجانب: تُظهر الارتفاع وترتيب الطبقات والمنافذ.","أوّل ووب دافع بمقاس ثلاث إنشات — نسخة تماثلية، من الجانب","1:1","1000×1000","1600×1600","400KB","expected but not uploaded"
"betafpv-pavo30","أوّل ووب دافع بمقاس ثلاث إنشات","BetaFPV Pavo30","BetaFPV","size-3","مقاس 3 إنش","مسودة","صورة لكل خيار","betafpv-pavo30:analog","نسخة تماثلية","top","05-top.webp","web/public/assets/store/betafpv-pavo30/analog/05-top.webp","/assets/store/betafpv-pavo30/analog/05-top.webp","اختيارية","من الأعلى: تُظهر التخطيط العام وأماكن التثبيت.","أوّل ووب دافع بمقاس ثلاث إنشات — نسخة تماثلية، من الأعلى","1:1","1000×1000","1600×1600","400KB","expected but not uploaded"
"betafpv-pavo30","أوّل ووب دافع بمقاس ثلاث إنشات","BetaFPV Pavo30","BetaFPV","size-3","مقاس 3 إنش","مسودة","صورة لكل خيار","betafpv-pavo30:analog","نسخة تماثلية","box","06-box.webp","web/public/assets/store/betafpv-pavo30/analog/06-box.webp","/assets/store/betafpv-pavo30/analog/06-box.webp","اختيارية","محتويات الصندوق كما تصل فعلاً — لا صورة دعائية.","محتويات صندوق أوّل ووب دافع بمقاس ثلاث إنشات — نسخة تماثلية","1:1","1000×1000","1600×1600","400KB","expected but not uploaded"
"betafpv-pavo30","أوّل ووب دافع بمقاس ثلاث إنشات","BetaFPV Pavo30","BetaFPV","size-3","مقاس 3 إنش","مسودة","صورة لكل خيار","betafpv-pavo30:hd","نسخة رقمية","main","01-main.webp","web/public/assets/store/betafpv-pavo30/hd/01-main.webp","/assets/store/betafpv-pavo30/hd/01-main.webp","إلزامية","الصورة الرئيسية: المنتج كاملاً على خلفية بيضاء أو فاتحة، بلا قصّ لأي طرف. هذه التي تظهر في بطاقة المتجر.","أوّل ووب دافع بمقاس ثلاث إنشات — نسخة رقمية","1:1","1000×1000","1600×1600","400KB","expected but not uploaded"
"betafpv-pavo30","أوّل ووب دافع بمقاس ثلاث إنشات","BetaFPV Pavo30","BetaFPV","size-3","مقاس 3 إنش","مسودة","صورة لكل خيار","betafpv-pavo30:hd","نسخة رقمية","front","02-front.webp","web/public/assets/store/betafpv-pavo30/hd/02-front.webp","/assets/store/betafpv-pavo30/hd/02-front.webp","اختيارية","من الأمام مباشرة: تُظهر الكاميرا والهوائيات وترتيب المراوح.","أوّل ووب دافع بمقاس ثلاث إنشات — نسخة رقمية، من الأمام","1:1","1000×1000","1600×1600","400KB","expected but not uploaded"
"betafpv-pavo30","أوّل ووب دافع بمقاس ثلاث إنشات","BetaFPV Pavo30","BetaFPV","size-3","مقاس 3 إنش","مسودة","صورة لكل خيار","betafpv-pavo30:hd","نسخة رقمية","side","03-side.webp","web/public/assets/store/betafpv-pavo30/hd/03-side.webp","/assets/store/betafpv-pavo30/hd/03-side.webp","اختيارية","من الجانب: تُظهر الارتفاع وترتيب الطبقات والمنافذ.","أوّل ووب دافع بمقاس ثلاث إنشات — نسخة رقمية، من الجانب","1:1","1000×1000","1600×1600","400KB","expected but not uploaded"
"betafpv-pavo30","أوّل ووب دافع بمقاس ثلاث إنشات","BetaFPV Pavo30","BetaFPV","size-3","مقاس 3 إنش","مسودة","صورة لكل خيار","betafpv-pavo30:hd","نسخة رقمية","top","05-top.webp","web/public/assets/store/betafpv-pavo30/hd/05-top.webp","/assets/store/betafpv-pavo30/hd/05-top.webp","اختيارية","من الأعلى: تُظهر التخطيط العام وأماكن التثبيت.","أوّل ووب دافع بمقاس ثلاث إنشات — نسخة رقمية، من الأعلى","1:1","1000×1000","1600×1600","400KB","expected but not uploaded"
"betafpv-pavo30","أوّل ووب دافع بمقاس ثلاث إنشات","BetaFPV Pavo30","BetaFPV","size-3","مقاس 3 إنش","مسودة","صورة لكل خيار","betafpv-pavo30:hd","نسخة رقمية","box","06-box.webp","web/public/assets/store/betafpv-pavo30/hd/06-box.webp","/assets/store/betafpv-pavo30/hd/06-box.webp","اختيارية","محتويات الصندوق كما تصل فعلاً — لا صورة دعائية.","محتويات صندوق أوّل ووب دافع بمقاس ثلاث إنشات — نسخة رقمية","1:1","1000×1000","1600×1600","400KB","expected but not uploaded"
"geprc-domain36","فريستايل 3.6 إنش بمحرّكات مقاس الخمسة","GEPRC DoMain3.6","GEPRC","size-3-5","مقاس 3.5 – 4 إنش","مسودة","صورة لكل خيار","geprc-domain36:analog","نسخة تماثلية بكاميرا RunCam Phoenix 2","main","01-main.webp","web/public/assets/store/geprc-domain36/analog/01-main.webp","/assets/store/geprc-domain36/analog/01-main.webp","إلزامية","الصورة الرئيسية: المنتج كاملاً على خلفية بيضاء أو فاتحة، بلا قصّ لأي طرف. هذه التي تظهر في بطاقة المتجر.","فريستايل 3.6 إنش بمحرّكات مقاس الخمسة — نسخة تماثلية بكاميرا RunCam Phoenix 2","1:1","1000×1000","1600×1600","400KB","expected but not uploaded"
"geprc-domain36","فريستايل 3.6 إنش بمحرّكات مقاس الخمسة","GEPRC DoMain3.6","GEPRC","size-3-5","مقاس 3.5 – 4 إنش","مسودة","صورة لكل خيار","geprc-domain36:analog","نسخة تماثلية بكاميرا RunCam Phoenix 2","front","02-front.webp","web/public/assets/store/geprc-domain36/analog/02-front.webp","/assets/store/geprc-domain36/analog/02-front.webp","اختيارية","من الأمام مباشرة: تُظهر الكاميرا والهوائيات وترتيب المراوح.","فريستايل 3.6 إنش بمحرّكات مقاس الخمسة — نسخة تماثلية بكاميرا RunCam Phoenix 2، من الأمام","1:1","1000×1000","1600×1600","400KB","expected but not uploaded"
"geprc-domain36","فريستايل 3.6 إنش بمحرّكات مقاس الخمسة","GEPRC DoMain3.6","GEPRC","size-3-5","مقاس 3.5 – 4 إنش","مسودة","صورة لكل خيار","geprc-domain36:analog","نسخة تماثلية بكاميرا RunCam Phoenix 2","side","03-side.webp","web/public/assets/store/geprc-domain36/analog/03-side.webp","/assets/store/geprc-domain36/analog/03-side.webp","اختيارية","من الجانب: تُظهر الارتفاع وترتيب الطبقات والمنافذ.","فريستايل 3.6 إنش بمحرّكات مقاس الخمسة — نسخة تماثلية بكاميرا RunCam Phoenix 2، من الجانب","1:1","1000×1000","1600×1600","400KB","expected but not uploaded"
"geprc-domain36","فريستايل 3.6 إنش بمحرّكات مقاس الخمسة","GEPRC DoMain3.6","GEPRC","size-3-5","مقاس 3.5 – 4 إنش","مسودة","صورة لكل خيار","geprc-domain36:analog","نسخة تماثلية بكاميرا RunCam Phoenix 2","top","05-top.webp","web/public/assets/store/geprc-domain36/analog/05-top.webp","/assets/store/geprc-domain36/analog/05-top.webp","اختيارية","من الأعلى: تُظهر التخطيط العام وأماكن التثبيت.","فريستايل 3.6 إنش بمحرّكات مقاس الخمسة — نسخة تماثلية بكاميرا RunCam Phoenix 2، من الأعلى","1:1","1000×1000","1600×1600","400KB","expected but not uploaded"
"geprc-domain36","فريستايل 3.6 إنش بمحرّكات مقاس الخمسة","GEPRC DoMain3.6","GEPRC","size-3-5","مقاس 3.5 – 4 إنش","مسودة","صورة لكل خيار","geprc-domain36:analog","نسخة تماثلية بكاميرا RunCam Phoenix 2","box","06-box.webp","web/public/assets/store/geprc-domain36/analog/06-box.webp","/assets/store/geprc-domain36/analog/06-box.webp","اختيارية","محتويات الصندوق كما تصل فعلاً — لا صورة دعائية.","محتويات صندوق فريستايل 3.6 إنش بمحرّكات مقاس الخمسة — نسخة تماثلية بكاميرا RunCam Phoenix 2","1:1","1000×1000","1600×1600","400KB","expected but not uploaded"
"geprc-domain36","فريستايل 3.6 إنش بمحرّكات مقاس الخمسة","GEPRC DoMain3.6","GEPRC","size-3-5","مقاس 3.5 – 4 إنش","مسودة","صورة لكل خيار","geprc-domain36:hd-o3","نسخة DJI O3","main","01-main.webp","web/public/assets/store/geprc-domain36/hd-o3/01-main.webp","/assets/store/geprc-domain36/hd-o3/01-main.webp","إلزامية","الصورة الرئيسية: المنتج كاملاً على خلفية بيضاء أو فاتحة، بلا قصّ لأي طرف. هذه التي تظهر في بطاقة المتجر.","فريستايل 3.6 إنش بمحرّكات مقاس الخمسة — نسخة DJI O3","1:1","1000×1000","1600×1600","400KB","expected but not uploaded"
"geprc-domain36","فريستايل 3.6 إنش بمحرّكات مقاس الخمسة","GEPRC DoMain3.6","GEPRC","size-3-5","مقاس 3.5 – 4 إنش","مسودة","صورة لكل خيار","geprc-domain36:hd-o3","نسخة DJI O3","front","02-front.webp","web/public/assets/store/geprc-domain36/hd-o3/02-front.webp","/assets/store/geprc-domain36/hd-o3/02-front.webp","اختيارية","من الأمام مباشرة: تُظهر الكاميرا والهوائيات وترتيب المراوح.","فريستايل 3.6 إنش بمحرّكات مقاس الخمسة — نسخة DJI O3، من الأمام","1:1","1000×1000","1600×1600","400KB","expected but not uploaded"
"geprc-domain36","فريستايل 3.6 إنش بمحرّكات مقاس الخمسة","GEPRC DoMain3.6","GEPRC","size-3-5","مقاس 3.5 – 4 إنش","مسودة","صورة لكل خيار","geprc-domain36:hd-o3","نسخة DJI O3","side","03-side.webp","web/public/assets/store/geprc-domain36/hd-o3/03-side.webp","/assets/store/geprc-domain36/hd-o3/03-side.webp","اختيارية","من الجانب: تُظهر الارتفاع وترتيب الطبقات والمنافذ.","فريستايل 3.6 إنش بمحرّكات مقاس الخمسة — نسخة DJI O3، من الجانب","1:1","1000×1000","1600×1600","400KB","expected but not uploaded"
"geprc-domain36","فريستايل 3.6 إنش بمحرّكات مقاس الخمسة","GEPRC DoMain3.6","GEPRC","size-3-5","مقاس 3.5 – 4 إنش","مسودة","صورة لكل خيار","geprc-domain36:hd-o3","نسخة DJI O3","top","05-top.webp","web/public/assets/store/geprc-domain36/hd-o3/05-top.webp","/assets/store/geprc-domain36/hd-o3/05-top.webp","اختيارية","من الأعلى: تُظهر التخطيط العام وأماكن التثبيت.","فريستايل 3.6 إنش بمحرّكات مقاس الخمسة — نسخة DJI O3، من الأعلى","1:1","1000×1000","1600×1600","400KB","expected but not uploaded"
"geprc-domain36","فريستايل 3.6 إنش بمحرّكات مقاس الخمسة","GEPRC DoMain3.6","GEPRC","size-3-5","مقاس 3.5 – 4 إنش","مسودة","صورة لكل خيار","geprc-domain36:hd-o3","نسخة DJI O3","box","06-box.webp","web/public/assets/store/geprc-domain36/hd-o3/06-box.webp","/assets/store/geprc-domain36/hd-o3/06-box.webp","اختيارية","محتويات الصندوق كما تصل فعلاً — لا صورة دعائية.","محتويات صندوق فريستايل 3.6 إنش بمحرّكات مقاس الخمسة — نسخة DJI O3","1:1","1000×1000","1600×1600","400KB","expected but not uploaded"
"geprc-domain36","فريستايل 3.6 إنش بمحرّكات مقاس الخمسة","GEPRC DoMain3.6","GEPRC","size-3-5","مقاس 3.5 – 4 إنش","مسودة","صورة لكل خيار","geprc-domain36:wtfpv","نسخة WTFPV","main","01-main.webp","web/public/assets/store/geprc-domain36/wtfpv/01-main.webp","/assets/store/geprc-domain36/wtfpv/01-main.webp","إلزامية","الصورة الرئيسية: المنتج كاملاً على خلفية بيضاء أو فاتحة، بلا قصّ لأي طرف. هذه التي تظهر في بطاقة المتجر.","فريستايل 3.6 إنش بمحرّكات مقاس الخمسة — نسخة WTFPV","1:1","1000×1000","1600×1600","400KB","expected but not uploaded"
"geprc-domain36","فريستايل 3.6 إنش بمحرّكات مقاس الخمسة","GEPRC DoMain3.6","GEPRC","size-3-5","مقاس 3.5 – 4 إنش","مسودة","صورة لكل خيار","geprc-domain36:wtfpv","نسخة WTFPV","front","02-front.webp","web/public/assets/store/geprc-domain36/wtfpv/02-front.webp","/assets/store/geprc-domain36/wtfpv/02-front.webp","اختيارية","من الأمام مباشرة: تُظهر الكاميرا والهوائيات وترتيب المراوح.","فريستايل 3.6 إنش بمحرّكات مقاس الخمسة — نسخة WTFPV، من الأمام","1:1","1000×1000","1600×1600","400KB","expected but not uploaded"
"geprc-domain36","فريستايل 3.6 إنش بمحرّكات مقاس الخمسة","GEPRC DoMain3.6","GEPRC","size-3-5","مقاس 3.5 – 4 إنش","مسودة","صورة لكل خيار","geprc-domain36:wtfpv","نسخة WTFPV","side","03-side.webp","web/public/assets/store/geprc-domain36/wtfpv/03-side.webp","/assets/store/geprc-domain36/wtfpv/03-side.webp","اختيارية","من الجانب: تُظهر الارتفاع وترتيب الطبقات والمنافذ.","فريستايل 3.6 إنش بمحرّكات مقاس الخمسة — نسخة WTFPV، من الجانب","1:1","1000×1000","1600×1600","400KB","expected but not uploaded"
"geprc-domain36","فريستايل 3.6 إنش بمحرّكات مقاس الخمسة","GEPRC DoMain3.6","GEPRC","size-3-5","مقاس 3.5 – 4 إنش","مسودة","صورة لكل خيار","geprc-domain36:wtfpv","نسخة WTFPV","top","05-top.webp","web/public/assets/store/geprc-domain36/wtfpv/05-top.webp","/assets/store/geprc-domain36/wtfpv/05-top.webp","اختيارية","من الأعلى: تُظهر التخطيط العام وأماكن التثبيت.","فريستايل 3.6 إنش بمحرّكات مقاس الخمسة — نسخة WTFPV، من الأعلى","1:1","1000×1000","1600×1600","400KB","expected but not uploaded"
"geprc-domain36","فريستايل 3.6 إنش بمحرّكات مقاس الخمسة","GEPRC DoMain3.6","GEPRC","size-3-5","مقاس 3.5 – 4 إنش","مسودة","صورة لكل خيار","geprc-domain36:wtfpv","نسخة WTFPV","box","06-box.webp","web/public/assets/store/geprc-domain36/wtfpv/06-box.webp","/assets/store/geprc-domain36/wtfpv/06-box.webp","اختيارية","محتويات الصندوق كما تصل فعلاً — لا صورة دعائية.","محتويات صندوق فريستايل 3.6 إنش بمحرّكات مقاس الخمسة — نسخة WTFPV","1:1","1000×1000","1600×1600","400KB","expected but not uploaded"
"iflight-nazgul-evoque-f4","أربع إنشات بهيكلَين مختلفَين — X أو DeadCat","iFlight Nazgul Evoque F4","iFlight","size-3-5","مقاس 3.5 – 4 إنش","مسودة","صورة واحدة لكل الخيارات","iflight-nazgul-evoque-f4:f4x-o3","هيكل F4X — X مضغوط، وحدة DJI O3","main","01-main.webp","web/public/assets/store/iflight-nazgul-evoque-f4/_shared/01-main.webp","/assets/store/iflight-nazgul-evoque-f4/_shared/01-main.webp","إلزامية","الصورة الرئيسية: المنتج كاملاً على خلفية بيضاء أو فاتحة، بلا قصّ لأي طرف. هذه التي تظهر في بطاقة المتجر.","أربع إنشات بهيكلَين مختلفَين — X أو DeadCat — هيكل F4X — X مضغوط، وحدة DJI O3","1:1","1000×1000","1600×1600","400KB","expected but not uploaded"
"iflight-nazgul-evoque-f4","أربع إنشات بهيكلَين مختلفَين — X أو DeadCat","iFlight Nazgul Evoque F4","iFlight","size-3-5","مقاس 3.5 – 4 إنش","مسودة","صورة واحدة لكل الخيارات","iflight-nazgul-evoque-f4:f4x-o3","هيكل F4X — X مضغوط، وحدة DJI O3","front","02-front.webp","web/public/assets/store/iflight-nazgul-evoque-f4/_shared/02-front.webp","/assets/store/iflight-nazgul-evoque-f4/_shared/02-front.webp","اختيارية","من الأمام مباشرة: تُظهر الكاميرا والهوائيات وترتيب المراوح.","أربع إنشات بهيكلَين مختلفَين — X أو DeadCat — هيكل F4X — X مضغوط، وحدة DJI O3، من الأمام","1:1","1000×1000","1600×1600","400KB","expected but not uploaded"
"iflight-nazgul-evoque-f4","أربع إنشات بهيكلَين مختلفَين — X أو DeadCat","iFlight Nazgul Evoque F4","iFlight","size-3-5","مقاس 3.5 – 4 إنش","مسودة","صورة واحدة لكل الخيارات","iflight-nazgul-evoque-f4:f4x-o3","هيكل F4X — X مضغوط، وحدة DJI O3","side","03-side.webp","web/public/assets/store/iflight-nazgul-evoque-f4/_shared/03-side.webp","/assets/store/iflight-nazgul-evoque-f4/_shared/03-side.webp","اختيارية","من الجانب: تُظهر الارتفاع وترتيب الطبقات والمنافذ.","أربع إنشات بهيكلَين مختلفَين — X أو DeadCat — هيكل F4X — X مضغوط، وحدة DJI O3، من الجانب","1:1","1000×1000","1600×1600","400KB","expected but not uploaded"
"iflight-nazgul-evoque-f4","أربع إنشات بهيكلَين مختلفَين — X أو DeadCat","iFlight Nazgul Evoque F4","iFlight","size-3-5","مقاس 3.5 – 4 إنش","مسودة","صورة واحدة لكل الخيارات","iflight-nazgul-evoque-f4:f4x-o3","هيكل F4X — X مضغوط، وحدة DJI O3","top","05-top.webp","web/public/assets/store/iflight-nazgul-evoque-f4/_shared/05-top.webp","/assets/store/iflight-nazgul-evoque-f4/_shared/05-top.webp","اختيارية","من الأعلى: تُظهر التخطيط العام وأماكن التثبيت.","أربع إنشات بهيكلَين مختلفَين — X أو DeadCat — هيكل F4X — X مضغوط، وحدة DJI O3، من الأعلى","1:1","1000×1000","1600×1600","400KB","expected but not uploaded"
"iflight-nazgul-evoque-f4","أربع إنشات بهيكلَين مختلفَين — X أو DeadCat","iFlight Nazgul Evoque F4","iFlight","size-3-5","مقاس 3.5 – 4 إنش","مسودة","صورة واحدة لكل الخيارات","iflight-nazgul-evoque-f4:f4x-o3","هيكل F4X — X مضغوط، وحدة DJI O3","box","06-box.webp","web/public/assets/store/iflight-nazgul-evoque-f4/_shared/06-box.webp","/assets/store/iflight-nazgul-evoque-f4/_shared/06-box.webp","اختيارية","محتويات الصندوق كما تصل فعلاً — لا صورة دعائية.","محتويات صندوق أربع إنشات بهيكلَين مختلفَين — X أو DeadCat — هيكل F4X — X مضغوط، وحدة DJI O3","1:1","1000×1000","1600×1600","400KB","expected but not uploaded"
"geprc-crocodile7","سبع إنشات بمسافة 315 مم بين المحرّكات","GEPRC Crocodile 7 PRO","GEPRC","size-7","مقاس 7 إنش","مسودة","صورة واحدة لكل الخيارات","geprc-crocodile7:standard","الخيار الوحيد","main","01-main.webp","web/public/assets/store/geprc-crocodile7/_shared/01-main.webp","/assets/store/geprc-crocodile7/_shared/01-main.webp","إلزامية","الصورة الرئيسية: المنتج كاملاً على خلفية بيضاء أو فاتحة، بلا قصّ لأي طرف. هذه التي تظهر في بطاقة المتجر.","سبع إنشات بمسافة 315 مم بين المحرّكات — الخيار الوحيد","1:1","1000×1000","1600×1600","400KB","expected but not uploaded"
"geprc-crocodile7","سبع إنشات بمسافة 315 مم بين المحرّكات","GEPRC Crocodile 7 PRO","GEPRC","size-7","مقاس 7 إنش","مسودة","صورة واحدة لكل الخيارات","geprc-crocodile7:standard","الخيار الوحيد","front","02-front.webp","web/public/assets/store/geprc-crocodile7/_shared/02-front.webp","/assets/store/geprc-crocodile7/_shared/02-front.webp","اختيارية","من الأمام مباشرة: تُظهر الكاميرا والهوائيات وترتيب المراوح.","سبع إنشات بمسافة 315 مم بين المحرّكات — الخيار الوحيد، من الأمام","1:1","1000×1000","1600×1600","400KB","expected but not uploaded"
"geprc-crocodile7","سبع إنشات بمسافة 315 مم بين المحرّكات","GEPRC Crocodile 7 PRO","GEPRC","size-7","مقاس 7 إنش","مسودة","صورة واحدة لكل الخيارات","geprc-crocodile7:standard","الخيار الوحيد","side","03-side.webp","web/public/assets/store/geprc-crocodile7/_shared/03-side.webp","/assets/store/geprc-crocodile7/_shared/03-side.webp","اختيارية","من الجانب: تُظهر الارتفاع وترتيب الطبقات والمنافذ.","سبع إنشات بمسافة 315 مم بين المحرّكات — الخيار الوحيد، من الجانب","1:1","1000×1000","1600×1600","400KB","expected but not uploaded"
"geprc-crocodile7","سبع إنشات بمسافة 315 مم بين المحرّكات","GEPRC Crocodile 7 PRO","GEPRC","size-7","مقاس 7 إنش","مسودة","صورة واحدة لكل الخيارات","geprc-crocodile7:standard","الخيار الوحيد","top","05-top.webp","web/public/assets/store/geprc-crocodile7/_shared/05-top.webp","/assets/store/geprc-crocodile7/_shared/05-top.webp","اختيارية","من الأعلى: تُظهر التخطيط العام وأماكن التثبيت.","سبع إنشات بمسافة 315 مم بين المحرّكات — الخيار الوحيد، من الأعلى","1:1","1000×1000","1600×1600","400KB","expected but not uploaded"
"geprc-crocodile7","سبع إنشات بمسافة 315 مم بين المحرّكات","GEPRC Crocodile 7 PRO","GEPRC","size-7","مقاس 7 إنش","مسودة","صورة واحدة لكل الخيارات","geprc-crocodile7:standard","الخيار الوحيد","box","06-box.webp","web/public/assets/store/geprc-crocodile7/_shared/06-box.webp","/assets/store/geprc-crocodile7/_shared/06-box.webp","اختيارية","محتويات الصندوق كما تصل فعلاً — لا صورة دعائية.","محتويات صندوق سبع إنشات بمسافة 315 مم بين المحرّكات — الخيار الوحيد","1:1","1000×1000","1600×1600","400KB","expected but not uploaded"
"iflight-chimera7-eco","سبع إنشات اقتصادية — بلا GPS افتراضياً","iFlight Chimera7 ECO 6S","iFlight","size-7","مقاس 7 إنش","مسودة","صورة واحدة لكل الخيارات","iflight-chimera7-eco:standard","الخيار الوحيد","main","01-main.webp","web/public/assets/store/iflight-chimera7-eco/_shared/01-main.webp","/assets/store/iflight-chimera7-eco/_shared/01-main.webp","إلزامية","الصورة الرئيسية: المنتج كاملاً على خلفية بيضاء أو فاتحة، بلا قصّ لأي طرف. هذه التي تظهر في بطاقة المتجر.","سبع إنشات اقتصادية — بلا GPS افتراضياً — الخيار الوحيد","1:1","1000×1000","1600×1600","400KB","expected but not uploaded"
"iflight-chimera7-eco","سبع إنشات اقتصادية — بلا GPS افتراضياً","iFlight Chimera7 ECO 6S","iFlight","size-7","مقاس 7 إنش","مسودة","صورة واحدة لكل الخيارات","iflight-chimera7-eco:standard","الخيار الوحيد","front","02-front.webp","web/public/assets/store/iflight-chimera7-eco/_shared/02-front.webp","/assets/store/iflight-chimera7-eco/_shared/02-front.webp","اختيارية","من الأمام مباشرة: تُظهر الكاميرا والهوائيات وترتيب المراوح.","سبع إنشات اقتصادية — بلا GPS افتراضياً — الخيار الوحيد، من الأمام","1:1","1000×1000","1600×1600","400KB","expected but not uploaded"
"iflight-chimera7-eco","سبع إنشات اقتصادية — بلا GPS افتراضياً","iFlight Chimera7 ECO 6S","iFlight","size-7","مقاس 7 إنش","مسودة","صورة واحدة لكل الخيارات","iflight-chimera7-eco:standard","الخيار الوحيد","side","03-side.webp","web/public/assets/store/iflight-chimera7-eco/_shared/03-side.webp","/assets/store/iflight-chimera7-eco/_shared/03-side.webp","اختيارية","من الجانب: تُظهر الارتفاع وترتيب الطبقات والمنافذ.","سبع إنشات اقتصادية — بلا GPS افتراضياً — الخيار الوحيد، من الجانب","1:1","1000×1000","1600×1600","400KB","expected but not uploaded"
"iflight-chimera7-eco","سبع إنشات اقتصادية — بلا GPS افتراضياً","iFlight Chimera7 ECO 6S","iFlight","size-7","مقاس 7 إنش","مسودة","صورة واحدة لكل الخيارات","iflight-chimera7-eco:standard","الخيار الوحيد","top","05-top.webp","web/public/assets/store/iflight-chimera7-eco/_shared/05-top.webp","/assets/store/iflight-chimera7-eco/_shared/05-top.webp","اختيارية","من الأعلى: تُظهر التخطيط العام وأماكن التثبيت.","سبع إنشات اقتصادية — بلا GPS افتراضياً — الخيار الوحيد، من الأعلى","1:1","1000×1000","1600×1600","400KB","expected but not uploaded"
"iflight-chimera7-eco","سبع إنشات اقتصادية — بلا GPS افتراضياً","iFlight Chimera7 ECO 6S","iFlight","size-7","مقاس 7 إنش","مسودة","صورة واحدة لكل الخيارات","iflight-chimera7-eco:standard","الخيار الوحيد","box","06-box.webp","web/public/assets/store/iflight-chimera7-eco/_shared/06-box.webp","/assets/store/iflight-chimera7-eco/_shared/06-box.webp","اختيارية","محتويات الصندوق كما تصل فعلاً — لا صورة دعائية.","محتويات صندوق سبع إنشات اقتصادية — بلا GPS افتراضياً — الخيار الوحيد","1:1","1000×1000","1600×1600","400KB","expected but not uploaded"
"betafpv-cetus-lite","أرخص طقم كامل — بمحرّكات مكنَّسة","BetaFPV Cetus Lite FPV Kit","BetaFPV","rtf","جاهزة للطيران","مسودة","صورة واحدة لكل الخيارات","betafpv-cetus-lite:standard","الخيار الوحيد","main","01-main.webp","web/public/assets/store/betafpv-cetus-lite/_shared/01-main.webp","/assets/store/betafpv-cetus-lite/_shared/01-main.webp","إلزامية","الصورة الرئيسية: المنتج كاملاً على خلفية بيضاء أو فاتحة، بلا قصّ لأي طرف. هذه التي تظهر في بطاقة المتجر.","أرخص طقم كامل — بمحرّكات مكنَّسة — الخيار الوحيد","1:1","1000×1000","1600×1600","400KB","expected but not uploaded"
"betafpv-cetus-lite","أرخص طقم كامل — بمحرّكات مكنَّسة","BetaFPV Cetus Lite FPV Kit","BetaFPV","rtf","جاهزة للطيران","مسودة","صورة واحدة لكل الخيارات","betafpv-cetus-lite:standard","الخيار الوحيد","front","02-front.webp","web/public/assets/store/betafpv-cetus-lite/_shared/02-front.webp","/assets/store/betafpv-cetus-lite/_shared/02-front.webp","اختيارية","من الأمام مباشرة: تُظهر الكاميرا والهوائيات وترتيب المراوح.","أرخص طقم كامل — بمحرّكات مكنَّسة — الخيار الوحيد، من الأمام","1:1","1000×1000","1600×1600","400KB","expected but not uploaded"
"betafpv-cetus-lite","أرخص طقم كامل — بمحرّكات مكنَّسة","BetaFPV Cetus Lite FPV Kit","BetaFPV","rtf","جاهزة للطيران","مسودة","صورة واحدة لكل الخيارات","betafpv-cetus-lite:standard","الخيار الوحيد","side","03-side.webp","web/public/assets/store/betafpv-cetus-lite/_shared/03-side.webp","/assets/store/betafpv-cetus-lite/_shared/03-side.webp","اختيارية","من الجانب: تُظهر الارتفاع وترتيب الطبقات والمنافذ.","أرخص طقم كامل — بمحرّكات مكنَّسة — الخيار الوحيد، من الجانب","1:1","1000×1000","1600×1600","400KB","expected but not uploaded"
"betafpv-cetus-lite","أرخص طقم كامل — بمحرّكات مكنَّسة","BetaFPV Cetus Lite FPV Kit","BetaFPV","rtf","جاهزة للطيران","مسودة","صورة واحدة لكل الخيارات","betafpv-cetus-lite:standard","الخيار الوحيد","top","05-top.webp","web/public/assets/store/betafpv-cetus-lite/_shared/05-top.webp","/assets/store/betafpv-cetus-lite/_shared/05-top.webp","اختيارية","من الأعلى: تُظهر التخطيط العام وأماكن التثبيت.","أرخص طقم كامل — بمحرّكات مكنَّسة — الخيار الوحيد، من الأعلى","1:1","1000×1000","1600×1600","400KB","expected but not uploaded"
"betafpv-cetus-lite","أرخص طقم كامل — بمحرّكات مكنَّسة","BetaFPV Cetus Lite FPV Kit","BetaFPV","rtf","جاهزة للطيران","مسودة","صورة واحدة لكل الخيارات","betafpv-cetus-lite:standard","الخيار الوحيد","box","06-box.webp","web/public/assets/store/betafpv-cetus-lite/_shared/06-box.webp","/assets/store/betafpv-cetus-lite/_shared/06-box.webp","اختيارية","محتويات الصندوق كما تصل فعلاً — لا صورة دعائية.","محتويات صندوق أرخص طقم كامل — بمحرّكات مكنَّسة — الخيار الوحيد","1:1","1000×1000","1600×1600","400KB","expected but not uploaded"
"radiomaster-pocket-combo","جهاز تحكّم ومحاكي — الطريق الأرخص للتعلّم","RadioMaster Pocket + Simulator","RadioMaster","rtf","جاهزة للطيران","مسودة","صورة واحدة لكل الخيارات","radiomaster-pocket-combo:standard","الخيار الوحيد","main","01-main.webp","web/public/assets/store/radiomaster-pocket-combo/_shared/01-main.webp","/assets/store/radiomaster-pocket-combo/_shared/01-main.webp","إلزامية","الصورة الرئيسية: المنتج كاملاً على خلفية بيضاء أو فاتحة، بلا قصّ لأي طرف. هذه التي تظهر في بطاقة المتجر.","جهاز تحكّم ومحاكي — الطريق الأرخص للتعلّم — الخيار الوحيد","1:1","1000×1000","1600×1600","400KB","expected but not uploaded"
"radiomaster-pocket-combo","جهاز تحكّم ومحاكي — الطريق الأرخص للتعلّم","RadioMaster Pocket + Simulator","RadioMaster","rtf","جاهزة للطيران","مسودة","صورة واحدة لكل الخيارات","radiomaster-pocket-combo:standard","الخيار الوحيد","front","02-front.webp","web/public/assets/store/radiomaster-pocket-combo/_shared/02-front.webp","/assets/store/radiomaster-pocket-combo/_shared/02-front.webp","اختيارية","من الأمام مباشرة: تُظهر الكاميرا والهوائيات وترتيب المراوح.","جهاز تحكّم ومحاكي — الطريق الأرخص للتعلّم — الخيار الوحيد، من الأمام","1:1","1000×1000","1600×1600","400KB","expected but not uploaded"
"radiomaster-pocket-combo","جهاز تحكّم ومحاكي — الطريق الأرخص للتعلّم","RadioMaster Pocket + Simulator","RadioMaster","rtf","جاهزة للطيران","مسودة","صورة واحدة لكل الخيارات","radiomaster-pocket-combo:standard","الخيار الوحيد","side","03-side.webp","web/public/assets/store/radiomaster-pocket-combo/_shared/03-side.webp","/assets/store/radiomaster-pocket-combo/_shared/03-side.webp","اختيارية","من الجانب: تُظهر الارتفاع وترتيب الطبقات والمنافذ.","جهاز تحكّم ومحاكي — الطريق الأرخص للتعلّم — الخيار الوحيد، من الجانب","1:1","1000×1000","1600×1600","400KB","expected but not uploaded"
"radiomaster-pocket-combo","جهاز تحكّم ومحاكي — الطريق الأرخص للتعلّم","RadioMaster Pocket + Simulator","RadioMaster","rtf","جاهزة للطيران","مسودة","صورة واحدة لكل الخيارات","radiomaster-pocket-combo:standard","الخيار الوحيد","top","05-top.webp","web/public/assets/store/radiomaster-pocket-combo/_shared/05-top.webp","/assets/store/radiomaster-pocket-combo/_shared/05-top.webp","اختيارية","من الأعلى: تُظهر التخطيط العام وأماكن التثبيت.","جهاز تحكّم ومحاكي — الطريق الأرخص للتعلّم — الخيار الوحيد، من الأعلى","1:1","1000×1000","1600×1600","400KB","expected but not uploaded"
"radiomaster-pocket-combo","جهاز تحكّم ومحاكي — الطريق الأرخص للتعلّم","RadioMaster Pocket + Simulator","RadioMaster","rtf","جاهزة للطيران","مسودة","صورة واحدة لكل الخيارات","radiomaster-pocket-combo:standard","الخيار الوحيد","box","06-box.webp","web/public/assets/store/radiomaster-pocket-combo/_shared/06-box.webp","/assets/store/radiomaster-pocket-combo/_shared/06-box.webp","اختيارية","محتويات الصندوق كما تصل فعلاً — لا صورة دعائية.","محتويات صندوق جهاز تحكّم ومحاكي — الطريق الأرخص للتعلّم — الخيار الوحيد","1:1","1000×1000","1600×1600","400KB","expected but not uploaded"
"iflight-xing2-2207","محرّك خمس إنشات — اختر سرعة الدوران بجهد بطاريتك","iFlight XING2 2207","iFlight","motors","المحركات","مسودة","صورة واحدة لكل الخيارات","iflight-xing2-2207:kv1750","1750KV — لبطارية 6S","main","01-main.webp","web/public/assets/store/iflight-xing2-2207/_shared/01-main.webp","/assets/store/iflight-xing2-2207/_shared/01-main.webp","إلزامية","الصورة الرئيسية: المنتج كاملاً على خلفية بيضاء أو فاتحة، بلا قصّ لأي طرف. هذه التي تظهر في بطاقة المتجر.","محرّك خمس إنشات — اختر سرعة الدوران بجهد بطاريتك — 1750KV — لبطارية 6S","1:1","1000×1000","1600×1600","400KB","expected but not uploaded"
"iflight-xing2-2207","محرّك خمس إنشات — اختر سرعة الدوران بجهد بطاريتك","iFlight XING2 2207","iFlight","motors","المحركات","مسودة","صورة واحدة لكل الخيارات","iflight-xing2-2207:kv1750","1750KV — لبطارية 6S","side","03-side.webp","web/public/assets/store/iflight-xing2-2207/_shared/03-side.webp","/assets/store/iflight-xing2-2207/_shared/03-side.webp","اختيارية","من الجانب: تُظهر الارتفاع وترتيب الطبقات والمنافذ.","محرّك خمس إنشات — اختر سرعة الدوران بجهد بطاريتك — 1750KV — لبطارية 6S، من الجانب","1:1","1000×1000","1600×1600","400KB","expected but not uploaded"
"speedybee-f7-v3-fc","متحكّم طيران مفرد بلا مسرّعات","SpeedyBee F7 V3","SpeedyBee","flight-controllers","متحكّمات الطيران","مسودة","صورة واحدة لكل الخيارات","speedybee-f7-v3-fc:standard","الخيار الوحيد","main","01-main.webp","web/public/assets/store/speedybee-f7-v3-fc/_shared/01-main.webp","/assets/store/speedybee-f7-v3-fc/_shared/01-main.webp","إلزامية","الصورة الرئيسية: المنتج كاملاً على خلفية بيضاء أو فاتحة، بلا قصّ لأي طرف. هذه التي تظهر في بطاقة المتجر.","متحكّم طيران مفرد بلا مسرّعات — الخيار الوحيد","1:1","1000×1000","1600×1600","400KB","expected but not uploaded"
"speedybee-f7-v3-fc","متحكّم طيران مفرد بلا مسرّعات","SpeedyBee F7 V3","SpeedyBee","flight-controllers","متحكّمات الطيران","مسودة","صورة واحدة لكل الخيارات","speedybee-f7-v3-fc:standard","الخيار الوحيد","front","02-front.webp","web/public/assets/store/speedybee-f7-v3-fc/_shared/02-front.webp","/assets/store/speedybee-f7-v3-fc/_shared/02-front.webp","اختيارية","من الأمام مباشرة: تُظهر الكاميرا والهوائيات وترتيب المراوح.","متحكّم طيران مفرد بلا مسرّعات — الخيار الوحيد، من الأمام","1:1","1000×1000","1600×1600","400KB","expected but not uploaded"
"speedybee-f7-v3-fc","متحكّم طيران مفرد بلا مسرّعات","SpeedyBee F7 V3","SpeedyBee","flight-controllers","متحكّمات الطيران","مسودة","صورة واحدة لكل الخيارات","speedybee-f7-v3-fc:standard","الخيار الوحيد","back","04-back.webp","web/public/assets/store/speedybee-f7-v3-fc/_shared/04-back.webp","/assets/store/speedybee-f7-v3-fc/_shared/04-back.webp","اختيارية","من الخلف: تُظهر المنافذ والمخارج وموضع البطارية.","متحكّم طيران مفرد بلا مسرّعات — الخيار الوحيد، من الخلف","1:1","1000×1000","1600×1600","400KB","expected but not uploaded"
"holybro-kakute-h7","متحكّم H7 بستّة منافذ UART","Holybro Kakute H7 V2","Holybro","flight-controllers","متحكّمات الطيران","مسودة","صورة واحدة لكل الخيارات","holybro-kakute-h7:standard","الخيار الوحيد","main","01-main.webp","web/public/assets/store/holybro-kakute-h7/_shared/01-main.webp","/assets/store/holybro-kakute-h7/_shared/01-main.webp","إلزامية","الصورة الرئيسية: المنتج كاملاً على خلفية بيضاء أو فاتحة، بلا قصّ لأي طرف. هذه التي تظهر في بطاقة المتجر.","متحكّم H7 بستّة منافذ UART — الخيار الوحيد","1:1","1000×1000","1600×1600","400KB","expected but not uploaded"
"holybro-kakute-h7","متحكّم H7 بستّة منافذ UART","Holybro Kakute H7 V2","Holybro","flight-controllers","متحكّمات الطيران","مسودة","صورة واحدة لكل الخيارات","holybro-kakute-h7:standard","الخيار الوحيد","front","02-front.webp","web/public/assets/store/holybro-kakute-h7/_shared/02-front.webp","/assets/store/holybro-kakute-h7/_shared/02-front.webp","اختيارية","من الأمام مباشرة: تُظهر الكاميرا والهوائيات وترتيب المراوح.","متحكّم H7 بستّة منافذ UART — الخيار الوحيد، من الأمام","1:1","1000×1000","1600×1600","400KB","expected but not uploaded"
"holybro-kakute-h7","متحكّم H7 بستّة منافذ UART","Holybro Kakute H7 V2","Holybro","flight-controllers","متحكّمات الطيران","مسودة","صورة واحدة لكل الخيارات","holybro-kakute-h7:standard","الخيار الوحيد","back","04-back.webp","web/public/assets/store/holybro-kakute-h7/_shared/04-back.webp","/assets/store/holybro-kakute-h7/_shared/04-back.webp","اختيارية","من الخلف: تُظهر المنافذ والمخارج وموضع البطارية.","متحكّم H7 بستّة منافذ UART — الخيار الوحيد، من الخلف","1:1","1000×1000","1600×1600","400KB","expected but not uploaded"
"hobbywing-xrotor-g2","مسرّعات رباعية بورقة بيانات منشورة","Hobbywing XRotor FPV G2 4in1","Hobbywing","escs","وحدات ESC","مسودة","صورة واحدة لكل الخيارات","hobbywing-xrotor-g2:a45","45 أمبير — بلا مخرج جهد","main","01-main.webp","web/public/assets/store/hobbywing-xrotor-g2/_shared/01-main.webp","/assets/store/hobbywing-xrotor-g2/_shared/01-main.webp","إلزامية","الصورة الرئيسية: المنتج كاملاً على خلفية بيضاء أو فاتحة، بلا قصّ لأي طرف. هذه التي تظهر في بطاقة المتجر.","مسرّعات رباعية بورقة بيانات منشورة — 45 أمبير — بلا مخرج جهد","1:1","1000×1000","1600×1600","400KB","expected but not uploaded"
"hobbywing-xrotor-g2","مسرّعات رباعية بورقة بيانات منشورة","Hobbywing XRotor FPV G2 4in1","Hobbywing","escs","وحدات ESC","مسودة","صورة واحدة لكل الخيارات","hobbywing-xrotor-g2:a45","45 أمبير — بلا مخرج جهد","front","02-front.webp","web/public/assets/store/hobbywing-xrotor-g2/_shared/02-front.webp","/assets/store/hobbywing-xrotor-g2/_shared/02-front.webp","اختيارية","من الأمام مباشرة: تُظهر الكاميرا والهوائيات وترتيب المراوح.","مسرّعات رباعية بورقة بيانات منشورة — 45 أمبير — بلا مخرج جهد، من الأمام","1:1","1000×1000","1600×1600","400KB","expected but not uploaded"
"hobbywing-xrotor-g2","مسرّعات رباعية بورقة بيانات منشورة","Hobbywing XRotor FPV G2 4in1","Hobbywing","escs","وحدات ESC","مسودة","صورة واحدة لكل الخيارات","hobbywing-xrotor-g2:a45","45 أمبير — بلا مخرج جهد","back","04-back.webp","web/public/assets/store/hobbywing-xrotor-g2/_shared/04-back.webp","/assets/store/hobbywing-xrotor-g2/_shared/04-back.webp","اختيارية","من الخلف: تُظهر المنافذ والمخارج وموضع البطارية.","مسرّعات رباعية بورقة بيانات منشورة — 45 أمبير — بلا مخرج جهد، من الخلف","1:1","1000×1000","1600×1600","400KB","expected but not uploaded"
"tmotor-f55a-pro-ii","مسرّعات 55 أمبير بمخرج 10 فولت","T-Motor F55A Pro II","T-Motor","escs","وحدات ESC","مسودة","صورة واحدة لكل الخيارات","tmotor-f55a-pro-ii:standard","الخيار الوحيد","main","01-main.webp","web/public/assets/store/tmotor-f55a-pro-ii/_shared/01-main.webp","/assets/store/tmotor-f55a-pro-ii/_shared/01-main.webp","إلزامية","الصورة الرئيسية: المنتج كاملاً على خلفية بيضاء أو فاتحة، بلا قصّ لأي طرف. هذه التي تظهر في بطاقة المتجر.","مسرّعات 55 أمبير بمخرج 10 فولت — الخيار الوحيد","1:1","1000×1000","1600×1600","400KB","expected but not uploaded"
"tmotor-f55a-pro-ii","مسرّعات 55 أمبير بمخرج 10 فولت","T-Motor F55A Pro II","T-Motor","escs","وحدات ESC","مسودة","صورة واحدة لكل الخيارات","tmotor-f55a-pro-ii:standard","الخيار الوحيد","front","02-front.webp","web/public/assets/store/tmotor-f55a-pro-ii/_shared/02-front.webp","/assets/store/tmotor-f55a-pro-ii/_shared/02-front.webp","اختيارية","من الأمام مباشرة: تُظهر الكاميرا والهوائيات وترتيب المراوح.","مسرّعات 55 أمبير بمخرج 10 فولت — الخيار الوحيد، من الأمام","1:1","1000×1000","1600×1600","400KB","expected but not uploaded"
"tmotor-f55a-pro-ii","مسرّعات 55 أمبير بمخرج 10 فولت","T-Motor F55A Pro II","T-Motor","escs","وحدات ESC","مسودة","صورة واحدة لكل الخيارات","tmotor-f55a-pro-ii:standard","الخيار الوحيد","back","04-back.webp","web/public/assets/store/tmotor-f55a-pro-ii/_shared/04-back.webp","/assets/store/tmotor-f55a-pro-ii/_shared/04-back.webp","اختيارية","من الخلف: تُظهر المنافذ والمخارج وموضع البطارية.","مسرّعات 55 أمبير بمخرج 10 فولت — الخيار الوحيد، من الخلف","1:1","1000×1000","1600×1600","400KB","expected but not uploaded"
"tbs-source-one-v5-frame","هيكل خمس إنشات مفتوح المصدر","TBS Source One V5.1 Frame","Team BlackSheep","frames","الهياكل","مسودة","صورة واحدة لكل الخيارات","tbs-source-one-v5-frame:standard","الخيار الوحيد","main","01-main.webp","web/public/assets/store/tbs-source-one-v5-frame/_shared/01-main.webp","/assets/store/tbs-source-one-v5-frame/_shared/01-main.webp","إلزامية","الصورة الرئيسية: المنتج كاملاً على خلفية بيضاء أو فاتحة، بلا قصّ لأي طرف. هذه التي تظهر في بطاقة المتجر.","هيكل خمس إنشات مفتوح المصدر — الخيار الوحيد","1:1","1000×1000","1600×1600","400KB","expected but not uploaded"
"tbs-source-one-v5-frame","هيكل خمس إنشات مفتوح المصدر","TBS Source One V5.1 Frame","Team BlackSheep","frames","الهياكل","مسودة","صورة واحدة لكل الخيارات","tbs-source-one-v5-frame:standard","الخيار الوحيد","top","05-top.webp","web/public/assets/store/tbs-source-one-v5-frame/_shared/05-top.webp","/assets/store/tbs-source-one-v5-frame/_shared/05-top.webp","اختيارية","من الأعلى: تُظهر التخطيط العام وأماكن التثبيت.","هيكل خمس إنشات مفتوح المصدر — الخيار الوحيد، من الأعلى","1:1","1000×1000","1600×1600","400KB","expected but not uploaded"
"tbs-source-one-v5-frame","هيكل خمس إنشات مفتوح المصدر","TBS Source One V5.1 Frame","Team BlackSheep","frames","الهياكل","مسودة","صورة واحدة لكل الخيارات","tbs-source-one-v5-frame:standard","الخيار الوحيد","side","03-side.webp","web/public/assets/store/tbs-source-one-v5-frame/_shared/03-side.webp","/assets/store/tbs-source-one-v5-frame/_shared/03-side.webp","اختيارية","من الجانب: تُظهر الارتفاع وترتيب الطبقات والمنافذ.","هيكل خمس إنشات مفتوح المصدر — الخيار الوحيد، من الجانب","1:1","1000×1000","1600×1600","400KB","expected but not uploaded"
"tbs-source-one-v5-frame","هيكل خمس إنشات مفتوح المصدر","TBS Source One V5.1 Frame","Team BlackSheep","frames","الهياكل","مسودة","صورة واحدة لكل الخيارات","tbs-source-one-v5-frame:standard","الخيار الوحيد","accessories","07-accessories.webp","web/public/assets/store/tbs-source-one-v5-frame/_shared/07-accessories.webp","/assets/store/tbs-source-one-v5-frame/_shared/07-accessories.webp","اختيارية","ما يُضاف أو يُستبدل: بطاريات، مراوح، هوائيات، أسلاك.","ملحقات هيكل خمس إنشات مفتوح المصدر — الخيار الوحيد","1:1","1000×1000","1600×1600","400KB","expected but not uploaded"
"impulserc-apex","هيكل فريستايل بأذرع أمامية وخلفية مختلفة","ImpulseRC ApexDC EVO 5""","ImpulseRC","frames","الهياكل","مسودة","صورة واحدة لكل الخيارات","impulserc-apex:standard","الخيار الوحيد","main","01-main.webp","web/public/assets/store/impulserc-apex/_shared/01-main.webp","/assets/store/impulserc-apex/_shared/01-main.webp","إلزامية","الصورة الرئيسية: المنتج كاملاً على خلفية بيضاء أو فاتحة، بلا قصّ لأي طرف. هذه التي تظهر في بطاقة المتجر.","هيكل فريستايل بأذرع أمامية وخلفية مختلفة — الخيار الوحيد","1:1","1000×1000","1600×1600","400KB","expected but not uploaded"
"impulserc-apex","هيكل فريستايل بأذرع أمامية وخلفية مختلفة","ImpulseRC ApexDC EVO 5""","ImpulseRC","frames","الهياكل","مسودة","صورة واحدة لكل الخيارات","impulserc-apex:standard","الخيار الوحيد","top","05-top.webp","web/public/assets/store/impulserc-apex/_shared/05-top.webp","/assets/store/impulserc-apex/_shared/05-top.webp","اختيارية","من الأعلى: تُظهر التخطيط العام وأماكن التثبيت.","هيكل فريستايل بأذرع أمامية وخلفية مختلفة — الخيار الوحيد، من الأعلى","1:1","1000×1000","1600×1600","400KB","expected but not uploaded"
"impulserc-apex","هيكل فريستايل بأذرع أمامية وخلفية مختلفة","ImpulseRC ApexDC EVO 5""","ImpulseRC","frames","الهياكل","مسودة","صورة واحدة لكل الخيارات","impulserc-apex:standard","الخيار الوحيد","side","03-side.webp","web/public/assets/store/impulserc-apex/_shared/03-side.webp","/assets/store/impulserc-apex/_shared/03-side.webp","اختيارية","من الجانب: تُظهر الارتفاع وترتيب الطبقات والمنافذ.","هيكل فريستايل بأذرع أمامية وخلفية مختلفة — الخيار الوحيد، من الجانب","1:1","1000×1000","1600×1600","400KB","expected but not uploaded"
"impulserc-apex","هيكل فريستايل بأذرع أمامية وخلفية مختلفة","ImpulseRC ApexDC EVO 5""","ImpulseRC","frames","الهياكل","مسودة","صورة واحدة لكل الخيارات","impulserc-apex:standard","الخيار الوحيد","accessories","07-accessories.webp","web/public/assets/store/impulserc-apex/_shared/07-accessories.webp","/assets/store/impulserc-apex/_shared/07-accessories.webp","اختيارية","ما يُضاف أو يُستبدل: بطاريات، مراوح، هوائيات، أسلاك.","ملحقات هيكل فريستايل بأذرع أمامية وخلفية مختلفة — الخيار الوحيد","1:1","1000×1000","1600×1600","400KB","expected but not uploaded"
"tattu-r-line-v5-6s","بطارية سباق 6S بمعدّل تفريغ 150C","Tattu R-Line Version 5.0 6S","Tattu","batteries","البطاريات","مسودة","صورة واحدة لكل الخيارات","tattu-r-line-v5-6s:mah1050","1050 ميلي أمبير/ساعة — 186 غراماً","main","01-main.webp","web/public/assets/store/tattu-r-line-v5-6s/_shared/01-main.webp","/assets/store/tattu-r-line-v5-6s/_shared/01-main.webp","إلزامية","الصورة الرئيسية: المنتج كاملاً على خلفية بيضاء أو فاتحة، بلا قصّ لأي طرف. هذه التي تظهر في بطاقة المتجر.","بطارية سباق 6S بمعدّل تفريغ 150C — 1050 ميلي أمبير/ساعة — 186 غراماً","1:1","1000×1000","1600×1600","400KB","expected but not uploaded"
"tattu-r-line-v5-6s","بطارية سباق 6S بمعدّل تفريغ 150C","Tattu R-Line Version 5.0 6S","Tattu","batteries","البطاريات","مسودة","صورة واحدة لكل الخيارات","tattu-r-line-v5-6s:mah1050","1050 ميلي أمبير/ساعة — 186 غراماً","front","02-front.webp","web/public/assets/store/tattu-r-line-v5-6s/_shared/02-front.webp","/assets/store/tattu-r-line-v5-6s/_shared/02-front.webp","اختيارية","من الأمام مباشرة: تُظهر الكاميرا والهوائيات وترتيب المراوح.","بطارية سباق 6S بمعدّل تفريغ 150C — 1050 ميلي أمبير/ساعة — 186 غراماً، من الأمام","1:1","1000×1000","1600×1600","400KB","expected but not uploaded"
"tattu-r-line-v5-6s","بطارية سباق 6S بمعدّل تفريغ 150C","Tattu R-Line Version 5.0 6S","Tattu","batteries","البطاريات","مسودة","صورة واحدة لكل الخيارات","tattu-r-line-v5-6s:mah1050","1050 ميلي أمبير/ساعة — 186 غراماً","box","06-box.webp","web/public/assets/store/tattu-r-line-v5-6s/_shared/06-box.webp","/assets/store/tattu-r-line-v5-6s/_shared/06-box.webp","اختيارية","محتويات الصندوق كما تصل فعلاً — لا صورة دعائية.","محتويات صندوق بطارية سباق 6S بمعدّل تفريغ 150C — 1050 ميلي أمبير/ساعة — 186 غراماً","1:1","1000×1000","1600×1600","400KB","expected but not uploaded"
"isdt-608ac","شاحن يعمل من الكهرباء مباشرة","ISDT 608AC","ISDT","chargers","الشواحن","مسودة","صورة واحدة لكل الخيارات","isdt-608ac:standard","الخيار الوحيد","main","01-main.webp","web/public/assets/store/isdt-608ac/_shared/01-main.webp","/assets/store/isdt-608ac/_shared/01-main.webp","إلزامية","الصورة الرئيسية: المنتج كاملاً على خلفية بيضاء أو فاتحة، بلا قصّ لأي طرف. هذه التي تظهر في بطاقة المتجر.","شاحن يعمل من الكهرباء مباشرة — الخيار الوحيد","1:1","1000×1000","1600×1600","400KB","expected but not uploaded"
"isdt-608ac","شاحن يعمل من الكهرباء مباشرة","ISDT 608AC","ISDT","chargers","الشواحن","مسودة","صورة واحدة لكل الخيارات","isdt-608ac:standard","الخيار الوحيد","front","02-front.webp","web/public/assets/store/isdt-608ac/_shared/02-front.webp","/assets/store/isdt-608ac/_shared/02-front.webp","اختيارية","من الأمام مباشرة: تُظهر الكاميرا والهوائيات وترتيب المراوح.","شاحن يعمل من الكهرباء مباشرة — الخيار الوحيد، من الأمام","1:1","1000×1000","1600×1600","400KB","expected but not uploaded"
"isdt-608ac","شاحن يعمل من الكهرباء مباشرة","ISDT 608AC","ISDT","chargers","الشواحن","مسودة","صورة واحدة لكل الخيارات","isdt-608ac:standard","الخيار الوحيد","box","06-box.webp","web/public/assets/store/isdt-608ac/_shared/06-box.webp","/assets/store/isdt-608ac/_shared/06-box.webp","اختيارية","محتويات الصندوق كما تصل فعلاً — لا صورة دعائية.","محتويات صندوق شاحن يعمل من الكهرباء مباشرة — الخيار الوحيد","1:1","1000×1000","1600×1600","400KB","expected but not uploaded"
"hota-d6-pro","شاحن مزدوج لبطاريتين معاً","HOTA D6 Pro","HOTA","chargers","الشواحن","مسودة","صورة واحدة لكل الخيارات","hota-d6-pro:standard","الخيار الوحيد","main","01-main.webp","web/public/assets/store/hota-d6-pro/_shared/01-main.webp","/assets/store/hota-d6-pro/_shared/01-main.webp","إلزامية","الصورة الرئيسية: المنتج كاملاً على خلفية بيضاء أو فاتحة، بلا قصّ لأي طرف. هذه التي تظهر في بطاقة المتجر.","شاحن مزدوج لبطاريتين معاً — الخيار الوحيد","1:1","1000×1000","1600×1600","400KB","expected but not uploaded"
"hota-d6-pro","شاحن مزدوج لبطاريتين معاً","HOTA D6 Pro","HOTA","chargers","الشواحن","مسودة","صورة واحدة لكل الخيارات","hota-d6-pro:standard","الخيار الوحيد","front","02-front.webp","web/public/assets/store/hota-d6-pro/_shared/02-front.webp","/assets/store/hota-d6-pro/_shared/02-front.webp","اختيارية","من الأمام مباشرة: تُظهر الكاميرا والهوائيات وترتيب المراوح.","شاحن مزدوج لبطاريتين معاً — الخيار الوحيد، من الأمام","1:1","1000×1000","1600×1600","400KB","expected but not uploaded"
"hota-d6-pro","شاحن مزدوج لبطاريتين معاً","HOTA D6 Pro","HOTA","chargers","الشواحن","مسودة","صورة واحدة لكل الخيارات","hota-d6-pro:standard","الخيار الوحيد","box","06-box.webp","web/public/assets/store/hota-d6-pro/_shared/06-box.webp","/assets/store/hota-d6-pro/_shared/06-box.webp","اختيارية","محتويات الصندوق كما تصل فعلاً — لا صورة دعائية.","محتويات صندوق شاحن مزدوج لبطاريتين معاً — الخيار الوحيد","1:1","1000×1000","1600×1600","400KB","expected but not uploaded"
"runcam-phoenix-2","كاميرا تماثلية شائعة في الفريستايل","RunCam Phoenix 2","RunCam","cameras","الكاميرات","مسودة","صورة واحدة لكل الخيارات","runcam-phoenix-2:standard","الخيار الوحيد","main","01-main.webp","web/public/assets/store/runcam-phoenix-2/_shared/01-main.webp","/assets/store/runcam-phoenix-2/_shared/01-main.webp","إلزامية","الصورة الرئيسية: المنتج كاملاً على خلفية بيضاء أو فاتحة، بلا قصّ لأي طرف. هذه التي تظهر في بطاقة المتجر.","كاميرا تماثلية شائعة في الفريستايل — الخيار الوحيد","1:1","1000×1000","1600×1600","400KB","expected but not uploaded"
"runcam-phoenix-2","كاميرا تماثلية شائعة في الفريستايل","RunCam Phoenix 2","RunCam","cameras","الكاميرات","مسودة","صورة واحدة لكل الخيارات","runcam-phoenix-2:standard","الخيار الوحيد","front","02-front.webp","web/public/assets/store/runcam-phoenix-2/_shared/02-front.webp","/assets/store/runcam-phoenix-2/_shared/02-front.webp","اختيارية","من الأمام مباشرة: تُظهر الكاميرا والهوائيات وترتيب المراوح.","كاميرا تماثلية شائعة في الفريستايل — الخيار الوحيد، من الأمام","1:1","1000×1000","1600×1600","400KB","expected but not uploaded"
"runcam-phoenix-2","كاميرا تماثلية شائعة في الفريستايل","RunCam Phoenix 2","RunCam","cameras","الكاميرات","مسودة","صورة واحدة لكل الخيارات","runcam-phoenix-2:standard","الخيار الوحيد","back","04-back.webp","web/public/assets/store/runcam-phoenix-2/_shared/04-back.webp","/assets/store/runcam-phoenix-2/_shared/04-back.webp","اختيارية","من الخلف: تُظهر المنافذ والمخارج وموضع البطارية.","كاميرا تماثلية شائعة في الفريستايل — الخيار الوحيد، من الخلف","1:1","1000×1000","1600×1600","400KB","expected but not uploaded"
"foxeer-razer-micro","كاميرا تماثلية اقتصادية بزمن تأخير 4 مللي ثانية","Foxeer Micro Razer","Foxeer","cameras","الكاميرات","مسودة","صورة واحدة لكل الخيارات","foxeer-razer-micro:standard","الخيار الوحيد","main","01-main.webp","web/public/assets/store/foxeer-razer-micro/_shared/01-main.webp","/assets/store/foxeer-razer-micro/_shared/01-main.webp","إلزامية","الصورة الرئيسية: المنتج كاملاً على خلفية بيضاء أو فاتحة، بلا قصّ لأي طرف. هذه التي تظهر في بطاقة المتجر.","كاميرا تماثلية اقتصادية بزمن تأخير 4 مللي ثانية — الخيار الوحيد","1:1","1000×1000","1600×1600","400KB","expected but not uploaded"
"foxeer-razer-micro","كاميرا تماثلية اقتصادية بزمن تأخير 4 مللي ثانية","Foxeer Micro Razer","Foxeer","cameras","الكاميرات","مسودة","صورة واحدة لكل الخيارات","foxeer-razer-micro:standard","الخيار الوحيد","front","02-front.webp","web/public/assets/store/foxeer-razer-micro/_shared/02-front.webp","/assets/store/foxeer-razer-micro/_shared/02-front.webp","اختيارية","من الأمام مباشرة: تُظهر الكاميرا والهوائيات وترتيب المراوح.","كاميرا تماثلية اقتصادية بزمن تأخير 4 مللي ثانية — الخيار الوحيد، من الأمام","1:1","1000×1000","1600×1600","400KB","expected but not uploaded"
"foxeer-razer-micro","كاميرا تماثلية اقتصادية بزمن تأخير 4 مللي ثانية","Foxeer Micro Razer","Foxeer","cameras","الكاميرات","مسودة","صورة واحدة لكل الخيارات","foxeer-razer-micro:standard","الخيار الوحيد","back","04-back.webp","web/public/assets/store/foxeer-razer-micro/_shared/04-back.webp","/assets/store/foxeer-razer-micro/_shared/04-back.webp","اختيارية","من الخلف: تُظهر المنافذ والمخارج وموضع البطارية.","كاميرا تماثلية اقتصادية بزمن تأخير 4 مللي ثانية — الخيار الوحيد، من الخلف","1:1","1000×1000","1600×1600","400KB","expected but not uploaded"
"tbs-unify-pro32-nano","مرسل فيديو صغير بأربعة مستويات طاقة","TBS Unify Pro32 Nano 5G8 V1.1","Team BlackSheep","vtx","وحدات البث","مسودة","صورة واحدة لكل الخيارات","tbs-unify-pro32-nano:standard","الخيار الوحيد","main","01-main.webp","web/public/assets/store/tbs-unify-pro32-nano/_shared/01-main.webp","/assets/store/tbs-unify-pro32-nano/_shared/01-main.webp","إلزامية","الصورة الرئيسية: المنتج كاملاً على خلفية بيضاء أو فاتحة، بلا قصّ لأي طرف. هذه التي تظهر في بطاقة المتجر.","مرسل فيديو صغير بأربعة مستويات طاقة — الخيار الوحيد","1:1","1000×1000","1600×1600","400KB","expected but not uploaded"
"tbs-unify-pro32-nano","مرسل فيديو صغير بأربعة مستويات طاقة","TBS Unify Pro32 Nano 5G8 V1.1","Team BlackSheep","vtx","وحدات البث","مسودة","صورة واحدة لكل الخيارات","tbs-unify-pro32-nano:standard","الخيار الوحيد","front","02-front.webp","web/public/assets/store/tbs-unify-pro32-nano/_shared/02-front.webp","/assets/store/tbs-unify-pro32-nano/_shared/02-front.webp","اختيارية","من الأمام مباشرة: تُظهر الكاميرا والهوائيات وترتيب المراوح.","مرسل فيديو صغير بأربعة مستويات طاقة — الخيار الوحيد، من الأمام","1:1","1000×1000","1600×1600","400KB","expected but not uploaded"
"tbs-unify-pro32-nano","مرسل فيديو صغير بأربعة مستويات طاقة","TBS Unify Pro32 Nano 5G8 V1.1","Team BlackSheep","vtx","وحدات البث","مسودة","صورة واحدة لكل الخيارات","tbs-unify-pro32-nano:standard","الخيار الوحيد","back","04-back.webp","web/public/assets/store/tbs-unify-pro32-nano/_shared/04-back.webp","/assets/store/tbs-unify-pro32-nano/_shared/04-back.webp","اختيارية","من الخلف: تُظهر المنافذ والمخارج وموضع البطارية.","مرسل فيديو صغير بأربعة مستويات طاقة — الخيار الوحيد، من الخلف","1:1","1000×1000","1600×1600","400KB","expected but not uploaded"
"foxeer-reaper-extreme","مرسل فيديو عالي الطاقة على نطاق ممتدّ","Foxeer Reaper Extreme V3","Foxeer","vtx","وحدات البث","مسودة","صورة واحدة لكل الخيارات","foxeer-reaper-extreme:standard","الخيار الوحيد","main","01-main.webp","web/public/assets/store/foxeer-reaper-extreme/_shared/01-main.webp","/assets/store/foxeer-reaper-extreme/_shared/01-main.webp","إلزامية","الصورة الرئيسية: المنتج كاملاً على خلفية بيضاء أو فاتحة، بلا قصّ لأي طرف. هذه التي تظهر في بطاقة المتجر.","مرسل فيديو عالي الطاقة على نطاق ممتدّ — الخيار الوحيد","1:1","1000×1000","1600×1600","400KB","expected but not uploaded"
"foxeer-reaper-extreme","مرسل فيديو عالي الطاقة على نطاق ممتدّ","Foxeer Reaper Extreme V3","Foxeer","vtx","وحدات البث","مسودة","صورة واحدة لكل الخيارات","foxeer-reaper-extreme:standard","الخيار الوحيد","front","02-front.webp","web/public/assets/store/foxeer-reaper-extreme/_shared/02-front.webp","/assets/store/foxeer-reaper-extreme/_shared/02-front.webp","اختيارية","من الأمام مباشرة: تُظهر الكاميرا والهوائيات وترتيب المراوح.","مرسل فيديو عالي الطاقة على نطاق ممتدّ — الخيار الوحيد، من الأمام","1:1","1000×1000","1600×1600","400KB","expected but not uploaded"
"foxeer-reaper-extreme","مرسل فيديو عالي الطاقة على نطاق ممتدّ","Foxeer Reaper Extreme V3","Foxeer","vtx","وحدات البث","مسودة","صورة واحدة لكل الخيارات","foxeer-reaper-extreme:standard","الخيار الوحيد","back","04-back.webp","web/public/assets/store/foxeer-reaper-extreme/_shared/04-back.webp","/assets/store/foxeer-reaper-extreme/_shared/04-back.webp","اختيارية","من الخلف: تُظهر المنافذ والمخارج وموضع البطارية.","مرسل فيديو عالي الطاقة على نطاق ممتدّ — الخيار الوحيد، من الخلف","1:1","1000×1000","1600×1600","400KB","expected but not uploaded"
"walksnail-avatar-hd-pro","وحدة رقمية بمستشعر Sony Starvis II","Walksnail Avatar HD Pro Kit","Walksnail","air-units","وحدات الطائرة الرقمية","مسودة","صورة واحدة لكل الخيارات","walksnail-avatar-hd-pro:standard","الخيار الوحيد","main","01-main.webp","web/public/assets/store/walksnail-avatar-hd-pro/_shared/01-main.webp","/assets/store/walksnail-avatar-hd-pro/_shared/01-main.webp","إلزامية","الصورة الرئيسية: المنتج كاملاً على خلفية بيضاء أو فاتحة، بلا قصّ لأي طرف. هذه التي تظهر في بطاقة المتجر.","وحدة رقمية بمستشعر Sony Starvis II — الخيار الوحيد","1:1","1000×1000","1600×1600","400KB","expected but not uploaded"
"walksnail-avatar-hd-pro","وحدة رقمية بمستشعر Sony Starvis II","Walksnail Avatar HD Pro Kit","Walksnail","air-units","وحدات الطائرة الرقمية","مسودة","صورة واحدة لكل الخيارات","walksnail-avatar-hd-pro:standard","الخيار الوحيد","front","02-front.webp","web/public/assets/store/walksnail-avatar-hd-pro/_shared/02-front.webp","/assets/store/walksnail-avatar-hd-pro/_shared/02-front.webp","اختيارية","من الأمام مباشرة: تُظهر الكاميرا والهوائيات وترتيب المراوح.","وحدة رقمية بمستشعر Sony Starvis II — الخيار الوحيد، من الأمام","1:1","1000×1000","1600×1600","400KB","expected but not uploaded"
"walksnail-avatar-hd-pro","وحدة رقمية بمستشعر Sony Starvis II","Walksnail Avatar HD Pro Kit","Walksnail","air-units","وحدات الطائرة الرقمية","مسودة","صورة واحدة لكل الخيارات","walksnail-avatar-hd-pro:standard","الخيار الوحيد","box","06-box.webp","web/public/assets/store/walksnail-avatar-hd-pro/_shared/06-box.webp","/assets/store/walksnail-avatar-hd-pro/_shared/06-box.webp","اختيارية","محتويات الصندوق كما تصل فعلاً — لا صورة دعائية.","محتويات صندوق وحدة رقمية بمستشعر Sony Starvis II — الخيار الوحيد","1:1","1000×1000","1600×1600","400KB","expected but not uploaded"
"hdzero-freestyle-v2","مرسل رقمي يُباع بلا كاميرا","HDZero Freestyle V2 VTX","HDZero","air-units","وحدات الطائرة الرقمية","مسودة","صورة واحدة لكل الخيارات","hdzero-freestyle-v2:standard","الخيار الوحيد","main","01-main.webp","web/public/assets/store/hdzero-freestyle-v2/_shared/01-main.webp","/assets/store/hdzero-freestyle-v2/_shared/01-main.webp","إلزامية","الصورة الرئيسية: المنتج كاملاً على خلفية بيضاء أو فاتحة، بلا قصّ لأي طرف. هذه التي تظهر في بطاقة المتجر.","مرسل رقمي يُباع بلا كاميرا — الخيار الوحيد","1:1","1000×1000","1600×1600","400KB","expected but not uploaded"
"hdzero-freestyle-v2","مرسل رقمي يُباع بلا كاميرا","HDZero Freestyle V2 VTX","HDZero","air-units","وحدات الطائرة الرقمية","مسودة","صورة واحدة لكل الخيارات","hdzero-freestyle-v2:standard","الخيار الوحيد","front","02-front.webp","web/public/assets/store/hdzero-freestyle-v2/_shared/02-front.webp","/assets/store/hdzero-freestyle-v2/_shared/02-front.webp","اختيارية","من الأمام مباشرة: تُظهر الكاميرا والهوائيات وترتيب المراوح.","مرسل رقمي يُباع بلا كاميرا — الخيار الوحيد، من الأمام","1:1","1000×1000","1600×1600","400KB","expected but not uploaded"
"hdzero-freestyle-v2","مرسل رقمي يُباع بلا كاميرا","HDZero Freestyle V2 VTX","HDZero","air-units","وحدات الطائرة الرقمية","مسودة","صورة واحدة لكل الخيارات","hdzero-freestyle-v2:standard","الخيار الوحيد","box","06-box.webp","web/public/assets/store/hdzero-freestyle-v2/_shared/06-box.webp","/assets/store/hdzero-freestyle-v2/_shared/06-box.webp","اختيارية","محتويات الصندوق كما تصل فعلاً — لا صورة دعائية.","محتويات صندوق مرسل رقمي يُباع بلا كاميرا — الخيار الوحيد","1:1","1000×1000","1600×1600","400KB","expected but not uploaded"
"holybro-m10-gps","وحدة GPS ببوصلة وهوائي رقعة 25 مم","Holybro Micro M10 GPS","Holybro","gps","وحدات GPS","مسودة","صورة واحدة لكل الخيارات","holybro-m10-gps:standard","الخيار الوحيد","main","01-main.webp","web/public/assets/store/holybro-m10-gps/_shared/01-main.webp","/assets/store/holybro-m10-gps/_shared/01-main.webp","إلزامية","الصورة الرئيسية: المنتج كاملاً على خلفية بيضاء أو فاتحة، بلا قصّ لأي طرف. هذه التي تظهر في بطاقة المتجر.","وحدة GPS ببوصلة وهوائي رقعة 25 مم — الخيار الوحيد","1:1","1000×1000","1600×1600","400KB","expected but not uploaded"
"holybro-m10-gps","وحدة GPS ببوصلة وهوائي رقعة 25 مم","Holybro Micro M10 GPS","Holybro","gps","وحدات GPS","مسودة","صورة واحدة لكل الخيارات","holybro-m10-gps:standard","الخيار الوحيد","front","02-front.webp","web/public/assets/store/holybro-m10-gps/_shared/02-front.webp","/assets/store/holybro-m10-gps/_shared/02-front.webp","اختيارية","من الأمام مباشرة: تُظهر الكاميرا والهوائيات وترتيب المراوح.","وحدة GPS ببوصلة وهوائي رقعة 25 مم — الخيار الوحيد، من الأمام","1:1","1000×1000","1600×1600","400KB","expected but not uploaded"
"holybro-m10-gps","وحدة GPS ببوصلة وهوائي رقعة 25 مم","Holybro Micro M10 GPS","Holybro","gps","وحدات GPS","مسودة","صورة واحدة لكل الخيارات","holybro-m10-gps:standard","الخيار الوحيد","back","04-back.webp","web/public/assets/store/holybro-m10-gps/_shared/04-back.webp","/assets/store/holybro-m10-gps/_shared/04-back.webp","اختيارية","من الخلف: تُظهر المنافذ والمخارج وموضع البطارية.","وحدة GPS ببوصلة وهوائي رقعة 25 مم — الخيار الوحيد، من الخلف","1:1","1000×1000","1600×1600","400KB","expected but not uploaded"
"flywoo-goku-gm10-pro","وحدة GPS وبوصلة بوزن 7.3 غرام","Flywoo GOKU GM10 Pro V3","Flywoo","gps","وحدات GPS","مسودة","صورة واحدة لكل الخيارات","flywoo-goku-gm10-pro:standard","الخيار الوحيد","main","01-main.webp","web/public/assets/store/flywoo-goku-gm10-pro/_shared/01-main.webp","/assets/store/flywoo-goku-gm10-pro/_shared/01-main.webp","إلزامية","الصورة الرئيسية: المنتج كاملاً على خلفية بيضاء أو فاتحة، بلا قصّ لأي طرف. هذه التي تظهر في بطاقة المتجر.","وحدة GPS وبوصلة بوزن 7.3 غرام — الخيار الوحيد","1:1","1000×1000","1600×1600","400KB","expected but not uploaded"
"flywoo-goku-gm10-pro","وحدة GPS وبوصلة بوزن 7.3 غرام","Flywoo GOKU GM10 Pro V3","Flywoo","gps","وحدات GPS","مسودة","صورة واحدة لكل الخيارات","flywoo-goku-gm10-pro:standard","الخيار الوحيد","front","02-front.webp","web/public/assets/store/flywoo-goku-gm10-pro/_shared/02-front.webp","/assets/store/flywoo-goku-gm10-pro/_shared/02-front.webp","اختيارية","من الأمام مباشرة: تُظهر الكاميرا والهوائيات وترتيب المراوح.","وحدة GPS وبوصلة بوزن 7.3 غرام — الخيار الوحيد، من الأمام","1:1","1000×1000","1600×1600","400KB","expected but not uploaded"
"flywoo-goku-gm10-pro","وحدة GPS وبوصلة بوزن 7.3 غرام","Flywoo GOKU GM10 Pro V3","Flywoo","gps","وحدات GPS","مسودة","صورة واحدة لكل الخيارات","flywoo-goku-gm10-pro:standard","الخيار الوحيد","back","04-back.webp","web/public/assets/store/flywoo-goku-gm10-pro/_shared/04-back.webp","/assets/store/flywoo-goku-gm10-pro/_shared/04-back.webp","اختيارية","من الخلف: تُظهر المنافذ والمخارج وموضع البطارية.","وحدة GPS وبوصلة بوزن 7.3 غرام — الخيار الوحيد، من الخلف","1:1","1000×1000","1600×1600","400KB","expected but not uploaded"
"happymodel-ep1-elrs","مستقبِل ExpressLRS بوزن 0.41 غرام","HappyModel EP1 (ExpressLRS)","HappyModel","receivers","المستقبلات","مسودة","صورة واحدة لكل الخيارات","happymodel-ep1-elrs:standard","الخيار الوحيد","main","01-main.webp","web/public/assets/store/happymodel-ep1-elrs/_shared/01-main.webp","/assets/store/happymodel-ep1-elrs/_shared/01-main.webp","إلزامية","الصورة الرئيسية: المنتج كاملاً على خلفية بيضاء أو فاتحة، بلا قصّ لأي طرف. هذه التي تظهر في بطاقة المتجر.","مستقبِل ExpressLRS بوزن 0.41 غرام — الخيار الوحيد","1:1","1000×1000","1600×1600","400KB","expected but not uploaded"
"happymodel-ep1-elrs","مستقبِل ExpressLRS بوزن 0.41 غرام","HappyModel EP1 (ExpressLRS)","HappyModel","receivers","المستقبلات","مسودة","صورة واحدة لكل الخيارات","happymodel-ep1-elrs:standard","الخيار الوحيد","front","02-front.webp","web/public/assets/store/happymodel-ep1-elrs/_shared/02-front.webp","/assets/store/happymodel-ep1-elrs/_shared/02-front.webp","اختيارية","من الأمام مباشرة: تُظهر الكاميرا والهوائيات وترتيب المراوح.","مستقبِل ExpressLRS بوزن 0.41 غرام — الخيار الوحيد، من الأمام","1:1","1000×1000","1600×1600","400KB","expected but not uploaded"
"happymodel-ep1-elrs","مستقبِل ExpressLRS بوزن 0.41 غرام","HappyModel EP1 (ExpressLRS)","HappyModel","receivers","المستقبلات","مسودة","صورة واحدة لكل الخيارات","happymodel-ep1-elrs:standard","الخيار الوحيد","back","04-back.webp","web/public/assets/store/happymodel-ep1-elrs/_shared/04-back.webp","/assets/store/happymodel-ep1-elrs/_shared/04-back.webp","اختيارية","من الخلف: تُظهر المنافذ والمخارج وموضع البطارية.","مستقبِل ExpressLRS بوزن 0.41 غرام — الخيار الوحيد، من الخلف","1:1","1000×1000","1600×1600","400KB","expected but not uploaded"
"betafpv-superd-elrs","مستقبِل بسلسلتَي استقبال كاملتين","BetaFPV SuperD (ExpressLRS)","BetaFPV","receivers","المستقبلات","مسودة","صورة واحدة لكل الخيارات","betafpv-superd-elrs:ghz24","نسخة 2.4 غيغاهرتز","main","01-main.webp","web/public/assets/store/betafpv-superd-elrs/_shared/01-main.webp","/assets/store/betafpv-superd-elrs/_shared/01-main.webp","إلزامية","الصورة الرئيسية: المنتج كاملاً على خلفية بيضاء أو فاتحة، بلا قصّ لأي طرف. هذه التي تظهر في بطاقة المتجر.","مستقبِل بسلسلتَي استقبال كاملتين — نسخة 2.4 غيغاهرتز","1:1","1000×1000","1600×1600","400KB","expected but not uploaded"
"betafpv-superd-elrs","مستقبِل بسلسلتَي استقبال كاملتين","BetaFPV SuperD (ExpressLRS)","BetaFPV","receivers","المستقبلات","مسودة","صورة واحدة لكل الخيارات","betafpv-superd-elrs:ghz24","نسخة 2.4 غيغاهرتز","front","02-front.webp","web/public/assets/store/betafpv-superd-elrs/_shared/02-front.webp","/assets/store/betafpv-superd-elrs/_shared/02-front.webp","اختيارية","من الأمام مباشرة: تُظهر الكاميرا والهوائيات وترتيب المراوح.","مستقبِل بسلسلتَي استقبال كاملتين — نسخة 2.4 غيغاهرتز، من الأمام","1:1","1000×1000","1600×1600","400KB","expected but not uploaded"
"betafpv-superd-elrs","مستقبِل بسلسلتَي استقبال كاملتين","BetaFPV SuperD (ExpressLRS)","BetaFPV","receivers","المستقبلات","مسودة","صورة واحدة لكل الخيارات","betafpv-superd-elrs:ghz24","نسخة 2.4 غيغاهرتز","back","04-back.webp","web/public/assets/store/betafpv-superd-elrs/_shared/04-back.webp","/assets/store/betafpv-superd-elrs/_shared/04-back.webp","اختيارية","من الخلف: تُظهر المنافذ والمخارج وموضع البطارية.","مستقبِل بسلسلتَي استقبال كاملتين — نسخة 2.4 غيغاهرتز، من الخلف","1:1","1000×1000","1600×1600","400KB","expected but not uploaded"
"lumenier-axii-2","هوائي دائري الاستقطاب — اختر الموصّل والاتجاه","Lumenier AXII 2","Lumenier","antennas","الهوائيات","مسودة","صورة واحدة لكل الخيارات","lumenier-axii-2:sma-rhcp","موصّل SMA — استقطاب يميني","main","01-main.webp","web/public/assets/store/lumenier-axii-2/_shared/01-main.webp","/assets/store/lumenier-axii-2/_shared/01-main.webp","إلزامية","الصورة الرئيسية: المنتج كاملاً على خلفية بيضاء أو فاتحة، بلا قصّ لأي طرف. هذه التي تظهر في بطاقة المتجر.","هوائي دائري الاستقطاب — اختر الموصّل والاتجاه — موصّل SMA — استقطاب يميني","1:1","1000×1000","1600×1600","400KB","expected but not uploaded"
"lumenier-axii-2","هوائي دائري الاستقطاب — اختر الموصّل والاتجاه","Lumenier AXII 2","Lumenier","antennas","الهوائيات","مسودة","صورة واحدة لكل الخيارات","lumenier-axii-2:sma-rhcp","موصّل SMA — استقطاب يميني","front","02-front.webp","web/public/assets/store/lumenier-axii-2/_shared/02-front.webp","/assets/store/lumenier-axii-2/_shared/02-front.webp","اختيارية","من الأمام مباشرة: تُظهر الكاميرا والهوائيات وترتيب المراوح.","هوائي دائري الاستقطاب — اختر الموصّل والاتجاه — موصّل SMA — استقطاب يميني، من الأمام","1:1","1000×1000","1600×1600","400KB","expected but not uploaded"
"foxeer-lollipop-4","هوائي متعدّد الاتجاهات بكسب 2.6 ديسيبل","Foxeer Lollipop 4","Foxeer","antennas","الهوائيات","مسودة","صورة واحدة لكل الخيارات","foxeer-lollipop-4:standard","الخيار الوحيد","main","01-main.webp","web/public/assets/store/foxeer-lollipop-4/_shared/01-main.webp","/assets/store/foxeer-lollipop-4/_shared/01-main.webp","إلزامية","الصورة الرئيسية: المنتج كاملاً على خلفية بيضاء أو فاتحة، بلا قصّ لأي طرف. هذه التي تظهر في بطاقة المتجر.","هوائي متعدّد الاتجاهات بكسب 2.6 ديسيبل — الخيار الوحيد","1:1","1000×1000","1600×1600","400KB","expected but not uploaded"
"foxeer-lollipop-4","هوائي متعدّد الاتجاهات بكسب 2.6 ديسيبل","Foxeer Lollipop 4","Foxeer","antennas","الهوائيات","مسودة","صورة واحدة لكل الخيارات","foxeer-lollipop-4:standard","الخيار الوحيد","front","02-front.webp","web/public/assets/store/foxeer-lollipop-4/_shared/02-front.webp","/assets/store/foxeer-lollipop-4/_shared/02-front.webp","اختيارية","من الأمام مباشرة: تُظهر الكاميرا والهوائيات وترتيب المراوح.","هوائي متعدّد الاتجاهات بكسب 2.6 ديسيبل — الخيار الوحيد، من الأمام","1:1","1000×1000","1600×1600","400KB","expected but not uploaded"
"gemfan-hurricane-51466","مراوح خمس إنشات — القطعة الأكثر استهلاكاً","Gemfan Hurricane 51466 V2","Gemfan","accessories","الإكسسوارات","مسودة","صورة واحدة لكل الخيارات","gemfan-hurricane-51466:standard","الخيار الوحيد","main","01-main.webp","web/public/assets/store/gemfan-hurricane-51466/_shared/01-main.webp","/assets/store/gemfan-hurricane-51466/_shared/01-main.webp","إلزامية","الصورة الرئيسية: المنتج كاملاً على خلفية بيضاء أو فاتحة، بلا قصّ لأي طرف. هذه التي تظهر في بطاقة المتجر.","مراوح خمس إنشات — القطعة الأكثر استهلاكاً — الخيار الوحيد","1:1","1000×1000","1600×1600","400KB","expected but not uploaded"
"gemfan-hurricane-51466","مراوح خمس إنشات — القطعة الأكثر استهلاكاً","Gemfan Hurricane 51466 V2","Gemfan","accessories","الإكسسوارات","مسودة","صورة واحدة لكل الخيارات","gemfan-hurricane-51466:standard","الخيار الوحيد","front","02-front.webp","web/public/assets/store/gemfan-hurricane-51466/_shared/02-front.webp","/assets/store/gemfan-hurricane-51466/_shared/02-front.webp","اختيارية","من الأمام مباشرة: تُظهر الكاميرا والهوائيات وترتيب المراوح.","مراوح خمس إنشات — القطعة الأكثر استهلاكاً — الخيار الوحيد، من الأمام","1:1","1000×1000","1600×1600","400KB","expected but not uploaded"
"battery-strap-set","أحزمة تثبيت البطارية","Battery Strap Set","عام","accessories","الإكسسوارات","مسودة","صورة واحدة لكل الخيارات","battery-strap-set:standard","الخيار الوحيد","main","01-main.webp","web/public/assets/store/battery-strap-set/_shared/01-main.webp","/assets/store/battery-strap-set/_shared/01-main.webp","إلزامية","الصورة الرئيسية: المنتج كاملاً على خلفية بيضاء أو فاتحة، بلا قصّ لأي طرف. هذه التي تظهر في بطاقة المتجر.","أحزمة تثبيت البطارية — الخيار الوحيد","1:1","1000×1000","1600×1600","400KB","expected but not uploaded"
"battery-strap-set","أحزمة تثبيت البطارية","Battery Strap Set","عام","accessories","الإكسسوارات","مسودة","صورة واحدة لكل الخيارات","battery-strap-set:standard","الخيار الوحيد","front","02-front.webp","web/public/assets/store/battery-strap-set/_shared/02-front.webp","/assets/store/battery-strap-set/_shared/02-front.webp","اختيارية","من الأمام مباشرة: تُظهر الكاميرا والهوائيات وترتيب المراوح.","أحزمة تثبيت البطارية — الخيار الوحيد، من الأمام","1:1","1000×1000","1600×1600","400KB","expected but not uploaded"
